<?xml version='1.0' encoding='UTF-8'?>
<text id="AG_OG_010_-Sozialversicherungs_2021-01-06" author="" title="Aargau Obergericht Versicherungsgericht 06.01.2021" source="https://entscheidsuche.ch" page="" topics="Aargau Obergericht Versicherungsgerich" subtopics="" language="de" date="2021-01-06" description="Art. 31 Abs. 1 lit. b AVIG i.V.m. 32 Abs. 1 AVIG; Art. 32 Abs. 4 AVIG i.V.m. Art. 52 Abs. 1 AVIV. | /Sozialversicherungsrecht/Arbeitslosenversicherung" type="AG_OG_010" file="AG_OG_010_-Sozialversicherungs_2021-01-06.pdf" year="2021" decade="2020">
  <body>
    <p type="plain_text">Microsoft Word - 00706023.docx</p>
    <p type="plain_text">Versicherungsgericht</p>
    <p type="plain_text">3. Kammer</p>
    <p type="plain_text">VBE.2020.407 / za / sc</p>
    <p type="plain_text">Art. 5</p>
    <p type="plain_text">Urteil vom 6. Januar 2021</p>
    <p type="plain_text">Besetzung  Oberrichterin Gössi, Präsidentin</p>
    <p type="plain_text">Oberrichter Kathriner</p>
    <p type="plain_text">Oberrichterin Peterhans</p>
    <p type="plain_text">Gerichtsschreiber Zürcher</p>
    <p type="plain_text">Beschwerdeführer</p>
    <p type="plain_text">Verein A.</p>
    <p type="plain_text">Beschwerdegegner</p>
    <p type="plain_text">AWA - Amt für Wirtschaft und Arbeit des Kantons Aargau,</p>
    <p type="plain_text">Rain 53, 5000 Aarau</p>
    <p type="plain_text">Gegenstand  Beschwerdeverfahren betreffend AVIG</p>
    <p type="plain_text">(Einspracheentscheid vom 29. Juni 2020)</p>
    <p type="plain_text">Das Versicherungsgericht entnimmt den Akten:</p>
    <p type="paragraph_mark">1.</p>
    <p type="plain_text">Der Beschwerdeführer ist ein Verein mit Sitz in ________mit dem Zweck, ________. Er nahm mit Eingabe vom 25. März 2020 beim Beschwerdegegner eine Voranmeldung von Kurzarbeit für die Zeit ab dem 16. März 2020 für den Gesamtbetrieb vor. Am 4. Mai 2020 passte der Beschwerdeführer seine Voranmeldung an und unterteilte diese in die Betriebsabteilungen B (14 Mitarbeitende) und C (3 Mitarbeitende). Mit Verfügung vom 7. Mai 2020 erhob der Beschwerdegegner Einspruch gegen die Auszahlung von Kurzarbeitsentschädigung für den Gesamtbetrieb. Eine dagegen erhobene Einsprache hiess der Beschwerdegegner teilweise gut und erhob mit Einspracheentscheid vom 29. Juni 2020 gegen die Auszahlung von Kurzarbeitsentschädigung für die Betriebsabteilung B weiterhin Einspruch, bejahte hingegen einen Anspruch auf Auszahlung von Kurzarbeitsentschädigung für die Betriebsabteilung C für die Zeit vom 17. März 2020 bis 31. August 2020, sofern die übrigen Anspruchsvoraussetzungen erfüllt seien.</p>
    <p type="paragraph_mark">2.</p>
    <p type="paragraph_mark">2.1.</p>
    <p type="plain_text">Dagegen erhob der Beschwerdeführer mit Eingabe vom 31. August 2020 fristgerecht Beschwerde und stellte folgende Anträge: " 1. Der Entscheid des Departements Volkswirtschaft und Inneres, Amt für Wirtschaft und Arbeit, Amtsstelle Arbeitslosenversicherung, vom 29. Juni 2020 sei aufzuheben und wie folgt zu ändern: "Ihre Einsprache wird gutgeheissen. Der Anspruch auf Ausrichtung von Kurzarbeitsentschädigung wird für die Betriebsabteilung "Gesamtbetrieb" bejaht."</p>
    <p type="paragraph_mark">2.</p>
    <p type="plain_text">Eventualiter: Der Entscheid des Departement Volkswirtschaft und Inneres, Amt für Wirtschaft und Arbeit, Amtsstelle Arbeitslosenversicherung, vom 29. Juni 2020 sei aufzuheben und wie folgt zu ändern: "Ihre Einsprache wird gutgeheissen. Der Anspruch auf Ausrichtung von Kurzarbeitentschädigung für die Betriebsabteilungen "C, D, E, F, G, H" wird bejaht."</p>
    <p type="paragraph_mark">3.</p>
    <p type="plain_text">Unter Kosten- und Entschädigungsfolgen (inkl. MWSt) zu Lasten der Beschwerdegegnerin."</p>
    <p type="paragraph_mark">2.2.</p>
    <p type="plain_text">Mit Vernehmlassung vom 15. September 2020 beantragte der Beschwerdegegner die Abweisung der Beschwerde. Das Versicherungsgericht zieht in Erwägung:</p>
    <p type="paragraph_mark">1.</p>
    <p type="plain_text">Streitig und zu prüfen ist der Anspruch des Beschwerdeführers auf Kurzarbeitsentschädigung für die Betriebsabteilung "B". Der Beschwerdegegner lehnte den Anspruch im Wesentlichen mit der Begründung ab, für die Betriebsabteilung "B" bestehe aufgrund der hauptsächlich spendenlastigen Finanzierung kein direkter Kontakt mit dem Markt, somit kein finanzielles Betriebsrisiko und damit kein unmittelbar drohender Arbeitsplatzverlust (Vernehmlassungsbeilage [VB] 15 f.). Der Beschwerdeführer bringt dagegen vor, durch die ________ sei nachweislich ein Spendenrückgang zu verzeichnen. Zudem biete er neben ________ verschiedene Dienstleistungen an, welche sich an eine breite Öffentlichkeit richteten und in direktem Kontakt zum Markt ständen. Zweifelsohne gelte dies für D und E sowie G. Der Personalbestand richte sich nach dem Leistungsangebot. Wenn Angebote wegfielen oder nur noch eingeschränkt möglich seien, komme es zu Arbeitsausfällen, welche einen Personalabbau zur Folge haben könnten. Es bestehe daher durchaus ein Betriebsrisiko (Beschwerde S. 8 f.). Sollte ein Anspruch für den Gesamtbetrieb verneint werden, weil ________als solcher nicht als anspruchsberechtigt gelte, sei der Anspruch für die Betriebsabteilungen "C, D, E, F, G, H" zu bejahen (Beschwerde S. 10).</p>
    <p type="paragraph_mark">2.</p>
    <p type="paragraph_mark">2.1.</p>
    <p type="plain_text">Vorab wird die Möglichkeit einer Aufteilung des Gesamtbetriebes (ohne C) in die Abteilungen D, E, F, G, H geprüft, wobei zusätzlich der Betriebsteil B (betreffend ________usw. [vgl. Beschwerde S. 3]) entstehen würde.</p>
    <p type="paragraph_mark">2.2.</p>
    <p type="paragraph_mark">2.2.1.</p>
    <p type="plain_text">Gemäss Art. 31 Abs. 1 AVIG haben Arbeitnehmer, deren normale Arbeitszeit verkürzt oder deren Arbeit ganz eingestellt ist, Anspruch auf Kurzarbeitsentschädigung, wenn sie für die Versicherung beitragspflichtig sind oder das Mindestalter für die Beitragspflicht in der AHV noch nicht erreicht haben (lit. a), der Arbeitsausfall anrechenbar ist (lit. b), das Arbeitsverhältnis nicht gekündigt ist (lit. c) und der Arbeitsausfall voraussichtlich vorübergehend ist und erwartet werden darf, dass durch Kurzarbeit ihre Arbeitsplätze erhalten werden können (lit. d). Diese Voraussetzungen müssen kumulativ erfüllt sein (BGE 121 V 371 E. 2a S. 373 f.). Damit der Arbeitsausfall angerechnet werden kann, wird vorausgesetzt, dass dieser je Abrechnungsperiode mindestens 10 Prozent der Arbeitsstunden ausmacht, die von den Arbeitnehmern des Betriebes normalerweise insgesamt geleistet werden (Art. 32 Abs. 1 lit. b AVIG).</p>
    <p type="paragraph_mark">2.2.2.</p>
    <p type="plain_text">Nach Art. 32 Abs. 4 AVIG bestimmt der Bundesrat, unter welchen Voraussetzungen eine Betriebsabteilung einem Betrieb gleichgestellt ist. Gemäss dem gestützt auf diese Bestimmung erlassenen Art. 52 Abs. 1 AVIV ist dies der Fall, wenn sie eine mit eigenen personellen und technischen Mitteln ausgestattete organisatorische Einheit bildet, die einer eigenen innerbetrieblichen Leitung untersteht oder Leistungen erbringt, die auch von selbständigen Betrieben erbracht und auf dem Markt angeboten werden könnten. Gegen eine Betriebsabteilung spricht gemäss Rz. C33 ff. des Kreisschreibens des SECO über die Kurzarbeitsentschädigung in den massgeblichen Fassungen (KS KAE) eine enge personelle und technische Verflechtung mit anderen betrieblichen Einheiten wie z.B. reger Personalaustausch von einer Abteilung zur anderen. Keine Betriebsabteilung liege vor, wenn die Gruppe nur wenige Arbeitnehmende oder gar nur einzelne Personen erfasse. Ein Unternehmen kann zudem nicht künstlich in Betriebssektoren aufgeteilt werden, nur um in den Genuss des kontinuierlichen Anspruchs auf die Zulage für seine verschiedenen Bereiche zu kommen oder um die Mindestschwelle von 10 % für den Anspruch auf Kurzarbeitsentschädigung erreichen zu können (RUBIN BORIS, in: Commentaire de la loi sur l'assurance-chômage, 2014, N. 23 zu Art. 32 AVIG)</p>
    <p type="paragraph_mark">2.3.</p>
    <p type="plain_text">In der vom Beschwerdeführer ins Recht gelegten "Übersicht über den Rückgang der Einnahmen" im Vorjahresvergleich gehen für die verschiedenen Tätigkeitsbereiche im Jahr 2019 hochgerechnet auf zwölf Monate gerundet folgende Umsätze hervor (Beschwerdebeilage [Bb] 2; in Klammer die Erträge gemäss Übersicht "Finanzierung A 2019" [VB 70]): E:   Fr. 21'900.00 D:   Fr. 11'250.00 G: Fr. 3'400.00 (keine Angabe) H: Fr. 9'100.00 (Fr. 11'003.00) F: keine Angabe  (Fr. 715.00) ("________": Fr. 58'271.00)</p>
    <p type="paragraph_mark">2.4.</p>
    <p type="plain_text">Weder weisen diese Umsätze je Betriebsabteilung auf einen Personalaufwand von mehr als (wenn überhaupt) einer Vollzeitstelle hin, noch geht aus den Akten hervor, dass die entsprechenden Angestellten nur einer der genannten Betriebsabteilung zuzuordnen wären. Vielmehr weisen die Ausführungen des Beschwerdeführers in seiner Voranmeldung von Kurzarbeit vom 25. März 2020, wonach E und G via Z AG betrieben würden und die Lohnkosten "bei Bedarf" an die Z AG weiterverrechnet würden (VB 74), sowie der in der "Übersicht über den Rückgang der Einnahmen" nicht ausgewiesene Personalaufwand (Bb 2; sofern aufgrund dessen Mangel überhaupt von entlöhnter und nicht freiwilliger Arbeit durch die Vereinsmitglieder auszugehen ist) auf eine enge personelle und technische Verflechtung sämtlicher Mitarbeitenden zwischen den vorgebrachten betrieblichen Bereichen selbst sowie dem Bereich B hin. Vor diesem Hintergrund ist eine über den Bereich C hinausgehende Aufteilung des Gesamtbetriebes in Betriebsabteilungen ausgeschlossen. Es bleibt demnach der Anspruch des Gesamtbetriebes (ohne C) auf Kurzarbeitsentschädigung zu prüfen.</p>
    <p type="paragraph_mark">3.</p>
    <p type="paragraph_mark">3.1.</p>
    <p type="plain_text">Neben der Verhinderung des Eintritts von Ganzarbeitslosigkeit dient die Kurzarbeitsentschädigung der Erhaltung von Arbeitsplätzen im Interesse sowohl der Arbeitnehmer als auch der Arbeitgeber, indem die Möglichkeit der Erhaltung eines intakten Produktionsapparates über die Zeit der Kurzarbeit hinweg geboten wird (BARBARA KUPFER BUCHER, Rechtsprechung des Bundesgerichts zum Sozialversicherungsrecht, Rechtsprechung des Bundesgerichts zum AVIG, 5. Aufl. 2019, S. 18 ff. mit Verweis auf BGE 120 V 521 E. 3b S. 525; BGE 121 V 371 E. 3a S. 375). Nach Art. 32 Abs. 1 AVIG ist ein Arbeitsausfall als Grundvoraussetzung des Anspruchs auf Kurzarbeitsentschädigung (vgl. E. 2.2.1. hiervor) sodann grundsätzlich nur dann anrechenbar, wenn er auf einen wirtschaftlichen Grund zurückzuführen ist, der die Existenz des Unternehmens gefährden könnte. Liegt hingegen kein Betriebsrisiko vor, wie dies beispielsweise regelmässig bei öffentlich-rechtlichen Arbeitgebern der Fall ist, besteht kein Anspruch auf Kurzarbeitsentschädigung (RUBIN BORIS, in: Commentaire de la loi sur l'assurance-chômage, 2014, N. 22 zu Art. 31 AVIG). Ein anrechenbarer Arbeitsausfall und damit ein Anspruch auf Kurzarbeitsentschädigung besteht demnach nur dann, wenn durch die wirtschaftlich (oder vorliegend durch behördliche Massnahmen) bedingten ausfallenden Arbeitsstunden Güter oder Dienstleistungen nicht produziert oder erbracht werden können und dadurch ein direkt dem Produkt oder der Dienstleistung zuordenbarer Ertrag bzw. Entgelt wegfällt (vgl. auch SECO Weisung Aktualisierung «Sonderregelungen aufgrund der Pandemie in den Fassung 2020/08 bis 2020/12 [jeweils rückwirkend gültig ab 1. März 2020], wonach die Kurzarbeitsentschädigung für Unternehmen eingeführt worden sei, die Waren herstellen, Dienstleistungen erbringen, in einem direkten Kontakt mit dem Markt stehen und ihr eigenes Betriebsrisiko tragen [unterschiedliche Fundstellen, vgl. bspw. Weisung 2020/08 S. 7]; abgelöst durch die Fassung 2020/15 [rückwirkend gültig ab 1. März 2020], wonach eine Organisation, z.B. ein Verein oder eine Genossenschaft, deren Zweckbestimmung das Wohlergehen ihrer Mitglieder sei und die sich durch Mitgliederbeiträge finanziere, keine wirtschaftliche Einbusse erleide und die Arbeitsplätze nicht gefährdet seien. Daher bestehe kein Anspruch auf Kurzarbeitsentschädigung, auch wenn die Arbeit von Angestellten vorübergehend aufgrund behördlicher Massnahmen ausgesetzt werden müsse. Ein Verein, der Leistungen erbringe und sich aus den dafür erhaltenen Entgelten finanziere (z.B. Verkaufserlöse, Eintrittsgebühren), könne jedoch aufgrund behördlicher Massnahmen eine wirtschaftliche Einbusse erleiden und die Arbeitsplätze könnten gefährdet sein. Daher könne der Anspruch auf Kurzarbeitsentschädigung erfüllt sein, wenn die übrigen Bedingungen erfüllt seien [Arbeitsausfall unvermeidbar, nicht durch wirtschaftlich tragbare Massnahmen vermeidbar, mindestens 10 %, vorübergehend, Art der Arbeitsverträge] [Weisung 2020/15 S. 13]). Als Entgelt gilt ein Vermögenswert, den der Empfänger oder an seiner Stelle eine Drittperson für den Erhalt einer Leistung aufwendet. Zwischen Leistung und Entgelt muss eine innere wirtschaftliche Verknüpfung bestehen (GEIGER FELIX, in: GEIGER FELIX/SCHLUCKEBIER REGINE, MWSTG Kommentar, Schweizerisches Bundesgesetz über die Mehrwertsteuer, 2. Aufl., Zürich 2019, zu Art. 3 Begriffe N. 59). Spenden, als freiwillige Zuwendung, ohne dass hierfür eine Gegenleistung im mehrwertsteuerlichen Sinn erwartet wird (vgl. Legaldefinition Spende in Art. 3 lit. i MWSTG), kommt dieser direkte Leistungscharakter nicht zu. Ein Arbeitsausfall, der einzig einen Rückgang von Spenden zur Folge hat, ist daher nicht anrechenbar im Sinne von Art. 31 ff. AVIG (vgl. auch Antwort des Bundesrates vom 19. August 2020 auf die Anfrage 20.1006 von Christian Dandrès vom 4. Mai 2020, wonach ein Rückgang der Spenden keinen Arbeitsausfall darstelle und deshalb nicht als Begründung für einen Anspruch auf Kurzarbeitsentschädigung vorgebracht werden könne).</p>
    <p type="paragraph_mark">3.2.</p>
    <p type="plain_text">Nach dem Dargelegten stellt ein vom Beschwerdeführer aufgrund der COVID-19 Massnahmen des Bundes erlittener Wegfall von Dienstleistungsmöglichkeiten, welche einzig mittels Spenden und nicht direkter Leistungsvergütung finanziert wurden, keinen anrechenbaren Arbeitsausfall im Sinne von Art. 31 Abs. 1 lit. b bzw. Art. 32 Abs. 1 AVIG dar, womit dieser bei der Beurteilung des Anspruchs auf Kurzarbeitsentschädigung ausser Betracht fällt.</p>
    <p type="paragraph_mark">3.3.</p>
    <p type="plain_text">Gemäss Aufstellung "Finanzierung A 2019" (Bb 4) stellte sich der anteilige Ertrag des Beschwerdeführers im Jahr 2019 aus Spenden unter Ausklammerung der Betriebsabteilung C wie folgt zusammen: Bezeichnung   Betrag in Fr.  Anteil in % Spenden und Sponsoring   1'544'483.00 88.3 Übriger Ertrag (exkl. Verlust)   204'511.00 11.7 Total   1'748'994.00 100.0 Der "übrige Ertrag" stellt sich unter anderem aus den gemäss "Übersicht über den Rückgang der Einnahmen" erzielten Erträgen aus D, F, H usw. (vgl. E. 2.3. hiervor) sowie Erträgen aus ________ [Veranstaltungen] zusammen. Anhand der in der "Übersicht über den Rückgang der Einnahmen" aufgeführten Erträge sowie dem diesen gegenübergestellten Aufwand, welcher weder Personalkosten noch Aufwendungen im Bereich Räumlichkeiten, Einrichtungen, Strom usw. enthält, sondern sich im Wesentlichen auf die verkauften Produkte beschränkt, ist zu schliessen, dass in diesen Tätigkeitsbereichen mehrheitlich ein negativer Erfolg erzielt und mittels Spenden querfinanziert wird. Dies erscheint insofern nachvollziehbar, als es im Vereinsleben üblich ist, dass die Vereinsmitglieder im Wesentlichen durch Bezahlung des Mitgliederbeitrages (bzw. vorliegend Spenden) den Verein finanziell unterstützen und sich an zusätzlichen Vereinsangeboten (wie ________) grundsätzlich nur im ungefähren Umfang der Selbstkosten beteiligen. Ein weiteres Indiz hierfür sind beispielsweise die gemäss Homepage des Beschwerdeführers festgesetzten Kosten für die ________ [Veranstaltung] J in Höhe von Fr. ________ pro Person ________. Der Preis ________reicht nach der allgemeinen Lebenserfahrung nicht zur Deckung der Fixkosten aus bzw. ist dieser selbst bei sehr günstigen ________Verhältnissen ________ höchstens kostendeckend (________). Der Wegfall solch maximal zum Selbstkostenpreis angebotener ________ [Veranstaltungen] führt folglich nicht zu einem Einkommensausfall, sondern möglicherweise sogar zu Einsparungen.</p>
    <p type="paragraph_mark">3.4.</p>
    <p type="plain_text">Unter Berücksichtigung des soeben Dargelegten sowie der in E. 2.3. f. hiervor dargelegten Umsatz- / Aufwandsangaben kämen als anrechenbarer Arbeitsausfall gemäss der Übersicht "Finanzierung A 2019" (VB 70), wenn überhaupt, einzig eine Verhinderung der Arbeitsleistung in den Bereichen K und L in Frage. Da es sich hierbei aber lediglich um einen Umsatzanteil von rund 0.3 % handelt ([Fr. 1'393.00 + Fr. 3'598.00] / 1'748'994.00) würde der gesetzliche Mindestausfall von 10 % ohnehin nicht erreicht. Eine weitere Prüfung der einzelnen Positionen erübrigt sich daher. Da die Voraussetzungen von Art. 31 Abs. 1 i.V.m. Art. 32 Abs. 1 lit. b AVIG kumulativ vorliegen müssen und mindestens die Voraussetzung des anrechenbaren Arbeitsausfalls nicht erfüllt ist, verneinte der Beschwerdegegner mit Einspracheentscheid vom 29. Juni 2020 einen Anspruch auf Kurzarbeitsentschädigung des Beschwerdeführers zu Recht, weshalb die dagegen erhobene Beschwerde abzuweisen ist.</p>
    <p type="paragraph_mark">4.</p>
    <p type="paragraph_mark">4.1.</p>
    <p type="plain_text">Das Verfahren ist kostenlos (Art. 61 lit. a ATSG).</p>
    <p type="paragraph_mark">4.2.</p>
    <p type="plain_text">Dem Beschwerdeführer steht nach dem Ausgang des Verfahrens (Art. 61 lit. g ATSG) und dem Beschwerdegegner aufgrund seiner Stellung als Sozialversicherungsträger (BGE 126 V 143) kein Anspruch auf Parteientschädigung zu. Das Versicherungsgericht erkennt:</p>
    <p type="paragraph_mark">1.</p>
    <p type="plain_text">Die Beschwerde wird abgewiesen.</p>
    <p type="paragraph_mark">2.</p>
    <p type="plain_text">Es werden keine Verfahrenskosten erhoben.</p>
    <p type="paragraph_mark">3.</p>
    <p type="plain_text">Es wird keine Parteientschädigung zugesprochen. Zustellung an: den Beschwerdeführer den Beschwerdegegner das Staatssekretariat für Wirtschaft (SECO) Beschwerde in öffentlich-rechtlichen Angelegenheiten Gegen diesen Entscheid kann innert 30 Tagen seit der Zustellung beim Bundesgericht Beschwerde eingereicht werden (Art. 82 ff. in Verbindung mit Art. 90 ff. BGG). Die Frist steht während folgender Zeiten still: vom siebten Tag vor Ostern bis und mit dem siebten Tag nach Ostern, vom 15. Juli bis und mit 15. August sowie vom 18. Dezember bis und mit dem 2. Januar (Art. 46 BGG). Die Beschwerdeschrift ist dem Bundesgericht, Schweizerhofquai 6, 6004 Luzern, zuzustellen. Die Beschwerdeschrift hat die Begehren, deren Begründung mit Angabe der Beweismittel und die Unterschrift des Beschwerdeführers oder seines Vertreters zu enthalten; der angefochtene Entscheid sowie die als Beweismittel angerufenen Urkunden sind beizulegen, soweit die Partei sie in Händen hat (Art. 42 BGG). Beschwerde in öffentlich-rechtlichen Angelegenheiten Gegen diesen Entscheid kann innert 30 Tagen seit der Zustellung beim Bundesgericht Beschwerde eingereicht werden (Art. 82 ff. in Verbindung mit Art. 90 ff. BGG). Die Frist steht während folgender Zeiten still: vom siebten Tag vor Ostern bis und mit dem siebten Tag nach Ostern, vom 15. Juli bis und mit 15. August sowie vom 18. Dezember bis und mit dem 2. Januar (Art. 46 BGG). Die Beschwerdeschrift ist dem Bundesgericht, Schweizerhofquai 6, 6004 Luzern, zuzustellen. Die Beschwerdeschrift hat die Begehren, deren Begründung mit Angabe der Beweismittel und die Unterschrift des Beschwerdeführers oder seines Vertreters zu enthalten; der angefochtene Entscheid sowie die als Beweismittel angerufenen Urkunden sind beizulegen, soweit die Partei sie in Händen hat (Art. 42 BGG). Aarau, 6. Januar 2021 Versicherungsgericht des Kantons Aargau 3. Kammer Die Präsidentin: Der Gerichtsschreiber: Gössi Zürcher</p>
  </body>
  <body_footnote />
</text>