<?xml version='1.0' encoding='UTF-8'?>
<text id="BE_OG_008_BK-2019-503_2019-12-09" author="" title="Bern Obergericht Beschwerdekammer in Strafsachen 09.12.2019 BK 2019 503" source="https://entscheidsuche.ch" page="1–7" topics="Bern Obergericht Beschwerdekammer in Strafsache" subtopics="" language="de" date="2019-12-09" description="Beweisanträge | Andere Verfügungen StA, Polizei (393-a)" type="BE_OG_008" file="BE_OG_008_BK-2019-503_2019-12-09.pdf" year="2019" decade="2010">
  <body>
    <p type="plain_text">Briefkopf</p>
    <p type="plain_text">Obergerichtdes Kantons Bern</p>
    <p type="plain_text">Beschwerdekammer in Strafsachen</p>
    <p type="plain_text">Cour suprêmedu canton de Berne</p>
    <p type="plain_text">Chambre de recours pénale</p>
    <p type="plain_text">BeschlussBK 19 503</p>
    <p type="plain_text">Hochschulstrasse 17Postfach3001 BernTelefon +41 31 635 48 09Fax +41 31 634 50 54obergericht-straf.bern@justice.be.chwww.justice.be.ch/obergericht Bern, 9. Dezember 2019</p>
    <p type="plain_text">Besetzung Oberrichterin Schnell (Präsidentin), Oberrichterin Bratschi, Oberrichter J. BählerGerichtsschreiber Müller</p>
    <p type="plain_text">Verfahrensbeteiligte A.________a.v.d. Rechtsanwalt B.________</p>
    <p type="plain_text">Beschuldigter/Beschwerdeführer</p>
    <p type="plain_text">Generalstaatsanwaltschaft des Kantons Bern, Nordring 8, Postfach, 3001 Bern</p>
    <p type="plain_text">Gegenstand Beweisanträge</p>
    <p type="plain_text">Strafverfahren wegen Gefährdung des Lebens sowie Drohung</p>
    <p type="plain_text">Beschwerde gegen die Verfügung der Regionalen Staatsanwaltschaft Berner Jura-Seeland vom 15. November 2019(BJS 19 2915)</p>
    <p type="plain_text">Erwägungen:</p>
    <p type="paragraph_mark">1.</p>
    <p type="plain_text">Die Regionale Staatsanwaltschaft Berner Jura-Seeland (nachfolgend: Staatsanwaltschaft) führt gegen A.________ (nachfolgend: Beschwerdeführer) ein Strafverfahren wegen Gefährdung des Lebens sowie Drohung. Am 15. November 2019 verfügte die Staatsanwaltschaft, dass seine Beweisanträge vom 20. August 2019 abgewiesen würden. Dagegen erhob er, amtlich vertreten durch Rechtsanwalt B.________, am 22. November 2019 Beschwerde und stellte folgende Rechtsbegehren:1. Die Verfügung der Staatsanwaltschaft Region Berner Jura-Seeland vom 15. November 2019 sei aufzuheben, und es seien die mit Eingabe vom 20. August 2019 bei der Staatsanwaltschaft Region Berner Jura-Seeland gestellten Beweisanträge gutzuheissen.</p>
    <p type="paragraph_mark">2.</p>
    <p type="plain_text">Die amtliche Verteidigung sei auf das vorliegende Verfahren auszudehnen Unter Kosten- und Entschädigungsfolgen Am 27. November 2019 eröffnete die Verfahrensleitung einen Schriftenwechsel und bestimmte, dass die dem Beschwerdeführer mit Verfügung vom 29. Juli 2019 gewährte amtliche Verteidigung auch für das Beschwerdeverfahren gelte. In ihrer Stellungnahme vom 29. November 2019 beantragte die Generalstaatsanwaltschaft, auf die Beschwerde sei unter Kostenfolge nicht einzutreten. Mit Replik vom 2. Dezember 2019 hielt der Beschwerdeführer an seinen Rechtsbegehren fest.</p>
    <p type="paragraph_mark">2.</p>
    <p type="plain_text">Die Beschwerde richtet sich gegen eine Verfügung der Staatsanwaltschaft, weshalb diese gemäss Art. 393 Abs. 1 Bst. a der Strafprozessordnung (StPO; SR 312) grundsätzlich zulässig ist. Da die angefochtene Verfügung die Ablehnung von Beweisanträgen zum Gegenstand hat, ist die Beschwerde aber nur unter gewissen Umständen zulässig. Der Entscheid betreffend Abweisung von Beweisanträgen ist gemäss Art. 394 Bst. b StPO beschwerdefähig, wenn der Antrag nicht ohne Rechtsnachteil vor dem erstinstanzlichen Gericht wiederholt werden kann (LANDSHUT/BOSSHARD, in: Kommentar zur Schweizerischen Strafprozessordnung, 2. Aufl. 2014, N. 13 zu Art. 318 StPO, mit Hinweisen). Ein solcher Rechtsnachteil liegt vor allem dann vor, wenn die Beweisabnahme keinen Aufschub verträgt, insbesondere weil sonst ein Beweisverlust droht (Urteil des Bundesgerichts 1B_73/2013 vom 21. Mai 2014 E. 1.4). Der Nachweis des drohenden Rechtsnachteils obliegt der beschwerdeführenden Person. Sie hat zu begründen, weshalb der beantragte Beweis von entscheidender Bedeutung für das Verfahren ist, sowie nachzuweisen, dass ein Zuwarten mit der Beweisabnahme aller Voraussicht nach zu einem Beweisverlust führen würde (GUIDON, in: Basler Kommentar, Schweizerische Strafprozessordnung, 2. Aufl. 2014, N. 6 zu Art. 394 StPO). Gemäss bundesgerichtlicher Rechtsprechung muss ein konkretes Risiko des Beweisverlusts bestehen; eine bloss theoretische Möglichkeit reicht nicht aus (Urteil des Bundesgerichts 1B_189/2012 vom 17. August 2012 E. 2.1). Ein solcher Rechtsnachteil wird beispielsweise dann zu bejahen sein, wenn eine hoch betagte, todkranke oder sich nur vorübergehend in der Schweiz aufhaltende Person einvernommen werden soll (SCHMID, Schweizerische Strafprozessordnung Praxiskommentar, 3. Aufl. 2018, N. 3 zu Art. 394 StPO; GUIDON, a.a.O., N. 6 zu Art. 394 StPO) Der Beschwerdeführer hatte am 20. August 2019 folgende Beweisanträge gestellt:1 Es seien betr. C.________ die Strafakten hinsichtlich Führen eines Motorfahrzeuges in angetrunkenem Zustand beizuziehen, bzw. hinter der zuständigen Staatsanwaltschaft zu edieren.</p>
    <p type="paragraph_mark">2.</p>
    <p type="plain_text">Es seien betr. C.________ die Akten sämtlicher Administrativverfahren hinter dem Stras-senverkehrs- und Schifffahrtsamt des Kantons Bern zu edieren</p>
    <p type="paragraph_mark">3.</p>
    <p type="plain_text">Es sei betr. C.________ ein Strafregisterauszug einzuholen</p>
    <p type="paragraph_mark">4.</p>
    <p type="plain_text">Es sei betr. C.________ ein medizinisches Gutachten zu seinem Alkoholmissbrauch, bzw. zu seiner Alkoholsucht einzuholen Der Beschwerdeführer hält zum möglichen Rechtsnachteil fest, dass zumindest hinsichtlich des medizinischen Gutachtens die konkrete Gefahr eines Beweisverlusts bestehe, wenn dieses nicht zeitnah erstellt werde. Was die übrigen Beweisanträge betreffe, sei zwar einzuräumen, dass diese isoliert betrachtet ohne Rechtsnachteil im Verfahren vor dem erstinstanzlichen Gericht wiederholt werden könnten. Im Kontext zum zeitnah zu erstellenden Gutachten über C.________ seien diese Beweismassnahmen jedoch ebenfalls dringend, zumal der Gutachter sich mit den aus jenen – ebenfalls mit den Alkoholproblemen von C.________ in Zusammenhang stehenden – Beweismassnahmen ergebenden Informationen ein besseres Bild über den Exploranden machen und infolgedessen ein aussagekräftigeres Gutachten erstellen könne. Somit bestehe auch hinsichtlich der Anträge Nr. 1 bis 3 bei einer Ablehnung die konkrete Gefahr eines Rechtsnachteils. Hinsichtlich der Anträge Nr. 1 bis 3 vermag die Kammer nicht zu erkennen, inwiefern ein Rechtsnachteil drohen soll. Es besteht kein konkretes Risiko eines Beweisverlusts. Daran ändert der vom Beschwerdeführer behauptete Konnex zum Beweisantrag Nr. 4 nichts. Die Beweisanträge auf Edition der Strafakten und der Akten der Administrativverfahren sowie die Einholung eines Strafregisterauszugs betreffend C.________ können ohne Rechtsnachteil beim erstinstanzlichen Gericht wiederholt werden. Insofern ist daher auf die Beschwerde nicht einzutreten. Entgegen der Ansicht der Generalstaatsanwaltschaft ist auf die form-und fristgerechte Beschwerde jedoch insoweit einzutreten, als die medizinische Begutachtung von C.________ beantragt wird. Die dem Beschwerdeführer vorgeworfenen Delikte zum Nachteil von C.________ sollen sich am 28. Juli 2019 ereignet haben. Die Gegenstand des Beschwerdeverfahrens bildenden Beweisanträge wurden bereits am 20. August 2019 gestellt. Was den Antrag auf Einholung eines medizinischen Gutachtens zum Alkoholmissbrauch bzw. zur Alkoholsucht von C.________ anbelangt, ist eine zeitnahe Erstellung angebracht, sofern das Gutachten für die Untersuchung erhebliche Tatsachen hervorbringen kann. Je später das Gutachten erstellt wird, desto weniger aussagekräftig ist es in Bezug auf den Zustand des mutmasslichen Opfers vom 28. Juli 2019. Mittels Haaranalysen und anderen Methoden könnte es aktuell für den Gutachter noch möglich sein, konkrete Aussagen zum damaligen Alkoholkonsum bzw. zur eventuellen Alkoholsucht von C.________ zu machen. Im Verfahren vor dem erstinstanzlichen Gericht wird dies hingegen höchstwahrscheinlich nicht mehr der Fall sein, zumal der Abschluss der Voruntersuchung noch nicht unmittelbar bevorsteht. Somit besteht hinsichtlich des beantragten medizinischen Gutachtens die konkrete Gefahr eines Beweisverlusts.</p>
    <p type="paragraph_mark">3.</p>
    <p type="paragraph_mark">3.1</p>
    <p type="plain_text">Die Staatsanwaltschaft kann Beweisanträge ablehnen, wenn damit die Beweiserhebung über Tatsachen verlangt wird, die unerheblich, offenkundig, der Strafbehörde bekannt oder bereits rechtsgenügend erwiesen sind (Art. 318 Abs. 2 StPO)</p>
    <p type="paragraph_mark">3.2</p>
    <p type="plain_text">Dem Beschwerdeführer wird unter anderem vorgeworfen, am 28. Juli 2019 eine Pistole auf den Oberkörper von C.________ gerichtet und die Frage von C.________, ob er ihn töten wolle, mit ja beantwortet zu haben. Diese Beschuldigungen werden vom Beschwerdeführer bestritten. Er weist darauf hin, dass C.________ zum mutmasslichen Tatzeitpunkt derart betrunken gewesen sei, dass er sich kaum habe auf den Beinen halten können und infolgedessen halluziniert habe bzw. nicht in der Lage gewesen sei, die Situation richtig einzuschätzen. Anlässlich der am 19. August 2019 stattgefundenen Befragung bestritt C.________ zwar, ein Alkoholproblem zu haben, musste jedoch auf Vorhalt der entsprechenden Aussagen der Auskunftsperson D.________ vom 12. August 2019 einräumen, dass er zumindest am Wochenende bereits morgens Alkohol konsumiere. Dies bewog den Beschwerdeführer, bei der Staatsanwaltschaft die oben ersichtlichen Beweisanträge stellen zu lassen. Mit der angefochtenen Verfügung wies die Staatsanwaltschaft diese Beweisanträge mit der Begründung ab, es sei nicht ersichtlich, was die Beweismassnahmen über den Zustand des Opfers zum Zeitpunkt der Tat auszusagen vermöchten</p>
    <p type="paragraph_mark">3.3</p>
    <p type="plain_text">Der Beschwerdeführer macht geltend, bei C.________ würden deutliche Hinweise für einen Alkoholmissbrauch oder gar eine Abhängigkeitserkrankung bestehen, welche bereits zu einer damit in Zusammenhang stehenden Delinquenz im Strassenverkehr geführt habe. Angesichts der Feststellung des Beschwerdeführers, wonach C.________ zum angeblichen Tatzeitpunkt schwer betrunken und infolgedessen sein Wahrnehmungsvermögen stark eingeschränkt gewesen sei, sei die Frage des Alkoholmissbrauchs bzw. der Alkoholsucht von C.________ von grosser Bedeutung. Dies umso mehr, als es für den besagten Vorfall keine Zeugen gebe. Bei dieser Konstellation sei die Glaubwürdigkeit der Beteiligten von entscheidender Bedeutung. Mithin könne die Aussage des Beschwerdeführers, wonach C.________ stark betrunken und deshalb seine Wahrnehmung gestört gewesen sei, auch nicht als Schutzbehauptung abgetan werden, zumal klare Hinweise für einen Alkoholmissbrauch vorlägen. Mit der Beweismassnahme könne zwar nicht bewiesen werden, dass C.________ im Zeitpunkt der angeblichen Tat stark betrunken gewesen sei. Die Feststellung eines Alkoholmissbrauchs oder gar einer Abhängigkeit würde jedoch die Wahrscheinlichkeit, dass C.________ im Tatzeitpunkt betrunken gewesen sei, erhöhen und vor dem Hintergrund, dass er abstreite, ein Alkoholproblem zu haben, seine Glaubwürdigkeit schmälern. Ganz abgesehen davon sei es gerichtsnotorisch, dass Suchterkrankungen die Wahrnehmung beeinträchtigen könnten. Die Beweismassnahme sei mithin geeignet, den Beschwerdeführer zu entlasten.</p>
    <p type="paragraph_mark">3.4</p>
    <p type="plain_text">Die Generalstaatsanwaltschaft entgegnet zusammengefasst, die beantragte Beweismassnahme vermöge die Tatsachen, die damit abgeklärt werden sollen, nicht zu beweisen, sondern würde andere Tatsachen beweisen. Daher sei sie für das vorliegende Verfahren unerheblich. Zudem zeigten die Aussagen der Auskunftspersonen ein anderes Bild von C.________</p>
    <p type="paragraph_mark">3.5</p>
    <p type="plain_text">In der Replik ergänzt der Beschwerdeführer, den Aussagen von E.________ könne nur geringes Gewicht beigemessen werden. Dies zum einen, weil er – im Gegensatz zum Beschwerdeführer und D.________ – nicht in der gleichen Wohnung wie C.________ gewohnt habe und sich gemäss seinen Aussagen nur einmal pro Woche mit C.________ treffe. Infolgedessen habe er weniger hinsichtlich des Alkoholkonsums von C.________ mitbekommen. Zum anderen sei E.________ – wie aus dem Protokoll zur polizeilichen Befragung hervorgehe – gegenüber dem Beschwerdeführer negativ eingestellt. Er behaupte, von ihm ebenfalls bedroht worden zu sein. Insofern seien von E.________ keine objektiven Aussagen zu erwarten. Ganz anders von D.________, welcher eine neutrale Position einnehme. Er habe anlässlich der Befragung vom 12. August 2019 ausgesagt, dass C.________ ein Alkoholproblem habe. Die von der Generalstaatsanwaltschaft erwähnte Aussage von D.________, es sei für seine Verhältnisse ein Normalzustand gewesen, sei dahingehend zu verstehen, dass C.________ eben auch zum Zeitpunkt der angeblichen Tat viel Alkohol intus gehabt habe, zumal dies für einen Alkoholiker der Normalzustand sei</p>
    <p type="paragraph_mark">3.6</p>
    <p type="plain_text">Die Beschwerde erweist sich als unbegründet. Mit der Generalstaatsanwaltschaft ist zur Begründung festzuhalten was folgt: Die von der Verteidigung verlangte Beweismassnahme einer medizinischen Untersuchung vermag über den konkreten Zustand des möglichen Opfers C.________ zum Zeitpunkt der mutmasslichen Tat keine wesentlichen Aussagen zu machen. Durch den verlangten Beweisantrag kann höchstens generell festgestellt werden, dass C.________ ein Alkoholproblem hat, was jedoch nichts darüber aussagt, ob seine Wahrnehmungsfähigkeit am Tattag tatsächlich eingeschränkt war. Die beantragte medizinische Untersuchung des Opfers, insbesondere eine Haaranalyse vier Monate nach der Tat, vermöchte höchstens zu belegen, dass C.________ übermässig Alkohol konsumiert, nicht aber, ob er am 28. Juli 2019 – wie vom Beschwerdeführer behauptet – sturzbetrunken und quasi urteilsunfähig war. Hinzu kommt, dass Alkoholiker durchaus auch dann urteils- und handlungsfähig sein können, wenn sie einen erhöhten Alkoholpegel aufweisen, der für nicht an Alkohol gewöhnte Personen zu einem starken Rausch führen würde. Ganz unabhängig davon, ob C.________ ein Alkoholiker ist oder nicht, ist überdies festzuhalten, dass gewisse alkoholabhängige Menschen erst dann zu alltäglichen Handlungen und klaren Gedanken fähig sind, nachdem sie – oft bereits am Vormittag – alkoholische Getränke konsumiert haben. Dies ist auch der (gerichtsnotorische) Grund, weshalb viele Alkoholiker behaupten, kein Alkoholproblem zu haben. Der Schluss, dass Alkoholiker per se bei Zeugenaussagen weniger glaubwürdig seien, kann also nicht gezogen werden Darüber hinaus geben die Aussagen der Auskunftspersonen keinen Anlass zur Folgerung, dass die Ausführungen von C.________ unglaubhaft wären: E.________ sagte bei der polizeilichen Befragung aus, C.________ sei an diesem Tag in einem normalen Zustand gewesen, nicht alkoholisiert. Ausser dann oben bei ihm, da hätten sie in ca. 1 ½ Stunden ein Bier und einen Whisky getrunken. Auf Vorhalt, dass der Beschwerdeführer gesagt habe, C.________ sei so betrunken gewesen, dass er nicht mehr habe stehen können, antwortete er, also zum ersten, da müsste er nachdem er von ihm weg sei und nachdem sie die Türe eingehängt hätten, gesoffen haben. Und zum zweiten, sie würden sich einmal in der Woche sehen und in der Regel bleibe es bei ein oder zwei Bier und einem Whisky. Und im Weiteren sage C.________ über den Beschwerdeführer dasselbe, dass er ein Alkoholproblem habe (EV C.________ vom 12. August 2019 S. 6 Z. 203 ff.). Diesen Ausführungen darf das notwendige Gewicht beigemessen werden, zumal sich E.________ hier nicht negativ über den Beschwerdeführer äussert. Es ist nicht ersichtlich, wieso von ihm generell keine objektiven Aussagen zu erwarten wären. Auch D.________ erklärte bei der Polizei, er wisse, dass C.________ ein Alkoholproblem habe. Er werde aber nie auffällig. Er habe bei ihm das Gefühl, dass er immer wisse, was er tue. Bei C.________ merke man es nicht, beim Beschwerdeführer jedoch schon, der habe dann Aussetzer. Auf die Frage, wie der Zustand von C.________ am 28. Juli 2019 gewesen sei, erklärte D.________, sie würden es riechen, er kenne C.________ ja. Es sei für seine Verhältnisse ein Normalzustand gewesen (EV D.________ vom 12. August 2019 S. 3 Z. 76 ff. und S. 7 Z. 244 ff.). Daraus kann geschlossen werden, dass C.________ an diesem Tag womöglich nicht ganz nüchtern gewesen ist; jedoch ist nicht erkennbar, dass er sturzbetrunken gewesen wäre – eher ist das Gegenteil der Fall. Die beantragte Beweismassnahme vermag somit die Tatsachen, die damit abgeklärt werden sollen, nicht zu beweisen, sondern würde andere Tatsachen beweisen und ist damit für den zu untersuchenden Vorfall unerheblich.</p>
    <p type="paragraph_mark">4.</p>
    <p type="plain_text">Nach dem Gesagten ist die Beschwerde abzuweisen, soweit darauf eingetreten werden kann</p>
    <p type="paragraph_mark">5.</p>
    <p type="plain_text">Bei diesem Ausgang des Verfahrens wird der Beschwerdeführer kostenpflichtig (Art. 428 Abs. 1 StPO). Die Staatsanwaltschaft oder das urteilende Gericht legen die amtliche Entschädigung für Rechtsanwalt B.________ am Ende des Verfahrens fest (Art. 135 Abs. 2 StPO) Die Beschwerdekammer in Strafsachen beschliesst:</p>
    <p type="paragraph_mark">1.</p>
    <p type="plain_text">Die Beschwerde wird abgewiesen, soweit darauf einzutreten ist</p>
    <p type="paragraph_mark">2.</p>
    <p type="plain_text">Die Kosten des Beschwerdeverfahrens, bestimmt auf CHF 1‘500.00, werden dem Beschwerdeführer auferlegt</p>
    <p type="paragraph_mark">3.</p>
    <p type="plain_text">Die Staatsanwaltschaft oder das urteilende Gericht legen die amtliche Entschädigung am Ende des Verfahrens fest</p>
    <p type="paragraph_mark">4.</p>
    <p type="plain_text">Zu eröffnen:- dem Beschuldigten/Beschwerdeführer, a.v.d. Rechtsanwalt B.________- der Generalstaatsanwaltschaft Mitzuteilen:- der Regionalen Staatsanwaltschaft Berner Jura-Seeland, Staatsanwältin F.________(mit den Akten) Bern, 9. Dezember 2019 Im Namen der Beschwerdekammerin Strafsachen Die Präsidentin: Oberrichterin Schnell Der Gerichtsschreiber: Müller Die Kosten des Beschwerdeverfahrens werden durch die Beschwerdekammer in Strafsachen in Rechnung gestellt. RechtsmittelbelehrungGegen diesen Entscheid kann innert 30 Tagen seit Zustellung beim Bundesgericht, Av. du Tribunal fédéral 29, 1000 Lausanne 14, Beschwerde in Strafsachen gemäss Art. 39 ff., 78 ff. und 90 ff. des Bundesgerichtsgesetzes (BGG; SR 173.110) geführt werden. Die Beschwerde muss den Anforderungen von Art. 42 BGG entsprechen.</p>
  </body>
  <body_footnote />
</text>