<?xml version='1.0' encoding='UTF-8'?>
<text author="" date="2015-10-21" decade="2010" description="Herabsetzung einer Busse / Verlängerung der Zahlungsfrist / Festsetzung einer Ersatzfreiheitsstrafe" file="BS_APG_001_BES-2014-109_2015-10-21.html" id="BS_APG_001_BES-2014-109_2015-10-21" language="de" page="" source="https://entscheidsuche.ch" subtopics="" title="Basel-Stadt Sozialversicherungsgericht 21.10.2015 BES.2014.109 (AG.2015.740)" topics="Basel-Stadt Appellationsgericht" type="BS_APG_001" url="http://rechtsprechung.gerichte.bs.ch/cgi-bin/nph-omniscgi.exe?OmnisPlatform=WINDOWS&amp;WebServerUrl=rechtsprechung.gerichte.bs.ch&amp;WebServerScript=/cgi-bin/nph-omniscgi.exe&amp;OmnisLibrary=JURISWEB&amp;OmnisClass=rtFindinfoWebHtmlService&amp;OmnisServer=JURISWEB,7000&amp;Parametername=WEB&amp;Schema=BS_FI_WEB&amp;Source=&amp;Aufruf=getMarkupDocument&amp;cSprache=DE&amp;nF30_KEY=52293&amp;W10_KEY=590218&amp;nTrefferzeile=29&amp;Template=search_result_document.html" year="2015"><body><p type="plain_text">Appellationsgericht</p><p type="plain_text">des Kantons Basel-Stadt</p><p type="plain_text">Einzelgericht</p><p type="plain_text">BES.2014.109</p><p type="plain_text">ENTSCHEID</p><p type="plain_text">vom 21. Oktober 2015</p><p type="plain_text">Mitwirkende</p><p type="paragraph_mark">lic. iur.</p><p type="plain_text">Gabriella Matefi</p><p type="plain_text">und Gerichtsschreiber lic. iur. Aurel Wandeler</p><p type="plain_text">Beteiligte</p><p type="plain_text">Eidgenössische Zollverwaltung</p><p type="plain_text">Oberzolldirektion Beschwerdeführerin</p><p type="plain_text">Hauptabteilung Recht und Abgaben,</p><p type="plain_text">Monbijoustrasse 40, 3003 Bern</p><p type="plain_text">gegen</p><p type="plain_text">Einzelgericht in Strafsachen Basel-Stadt Beschwerdegegner</p><p type="plain_text">Schützenmattstrasse 20, 4003 Basel</p><p type="plain_text">A____ Beschwerdegegner</p><p type="plain_text">[...] Beschuldigter</p><p type="plain_text">Gegenstand</p><p type="plain_text">Beschwerde gegen eine Verfügung des Einzelgerichts in Strafsachen</p><p type="plain_text">vom 14. Juli 2014</p><p type="plain_text">Entscheid des Appellationsgerichts (Einzelgerichts) vom 23. April 2015</p><p type="plain_text">(vom Bundesgericht am 10. September 2010 aufgehoben)</p><p type="plain_text">betreffend Herabsetzung einer Busse / Verlängerung der Zahlungsfrist / Festsetzung einer Ersatzfreiheitsstrafe</p><p type="plain_text">Sachverhalt</p><p type="plain_text">Die Eidgenössische Zollverwaltung (EZV) bestrafte A____ mit Strafbescheid vom 31. Oktober 2012 wegen Zoll- und Mehrwertsteuerhinterziehung mit einer Busse von CHF 3‘600.–. Der Strafbescheid erwuchs in Rechtskraft. Die EZV forderte A____ am 21. Februar 2013 zur Zahlung der Busse auf. Drei Mahnungen blieben ohne Erfolg. Die von der EZV eingeleitete Betreibung endete mit einem Verlustschein. Mit Eingabe vom 14. März 2014 beantragte die EZV beim Strafgericht Basel-Stadt gestützt auf Art. 91 des Bundesgesetzes über das Verwaltungsstrafrecht (VStrR) die Umwandlung der Busse gemäss Art. 10 VStrR in eine Ersatzfreiheitsstrafe. Der Präsident des Strafgerichts Basel-Stadt entschied hierauf mit Verfügung vom 14. Juli 2014 Folgendes: Die A____ von der EZV auferlegte Busse von CHF 3‘600.– wurde auf CHF 1‘920.– Franken herabgesetzt. A____ wurde erlaubt, diese Busse in 24 monatlichen Raten von CHF 80.– zu bezahlen. Für den Fall der schuldhaften Nichtbezahlung wurde eine Ersatzfreiheitsstrafe von 20 Tagen ausgesprochen.</p><p type="plain_text">Eine hiergegen von der EZV erhobene Beschwerde wies das Appellationsgericht mit Entscheid vom 23. April 2015 ab. Dagegen erhob die EZV Beschwerde in Strafsachen beim Schweizerischen Bundesgericht, womit sie die Aufhebung des Entscheids des Appellationsgerichts beantragte. Das Begehren um Umwandlung der von der EZV ausgefällten, uneinbringlichen Busse von CHF 3‘600.– in eine Ersatzfreiheitsstrafe sei zur Beurteilung an die Vorinstanz zurückzuweisen. Eventualiter sei die uneinbringliche Busse von CHF 3‘600.– gemäss Art. 10 Abs. 1-4 VStrR in eine Ersatzfreiheitsstrafe von 90 Tagen umzuwandeln.</p><p type="plain_text">Das Bundesgericht hat die Beschwerde der EZV mit Entscheid vom 10. September 2015 gutgeheissen, den Entscheid des Appellationsgerichts vom 23. April 2015 aufgehoben und die Sache zur neuen Entscheidung an die Vorinstanz zurückgewiesen (BGer 6B_600/2015 vom 10. September 2015).</p><p type="plain_text">Erwägungen</p><p type="plain_text">Gegenstand des Beschwerdeverfahrens ist die Umwandlung einer nicht bezahlten Busse von CHF 3‘600.– in eine Ersatzfreiheitsstrafe. Gemäss dem Urteil des Bundesgerichts hat diese Umwandlung ausschliesslich nach Art. 10 VStrR, und nicht – wie vom Strafgericht und vom Appellationsgericht im nun aufgehobenen Entscheid vertreten – nach Art. 106 Abs. 5 und 36 Abs. 2 StGB zu erfolgen. Art. 10 VStrR enthält verschiedene Varianten, wie bei Uneinbringlichkeit der Busse zu verfahren ist. Grundsätzlich erfolgt eine Umwandlung in Haft (Abs. 1). Unter gegebenen Voraussetzungen kann die Umwandlung ausgeschlossen oder eine bedingte Strafe ausgesprochen werden (Abs. 2). Würde das Appellationsgericht nach der Rückweisung durch das Bundesgericht direkt entscheiden, würden die Parteien einer Instanz verlustig gehen. Deshalb ist die Verfügung des Strafgerichts vom 14. Juli 2014 aufzuheben und die Sache zu neuem Entscheid im Sinne der Erwägungen des Bundesgerichts an das Strafgericht zurückzuweisen.</p><p type="plain_text">Demgemäss erkennt das Einzelgericht:</p><p type="plain_text">://: Die Verfügung des Strafgerichts vom 14. Juli 2014 wird aufgehoben und die Sache zu neuem Entscheid im Sinne der Erwägungen des Bundesgerichts an das Strafgericht zurückgewiesen.</p><p type="plain_text">Kosten werden weder erhoben noch zugesprochen.</p><p type="plain_text">APPELLATIONSGERICHT BASEL-STADT</p><p type="plain_text">Die Statthalterin Der Gerichtsschreiber</p><p type="paragraph_mark">lic. iur.</p><p type="plain_text">Gabriella Matefi lic. iur. Aurel Wandeler</p><p type="plain_text">Rechtsmittelbelehrung</p><p type="plain_text">Gegen diesen Entscheid kann unter den Voraussetzungen von Art. 78 ff. des Bundesgerichtsgesetzes (BGG) innert 30 Tagen seit schriftlicher Eröffnung Beschwerde in Strafsachen erhoben werden. Die Beschwerdeschrift muss spätestens am letzten Tag der Frist beim Bundesgericht (1000 Lausanne 14) eingereicht oder zu dessen Handen der Schweizerischen Post oder einer diplomatischen oder konsularischen Vertretung der Schweiz im Ausland übergeben werden (Art. 48 Abs. 1 BGG). Für die Anforderungen an den Inhalt der Beschwerdeschrift wird auf Art. 42 BGG verwiesen. Über die Zulässigkeit des Rechtsmittels entscheidet das Bundesgericht.</p></body></text>