<?xml version='1.0' encoding='UTF-8'?>
<text author="" date="1955-05-20" decade="1950" description="Wehrsteuer: Wird der Steuerpflichtige aus Gründen, die in seinem Verhalten liegen, aus der Schweiz ausgewiesen, so kann die Sicherstellung der Wehrsteuer verfügt werden." file="CH_BGE_001_BGE-81-I-149_nodate.html" id="CH_BGE_001_BGE-81-I-149_nodate" language="de" page="150–154" source="https://entscheidsuche.ch" subtopics="" title="Bundesgericht (BGE) Band I BGE 81 I 149" topics="Eidgenossenschaft Bundesgericht (BGE) Band I" type="CH_BGE_001" url="https://www.bger.ch/ext/eurospider/live/de/php/clir/http/index.php?lang=de&amp;type=highlight_simple_query&amp;page=16&amp;from_date=&amp;to_date=&amp;from_year=1955&amp;to_year=1955&amp;sort=relevance&amp;insertion_date=&amp;from_date_push=&amp;top_subcollection_clir=bge&amp;query_words=&amp;part=all&amp;de_fr=&amp;de_it=&amp;fr_de=&amp;fr_it=&amp;it_de=&amp;it_fr=&amp;orig=&amp;translation=&amp;rank=159&amp;highlight_docid=atf%3A%2F%2F81-I-149%3Ade&amp;number_of_ranks=270&amp;azaclir=clir" year="1955"><body><p type="plain_text">Urteilskopf</p><p type="plain_text">81</p><p type="plain_text">I 149</p><p type="paragraph_mark">27.</p><p type="plain_text">Urteil vom 20. Mai 1955 i.S. S. gegen Wehrsteuerverwaltung des Kantons Zürich.</p><p type="plain_text">Regeste</p><p type="plain_text">Wehrsteuer: Wird der Steuerpflichtige aus Gründen, die in seinem Verhalten liegen, aus der Schweiz ausgewiesen, so kann die Sicherstellung der Wehrsteuer verfügt werden.</p><p type="plain_text">BGE 81 I 149 S. 150</p><p type="paragraph_mark">A.-</p><p type="plain_text">Der Beschwerdeführer war früher ungarischer Staatsangehöriger. Er ist heute staatenlos und ohne Ausweispapiere. Er lebt seit 1939 in der Schweiz. Für die Ausübung einer Erwerbstätigkeit bedarf er einer besonderen Bewilligung.</p><p type="plain_text">Im Jahre 1947 erhielt er eine Bewilligung zur Betätigung als Korrespondent in der Einzelfirma T. B. Seit 1948 ist er mit der Inhaberin dieser Firma, einer Schweizerbürgerin, verheiratet.</p><p type="paragraph_mark">B.-</p><p type="plain_text">Mit Verfügung der Polizeidirektion des Kts. Zürich vom 5. Juni 1953 wurde der Beschwerdeführer wegen Verletzung fremdenpolizeilicher Vorschriften aus der Schweiz ausgewiesen.</p><p type="plain_text">Der Regierungsrat des Kantons Zürich hat die Ausweisung mit Entscheid vom 5. November 1953 bestätigt, ebenso das eidg. Justiz- und Polizeidepartement mit Entscheid vom 1. April 1955. Immerhin wurde der Vollzug der Ausweisung aus Gründen der Humanität auf Zusehen und Wohlverhalten hin suspendiert.</p><p type="paragraph_mark">C.-</p><p type="plain_text">Im Hinblick auf die Ausweisungsverfügung der kantonalen Justizdirektion vom 5. Juni 1953 hat die kantonale Wehrsteuerverwaltung Zürich am 24. Juli 1954 die Sicherstellung der eidg. Wehrsteuer für die Steuerjahre 1949 bis 1953 (bis 30. Juli 1953) samt Bussen und Kosten verfügt. Die Verfügung stützt sich aufprovisorische Berechnungen der Steuern, Nachsteuern und Bussen für den angegebenen Zeitraum.</p><p type="paragraph_mark">D.-</p><p type="plain_text">Mit der Verwaltungsgerichtsbeschwerde wird beantragt, die Sicherstellungsverfügung aufzuheben. Es wird geltend gemacht, die Sicherstellungsverfügung beruhe auf einer Verletzung von Bundesrecht. Zur Begründung wird ausgeführt, die Voraussetzungen für eine Sicherstellungsverfügung BGE 81 I 149 S. 151nach Art. 118 WStB seien nicht erfüllt.</p><p type="paragraph_mark">1.</p><p type="plain_text">) Die von den Behörden errechnete Leistung stelle einen Phantasiebetrag dar, der mit den Realitäten nichts zu tun habe. Der Beschwerdeführer habe in den letzten Jahren ordnungsgemäss Steuererklärungen abgegeben, sei eingeschätzt worden und habe dementsprechend die Steuerbeträge bezahlt. Die neuen Berechnungen der Wehrsteuerverwaltung beruhten auf bisher unkontrollierten Anhaltspunkten, deren Herkunft dem Beschwerdeführer unbekannt sei.</p><p type="paragraph_mark">2.</p><p type="plain_text">) Der Beschwerdeführer habe seinen ordentlichen Wohnsitz in der Schweiz. Er sei mit einer Schweizerin verheiratet und denke nicht daran, das Domizil in der Schweiz aufzugeben. Er habe gegen die Ausweisungsverfügung Beschwerde eingereicht und damit seinen Willen, in der Schweiz zu bleiben, dokumentiert. Die Ausweisung sei sistiert. Es könne keine Rede davon sein, dass sein Verhalten den Einzug allfällig noch geschuldeter Wehrsteuerbeträge gefährden würde.</p><p type="paragraph_mark">3.</p><p type="plain_text">) Die Forderungen, die der Sicherstellungsverfügung und dem daran anschliessenden Arrest zu Grunde gelegt werden, seien offensichtlich unrichtig berechnet (Art. 104, Abs. 2 OG). Der Beschwerdeführer habe das ihm in den provisorischen Berechnungen zugeschriebene Einkommen nicht erzielt.</p><p type="paragraph_mark">E.-</p><p type="plain_text">Die Wehrsteuerverwaltung des Kantons Zürich und die eidg. Steuerverwaltung beantragen Abweisung der Beschwerde.</p><p type="plain_text">Das Bundesgericht hat die Beschwerde abgewiesen</p><p type="plain_text">in Erwägung:</p><p type="paragraph_mark">1.</p><p type="plain_text">Nach Art. 118, Abs. 1 WStB kann die kantonale Wehrsteuerverwaltung auch vor der rechtskräftigen Feststellung des Wehrsteuerbetrages jederzeit die Sicherstellung verfügen, wenn der Wehrsteuerpflichtige keinen Wohnsitz in der Schweiz hat oder die von ihm geschuldete Wehrsteuer durch sein Verhalten als gefährdet erscheint.</p><p type="plain_text">BGE 81 I 149 S. 152Der Beschwerdeführer hat seinen Wohnsitz in der Schweiz. Die Sicherstellung kann ihm daher nur auferlegt werden wegen einer durch sein Verhalten bewirkten Gefährdung der Wehrsteuer. Eine solche erblickt die Behörde in der polizeilich angeordneten Landesverweisung.</p><p type="paragraph_mark">2.</p><p type="plain_text">Die Sicherstellungsverfügung nach Art. 118 WStB dient der Vorsorge für die spätere Vollstreckbarkeit der einem Wehrsteuerpflichtigen obliegenden Steuerschuld. Als Vorsorgemassnahme ist sie dadurch charakterisiert, dass sie erlassen werden kann, bevor der Steuerbetrag rechtskräftig festgestellt ist. Gegenstand der Sicherstellung ist also nicht eine fesstehende, sondern eine lediglich mutmassliche Steuerschuld. Sind die übrigen Voraussetzungen gegeben, so muss schon die Möglichkeit einer Steuerpflicht in dem auf Grund vorläufiger Feststellungen ermittelten Umfange genügen. Die nähere Abklärung der Steuerpflicht und die Festsetzung der wirklich geschuldeten Beträge bleibt dem Einschätzungsverfahren vorbehalten.</p><p type="plain_text">Die behördliche Mutmassung einer Steuerpflicht beruht hier auf der Feststellung, dass der Beschwerdeführer bei Durchführung von Handelsgeschäften mitgewirkt hat, bei denen den Beteiligten aller Vermutung nach bedeutende Gewinne zugefallen sind. Wie es sich damit verhält, wird bei der der Sicherstellung nachfolgenden näheren Untersuchung im Einschätzungsverfahren abzuklären sein. Für die Sicherstellung muss vorläufig genügen, dass der Beschwerdeführer allem Anschein nach in diese Geschäfte verwickelt ist. Der Einwand, die Steuer sei nicht geschuldet, die Steuerbeträge unrichtig berechnet worden, ist im Beschwerdeverfahren betreffend die Sicherstellung nicht zu überprüfen.</p><p type="paragraph_mark">3.</p><p type="plain_text">Die Sicherstellung darf verfügt werden, wenn die Wehrsteuer als durch das Verhalten des Steuerpflichtigen gefährdet erscheint. Die kantonalen Behörden haben mit Recht angenommen, dass der Vollzug von Wehrsteuererforderungen gefährdet ist, wenn gegen einen Steuerpflichtigen eine Ausweisungsverfügung in einem Zeitpunkt BGE 81 I 149 S. 153ergeht, in welchem die Steuer noch nicht rechtskräftig festgestellt ist oder aus einem andern Grunde noch nicht eingefordert werden kann. Massgebend ist dabei der Umstand, dass die Stellung des Steuerpflichtigen in der Schweiz mit der Ausweisungsverfügung unsicher geworden ist und es auch dann bleibt, wenn die Ausweisung aus dem einen oder andern Grunde vielleicht nicht unmittelbar vollzogen wird, der Wohnsitz des Steuerpflichtigen in der Schweiz also weiterbesteht. In solchen Fällen entspricht es der in Art. 118 WStB getroffenen Ordnung, dass der spätere Vollzug der Steuer gesichert wird und die Steuerbeträge, deren Einforderung noch nicht möglich ist, vorsorglich durch Hinterlagen oder auf andere Weise sichergestellt werden. Es wäre mit einer sachgemässen Durchführung der Besteuerung unvereinbar, in solchen Fällen den Abschluss des Einschätzungsverfahrens und den Fälligkeitstermin abzuwarten und es darauf ankommen zu lassen, ob der Steuerpflichtige dann noch im Lande ist. Demgemäss wird in der Praxis der Erlass einer Ausweisungsverfügung gegen einen Ausländer mit Recht als genügender Grund für die Sicherstellung der Steuerforderungen angesehen (Vgl. den amtlich nicht publizierten Entscheid vom 29. November 1946 i.S. O., ASA 16 S. 33; ferner ASA 13 S. 68 betr. Kriegsgewinnsteuer).</p><p type="paragraph_mark">4.</p><p type="plain_text">Bei der eidg. Wehrsteuer ist allerdings weitere Voraussetzung, dass ein Verhalten des Steuerpflichtigen zum Erlasse der Ausweisungsverfügung Anlass gegeben hat. Ausweisungsverfügungen, die aus Gründen erlassen werden, die mcht in einem Verhalten des Steuerpflichtigen liegen, wären - nach der in Art. 118 WStB vorgesehenen Ordnung - kein genügender Grund für die Einforderung von Sicherheiten.</p><p type="plain_text">Hier durfte angenommen werden, dass ein Verhalten des Steuerpflichtigen die Ausweisungsverfügung veranlasst und damit den Grund für die Steuergefährdung gesetzt hat. Die Ausweisung wurde hauptsächlich deswegen angeordnet, weil der Beschwerdeführer sich über die Auflagen, BGE 81 I 149 S. 154die mit seiner Aufenthaltsbewilligung verbunden worden waren, hinweggesetzt hat, weil er an unerwünschten, den Interessen des Gastlandes zuwiderlaufenden Handelsgeschäften teilgenommen hatte und weil er Ausländern bei unbewilligter und unerwünschter Geschäftstätigkeit behilflich gewesen war.</p><p type="plain_text">Die Voraussetzungen, unter denen die Sicherstellung der Wehrsteuer verlangt werden darf, sind somit erfüllt. Dass sich der Beschwerdeführer um die Beibehaltung seines Wohnsitzes in der Schweiz bemüht und dass - nach dem Beschwerdeentscheid des eidg. Justiz- und Polizeidepartements - die Vollstreckung der Ausweisung vorläufig auf Zusehen hin aus Kommiserationsgründen sistiert ist, ändert daran nichts. Solange die Ausweisungsverfügung besteht, bleibt die Stellung des Beschwerdeführers in der Schweiz prekär, was es rechtfertigt, von ihm die Sicherstellung der eidgenössischen Steuern zu fordern.</p></body></text>