<?xml version='1.0' encoding='UTF-8'?>
<text author="" date="2018-09-12" decade="2010" description="Einziehung von Geld, Akteneinsicht/Rechtsverweigerung | Verwaltungsverfahren" file="CH_BGer_001_1C-334-2018_2018-09-12.html" id="CH_BGer_001_1C-334-2018_2018-09-12" language="de" page="" source="https://entscheidsuche.ch" subtopics="" title="Bundesgericht I. öffentlich-rechtliche Abteilung 12.09.2018 1C 334/2018" topics="Eidgenossenschaft Bundesgericht I. öffentlich-rechtliche Abteilung" type="CH_BGer_001" url="https://www.bger.ch/ext/eurospider/live/de/php/aza/http/index.php?lang=de&amp;type=highlight_simple_query&amp;page=24&amp;from_date=04.09.2018&amp;to_date=23.09.2018&amp;sort=relevance&amp;insertion_date=&amp;top_subcollection_aza=all&amp;query_words=&amp;rank=235&amp;azaclir=aza&amp;highlight_docid=aza%3A%2F%2F12-09-2018-1C_334-2018&amp;number_of_ranks=455" year="2018"><body><p type="plain_text">Bundesgericht</p><p type="plain_text">Tribunal fédéral</p><p type="plain_text">Tribunale federale</p><p type="plain_text">Tribunal federal</p><p type="paragraph_mark">1</p><p type="plain_text">C_334/2018</p><p type="plain_text">Verfügung vom 12. September 2018</p><p type="paragraph_mark">I.</p><p type="plain_text">öffentlich-rechtliche Abteilung</p><p type="plain_text">Besetzung</p><p type="plain_text">Bundesrichter Chaix, präsidierendes Mitglied,</p><p type="plain_text">Gerichtsschreiber Störi.</p><p type="plain_text">Verfahrensbeteiligte</p><p type="plain_text">A.________,</p><p type="plain_text">Beschwerdeführer,</p><p type="plain_text">vertreten durch Fürsprecher Gerrit Straub,</p><p type="plain_text">gegen</p><p type="plain_text">Eidgenössische Zollverwaltung EZV, Kommando Grenzwachtkorps, Dienstbereich BM EZV, Monbijoustrasse 40, 3003 Bern.</p><p type="plain_text">Gegenstand</p><p type="plain_text">Einziehung von Geld, Akteneinsicht/Rechtsverweigerung,</p><p type="plain_text">Beschwerde gegen das Urteil des Bundesverwaltungsgerichts, Abteilung I,</p><p type="plain_text">vom 18. Mai 2018 (A-3145/2017).</p><p type="plain_text">Sachverhalt:</p><p type="plain_text">Am 10. Mai 2018 trat das Bundesverwaltungsgericht auf eine Beschwerde von A.________ nicht ein, mit welcher dieser die Freigabe von vom Grenzwachtkorps vorläufig sichergestellten Vermögenswerten anstrebte. Mit Beschwerde vom 2. Juli 2018 beantragte A.________ dem Bundesgericht, diesen Entscheid aufzuheben, die sichergestellten Vermögenswerte herauszugeben und die Verfahrenskosten der Vorinstanz auf die Staatskasse zu nehmen. Mit Eingabe vom 6. September 2018 zog A.________ seine Beschwerde zurück.</p><p type="plain_text">Erwägungen:</p><p type="plain_text">Mit dem Rückzug der Beschwerde ist das Verfahren nach Art. 32 Abs. 2 BGG abzuschreiben. Dementsprechend trägt der Beschwerdeführer die Gerichtskosten (Art. 66 Abs. 1 und 2 BGG).</p><p type="plain_text">Demnach verfügt das präsidierende Mitglied:</p><p type="paragraph_mark">1.</p><p type="plain_text">Die Beschwerde wird als durch Rückzug erledigt abgeschrieben.</p><p type="paragraph_mark">2.</p><p type="plain_text">Die Gerichtskosten von Fr. 1'000.-- werden dem Beschwerdeführer auferlegt.</p><p type="paragraph_mark">3.</p><p type="plain_text">Diese Verfügung wird dem Beschwerdeführer, der Eidgenössischen Zollverwaltung EZV und dem Bundesverwaltungsgericht, Abteilung I, schriftlich mitgeteilt.</p><p type="plain_text">Lausanne, 12. September 2018</p><p type="plain_text">Im Namen der I. öffentlich-rechtlichen Abteilung</p><p type="plain_text">des Schweizerischen Bundesgerichts</p><p type="plain_text">Das präsidierende Mitglied:Chaix</p><p type="plain_text">Der Gerichtsschreiber:Störi</p></body></text>