<?xml version='1.0' encoding='UTF-8'?>
<text id="CH_WBK_001_unbekannt_nodate" author="" title="Wettbewerbskommission unbekannt" source="https://entscheidsuche.ch" page="" topics="Eidgenossenschaft Wettbewerbskommission" subtopics="" language="fr" date="2020-01-01" description="Wettbewerbskommission unbekannt" type="CH_WBK_001" file="CH_WBK_001_unbekannt_nodate.pdf" year="2020" decade="2020">
  <body>
    <p type="plain_text">RPW+2012-3.pdf</p>
    <p type="plain_text">2012/3 657</p>
    <p type="plain_text">B 2.2 3. Recommandations tarifaires de l’Union suisse des</p>
    <p type="plain_text">professionnels de l’immobilier – Section Neuchâtel</p>
    <p type="plain_text">Décision de la Commission de la concurrence du 2 juillet</p>
    <p type="plain_text">2012 concernant l’enquête selon l’art. 27ss LCart rela-</p>
    <p type="plain_text">tive aux recommandations tarifaires de l’Union suisse</p>
    <p type="plain_text">des professionnels de l’immobilier – Section Neuchâtel à</p>
    <p type="plain_text">l’encontre de cette association ainsi que de ses</p>
    <p type="plain_text">membres individuels en raison de restrictions illicites à la</p>
    <p type="plain_text">concurrence au sens de l’art. 5 LCart.</p>
    <p type="plain_text">Verfügung  der Wettbewerbskomission vom 2. Juli 2012</p>
    <p type="plain_text">in Sachen Untersuchung gemäss Art. 27 ff. KG betref-</p>
    <p type="plain_text">fend Preisempfehlungen von Union suisse des professi-</p>
    <p type="plain_text">onnels de l’immobilier – Section Neuchâtel gegen diese</p>
    <p type="plain_text">Verband und seine Mittglieder wegen unzulässiger</p>
    <p type="plain_text">Wettbewerbsbeschränkungen gemäss Art. 5 KG.</p>
    <p type="plain_text">Decisione della Commissione della concorrenza del 2</p>
    <p type="plain_text">luglio 2012 relativa all’inchiesta giusta 27 segg. LCart</p>
    <p type="plain_text">concernente le raccomandazioni tariffarie del’Union</p>
    <p type="plain_text">suisse des professionnels de l’immobilier – Section Neu-</p>
    <p type="plain_text">châtel  contro le associazioni e i suoi membri individuali</p>
    <p type="plain_text">a causa di limitazioni illecite della concorrenza giusta</p>
    <p type="plain_text">l’articolo 5 LCart.</p>
    <p type="plain_text">A Etat de fait</p>
    <p type="plain_text">A.1 Objet de l'enquête</p>
    <p type="plain_text">1. L’enquête ouverte à l’encontre de l’Union suisse des</p>
    <p type="plain_text">professionnels de l’immobilier Neuchâtel (ci-après: US-</p>
    <p type="plain_text">PI-Neuchâtel) et de ses membres individuels a pour</p>
    <p type="plain_text">objet de déterminer si les recommandations tarifaires</p>
    <p type="plain_text">émises par l’USPI-Neuchâtel sous forme d’aide-mémoire</p>
    <p type="plain_text">constituent une violation de l’art. 5 de la Loi du 6 octobre</p>
    <p type="plain_text">1995 sur les cartels et autres restrictions à la concur-</p>
    <p type="plain_text">rence (Loi sur les cartels [LCart]; RS 251) sous forme</p>
    <p type="plain_text">d’accord en matière de prix.</p>
    <p type="plain_text">2. L’USPI-Neuchâtel est une association au sens des</p>
    <p type="plain_text">art. 60 ss du Code civil suisse. Elle est membre de</p>
    <p type="plain_text">l'Union suisse des professionnels de l'immobilier (USPI-</p>
    <p type="plain_text">Suisse) qui regroupe toutes les associations des can-</p>
    <p type="plain_text">tons romands.</p>
    <p type="plain_text">3. L’USPI-Neuchâtel a notamment pour tâche la défense</p>
    <p type="plain_text">de ses membres et de la propriété immobilière. Elle éta-</p>
    <p type="plain_text">blit des recommandations tarifaires relatives à l'en-</p>
    <p type="plain_text">semble des activités de gérance immobilière, de cour-</p>
    <p type="plain_text">tage et d'administration de propriétés par étage (PPE).</p>
    <p type="plain_text">Peuvent, à différentes conditions, être membres de</p>
    <p type="plain_text">l’USPI-Neuchâtel: les régies immobilières, les entre-</p>
    <p type="plain_text">prises ou corporations de droit public, ainsi que tout</p>
    <p type="plain_text">gérant ou courtier en immeuble.</p>
    <p type="plain_text">1</p>
    <p type="plain_text">En 2010, l’USPI-</p>
    <p type="plain_text">Neuchâtel regroupait 46 membres dont 24 entreprises.</p>
    <p type="plain_text">2</p>
    <p type="plain_text">4. En 2003, le Secrétariat avait rendu l’USPI-Neuchâtel</p>
    <p type="plain_text">attentive au fait que les recommandations tarifaires pou-</p>
    <p type="plain_text">vaient être problématiques au regard de la LCart. Par</p>
    <p type="plain_text">ailleurs, compte tenu de la nouvelle législation qui allait</p>
    <p type="plain_text">entrer en vigueur en 2004, les entreprises appliquant de</p>
    <p type="plain_text">telles recommandations encouraient le risque d’être</p>
    <p type="plain_text">sanctionnées.</p>
    <p type="plain_text">5. Saisi par l’USPI-Neuchâtel, le Secrétariat a établi le</p>
    <p type="plain_text">22 juillet 2005 un avis de droit, selon lequel l’aide-</p>
    <p type="plain_text">mémoire émis par cette association à l’attention de ses</p>
    <p type="plain_text">membres risquait de les mener à violer la LCart dans la</p>
    <p type="plain_text">mesure où sa mise en œuvre n’était pas conforme à la</p>
    <p type="plain_text">Communication concernant les conditions d’admissi-</p>
    <p type="plain_text">bilité, conformément à la Loi sur les cartels, d’accords</p>
    <p type="plain_text">sur l’utilisation de schémas de calcul</p>
    <p type="plain_text">3</p>
    <p type="plain_text">ainsi qu’à la loi</p>
    <p type="plain_text">elle-même.</p>
    <p type="plain_text">6. L’USPI-Neuchâtel n’a toutefois pas, suite à cet avis de</p>
    <p type="plain_text">droit, annoncé à ses membres qu’elle retirait son aide-</p>
    <p type="plain_text">mémoire. Par ailleurs, celui-ci était toujours publié sur le</p>
    <p type="plain_text">site Internet de l’association au moment de l’ouverture</p>
    <p type="plain_text">de l’enquête</p>
    <p type="plain_text">4</p>
    <p type="plain_text">mais fut toutefois retiré en juin 2010. Mal-</p>
    <p type="plain_text">gré ce retrait, l’aide-mémoire y est demeuré accessible</p>
    <p type="plain_text">via les moteurs de recherche jusqu’en janvier 2011.</p>
    <p type="plain_text">7. Ledit aide-mémoire contient plusieurs éléments pour</p>
    <p type="plain_text">la définition des honoraires. Il recommande notamment</p>
    <p type="plain_text">des taux (sous forme de fourchettes) pour le calcul des</p>
    <p type="plain_text">principaux honoraires de gérance (d’autres taux sont</p>
    <p type="plain_text">également recommandés pour les honoraires relatifs à</p>
    <p type="plain_text">des petits travaux ou à des activités particulières).</p>
    <p type="plain_text">8. Ces taux sont différents en fonction du montant total</p>
    <p type="plain_text">net de la valeur locative (art. 12 aide-mémoire USPI-</p>
    <p type="plain_text">Neuchâtel):</p>
    <p type="plain_text">1</p>
    <p type="plain_text">Cf. site internet de l’USPI-Neuchâtel &lt;www.uspi-neuchatel.ch/acti</p>
    <p type="plain_text">vites.asp&gt; (17.04.2012) et art. 3 des statuts de l’association.</p>
    <p type="plain_text">2</p>
    <p type="plain_text">Concernant les autres membres, il s’agit principalement de per-</p>
    <p type="plain_text">sonnes physiques membres de l’association à titre individuel, indépen-</p>
    <p type="plain_text">damment de l’entreprise qui les emploie (laquelle peut être membre</p>
    <p type="plain_text">également ou non).</p>
    <p type="plain_text">3</p>
    <p type="plain_text">Cf. DPC 1998/2, 354 ss, Communication «conditions d’admissibilité,</p>
    <p type="plain_text">conformément à la Loi sur les cartels, d’accords sur l’utilisation de</p>
    <p type="plain_text">schémas de calcul», ci-après «Communication sur les schémas de</p>
    <p type="plain_text">calcul».</p>
    <p type="plain_text">4</p>
    <p type="plain_text">Cf. site internet de l’USPI-Neuchâtel &lt;www.uspi-neuchatel.ch&gt;</p>
    <p type="plain_text">(08.06.2010, il a toutefois été retiré par la suite).</p>
    <p type="plain_text">2012/3 658</p>
    <p type="plain_text">Tableau 1: Taux pour les honoraires de gérance selon tranche</p>
    <p type="plain_text">De À Entre Et</p>
    <p type="plain_text">Jusqu’à 50'000 CHF 5.50 % 6.00 %</p>
    <p type="plain_text">50'000 CHF 100'000 CHF 5.00 % 5.50 %</p>
    <p type="plain_text">100'000 CHF 150'000 CHF 4.50 % 5.00 %</p>
    <p type="plain_text">150'000 CHF 200'000 CHF 4.25 % 4.75 %</p>
    <p type="plain_text">200'000 CHF 250'000 CHF 4.00 % 4.50 %</p>
    <p type="plain_text">250'000 CHF 500'000 CHF 3.75 % 4.25 %</p>
    <p type="plain_text">+ de 500'000 CHF 3.50 % 4.00 %</p>
    <p type="plain_text">Source: site internet de l’USPI-Neuchâtel &lt;http://www.uspi-neuchatel.ch/honoraires.asp&gt; (08.06.2010)</p>
    <p type="plain_text">9. Aux honoraires ci-dessus s’ajoutent les débours (frais</p>
    <p type="plain_text">de port, téléphones, timbres etc.) qui peuvent être factu-</p>
    <p type="plain_text">rés forfaitairement, entre 0.5 et 0.75 % de la totalité des</p>
    <p type="plain_text">sommes perçues.</p>
    <p type="plain_text">10. De plus, l’aide-mémoire contient une partie consa-</p>
    <p type="plain_text">crée aux commissions de courtage, qu’il est recomman-</p>
    <p type="plain_text">dé de fixer en fonction de la valeur immobilière de la</p>
    <p type="plain_text">façon suivante (art. 32 aide-mémoire USPI-Neuchâtel):</p>
    <p type="plain_text">Tableau 2: Taux pour la commission de courtage selon tranche</p>
    <p type="plain_text">De À</p>
    <p type="plain_text">500'001 CHF 1’000'000 CHF 3.50 %</p>
    <p type="plain_text">+ de 1’000'000 CHF 2.50 %</p>
    <p type="plain_text">Source: site internet de l’USPI-Neuchâtel &lt;http://www.uspi-neuchatel.ch/honoraires.asp&gt; (08.06.2010)</p>
    <p type="plain_text">11. En matière de courtage, l’aide-mémoire tarifaire pré-</p>
    <p type="plain_text">voit un régime particulier, dans le sens où les taux re-</p>
    <p type="plain_text">commandés doivent s’appliquer par tranche. Ainsi, un</p>
    <p type="plain_text">taux de 4,5 % s’applique jusqu’à CHF 500'000. Un taux</p>
    <p type="plain_text">de 3,5 % s’applique ensuite au montant compris entre</p>
    <p type="plain_text">CHF 500'001 et CHF 1 million et un taux de 2,5 % pour</p>
    <p type="plain_text">la partie de la vente qui dépasse le million de francs.</p>
    <p type="plain_text">Contrairement à ce que les taux recommandés laissent</p>
    <p type="plain_text">présumer, le calcul du taux final donne alors un taux qui</p>
    <p type="plain_text">n’est pas celui de la recommandation.</p>
    <p type="plain_text">5</p>
    <p type="plain_text">12. Le Secrétariat a fondé son analyse sur un échantil-</p>
    <p type="plain_text">lonnage de factures mis à disposition par 23 entreprises</p>
    <p type="plain_text">membres et 28 entreprises non-membres de l’USPI-</p>
    <p type="plain_text">Neuchâtel sur les 59 entreprises immobilières recensées</p>
    <p type="plain_text">par le Secrétariat dans ce canton. Les membres de</p>
    <p type="plain_text">l’USPI-Neuchâtel offrent presque exclusivement des</p>
    <p type="plain_text">activités de gérance et/ou de courtage immobiliers. La</p>
    <p type="plain_text">concurrence externe est donc représentée par les 28</p>
    <p type="plain_text">entreprises qui, selon les résultats des réponses aux</p>
    <p type="plain_text">questionnaires, sont actives dans le canton de Neuchâ-</p>
    <p type="plain_text">tel. Soit ces entreprises pratiquent exclusivement la gé-</p>
    <p type="plain_text">rance et/ou le courtage immobiliers, soit elles pratiquent</p>
    <p type="plain_text">ces activités en sus de leurs autres activités (p.ex. fidu-</p>
    <p type="plain_text">ciaires, études d’avocats ou de notaires).</p>
    <p type="plain_text">A.2 Procédure</p>
    <p type="plain_text">13. Le Secrétariat a ouvert, le 7 janvier 2009, une en-</p>
    <p type="plain_text">quête préalable concernant les recommandations tari-</p>
    <p type="plain_text">faires de l’USPI-Neuchâtel, qui avait pour objet de dé-</p>
    <p type="plain_text">terminer s’il existait des indices d’une restriction illicite à</p>
    <p type="plain_text">la concurrence.</p>
    <p type="plain_text">14. Des questionnaires sur leurs pratiques tarifaires ont</p>
    <p type="plain_text">été envoyés à des membres et non-membres de l’USPI-</p>
    <p type="plain_text">Neuchâtel. Le Secrétariat a en outre reçu un certain</p>
    <p type="plain_text">nombre de factures issues des activités de gérance et</p>
    <p type="plain_text">de courtage.</p>
    <p type="plain_text">15. Il est ressorti de l’enquête préalable que les recom-</p>
    <p type="plain_text">mandations tarifaires de l’USPI-Neuchâtel étaient suivies</p>
    <p type="plain_text">de façon significative par les membres de cette associa-</p>
    <p type="plain_text">tion ainsi que par les entreprises non-membres interro-</p>
    <p type="plain_text">gées, surtout dans le domaine de la gérance immobi-</p>
    <p type="plain_text">lière.</p>
    <p type="plain_text">16. Sur cette base, le 8 juin 2010, le Secrétariat a ou-</p>
    <p type="plain_text">vert, d’entente avec un membre de la présidence de la</p>
    <p type="plain_text">Commission de la concurrence (ci-après : COMCO), une</p>
    <p type="plain_text">enquête selon l’art. 27 LCart dirigée à l’encontre de</p>
    <p type="plain_text">l’USPI-Neuchâtel et de ses membres individuels.</p>
    <p type="plain_text">17. La communication de l'ouverture de cette enquête a</p>
    <p type="plain_text">fait l'objet d'une publication dans la Feuille fédérale</p>
    <p type="plain_text">6</p>
    <p type="plain_text">et</p>
    <p type="plain_text">dans la Feuille officielle suisse du commerce</p>
    <p type="plain_text">7</p>
    <p type="plain_text">selon</p>
    <p type="plain_text">l’art. 28 LCart.</p>
    <p type="plain_text">5</p>
    <p type="plain_text">En effet la vente d’un immeuble pour un montant de CHF 1'200'000.-</p>
    <p type="plain_text">aurait conduit, selon l’aide-mémoire, à appliquer le taux de 4,5 % sur</p>
    <p type="plain_text">les premiers CHF 500'000.-, le taux de 3,5 % sur les CHF 500'000.-</p>
    <p type="plain_text">suivants et enfin le taux de 2,5 % pour les CHF 200'000.- restants pour</p>
    <p type="plain_text">une commission de courtage de CHF 45'000.-. Ce montant correspond</p>
    <p type="plain_text">à un taux de 3,75 % et non pas de 2,5 %.</p>
    <p type="plain_text">6</p>
    <p type="plain_text">Communication de la Commission de la concurrence, FF 2010 4027.</p>
    <p type="plain_text">7</p>
    <p type="plain_text">FOSC No. 135 du 15 juillet 2010, 36.</p>
    <p type="plain_text">2012/3 659</p>
    <p type="plain_text">18. Dans le cadre de l’enquête, des questionnaires ont</p>
    <p type="plain_text">été envoyés à 143 entreprises et personnes physiques</p>
    <p type="plain_text">actives dans les domaines de la gérance et/ou du cour-</p>
    <p type="plain_text">tage dans les cantons de Neuchâtel, Vaud, Fribourg et</p>
    <p type="plain_text">Berne. En ce qui concerne le canton de Neuchâtel,</p>
    <p type="plain_text">l’envoi du questionnaire visait l’exhaustivité des entre-</p>
    <p type="plain_text">prises concernées; pour ce faire, le Secrétariat s’est</p>
    <p type="plain_text">basé sur l’annuaire téléphonique ainsi que diverses</p>
    <p type="plain_text">listes obtenues sur Internet. Pour les autres cantons, le</p>
    <p type="plain_text">Secrétariat s’est concentré sur les villes les plus proches</p>
    <p type="plain_text">de la «frontière» neuchâteloise, à savoir Yverdon-les-</p>
    <p type="plain_text">Bains, Morat et Bienne. L’envoi des questionnaires à</p>
    <p type="plain_text">des entreprises situées hors du canton de Neuchâtel</p>
    <p type="plain_text">avait pour but de déterminer la portée des recommanda-</p>
    <p type="plain_text">tions tarifaires de l’USPI-Neuchâtel ainsi que de per-</p>
    <p type="plain_text">mettre une comparaison du marché neuchâtelois avec</p>
    <p type="plain_text">les marchés voisins.</p>
    <p type="plain_text">19. Le 15 avril 2011, le Secrétariat a transmis pour prise</p>
    <p type="plain_text">de position son rapport final d’enquête aux parties lequel</p>
    <p type="plain_text">concluait que l’affectation de la concurrence sur le mar-</p>
    <p type="plain_text">ché de référence n’était pas notable. Ce projet a été</p>
    <p type="plain_text">présenté à la COMCO lors de sa séance plénière du</p>
    <p type="plain_text">27 juin 2011. Toutefois, celle-ci n’a pas suivi la proposi-</p>
    <p type="plain_text">tion du Secrétariat.</p>
    <p type="plain_text">20. Le 3 octobre 2011, la COMCO s’est prononcée en</p>
    <p type="plain_text">faveur du principe d’un accord amiable.</p>
    <p type="plain_text">21. Le 15 novembre 2011, le Secrétariat a rencontré les</p>
    <p type="plain_text">représentants de l’USPI-Neuchâtel pour leur faire part</p>
    <p type="plain_text">de cette situation.</p>
    <p type="plain_text">22. Le 14 mai 2012 le Secrétariat a signé l’accord</p>
    <p type="plain_text">amiable figurant sous ch. 80, préalablement accepté par</p>
    <p type="plain_text">les parties le 03 mai 2012.</p>
    <p type="plain_text">23. Le 15 mai 2012, le projet de décision a été envoyé</p>
    <p type="plain_text">aux parties pour prise de position.</p>
    <p type="plain_text">24. Les 8 et 15 juin 2012, les parties ont pris position sur</p>
    <p type="plain_text">la proposition du Secrétariat.</p>
    <p type="plain_text">B Considérants</p>
    <p type="plain_text">B.1 Champ d'application</p>
    <p type="plain_text">25. La LCart s'applique aux entreprises de droit privé ou</p>
    <p type="plain_text">de droit public qui sont parties à des cartels ou à</p>
    <p type="plain_text">d'autres accords en matière de concurrence, qui sont</p>
    <p type="plain_text">puissantes sur le marché ou participent à des concentra-</p>
    <p type="plain_text">tions d’entreprises (art. 2 al. 1 LCart).</p>
    <p type="plain_text">26. Par entreprise, on entend tout acteur qui produit des</p>
    <p type="plain_text">biens ou des services et participe ainsi de façon indé-</p>
    <p type="plain_text">pendante au processus économique, que ce soit du côté</p>
    <p type="plain_text">de l'offre ou de la demande (art. 2 al. 1</p>
    <p type="plain_text">bis</p>
    <p type="plain_text">LCart). Les</p>
    <p type="plain_text">membres de l’USPI-Neuchâtel sont considérés comme</p>
    <p type="plain_text">des entreprises au sens de cette disposition.</p>
    <p type="plain_text">B.2 Prescriptions réservées</p>
    <p type="plain_text">27. Selon l’art. 3 al. 1 LCart, sont réservées les prescrip-</p>
    <p type="plain_text">tions qui sur un marché, excluent de la concurrence</p>
    <p type="plain_text">certains biens ou services, notamment celles qui établis-</p>
    <p type="plain_text">sent un régime de marché ou de prix de caractère éta-</p>
    <p type="plain_text">tique (let. a) et celles qui chargent certaines entreprises</p>
    <p type="plain_text">de l’exécution de tâches publiques en leur accordant des</p>
    <p type="plain_text">droits spéciaux (let. b). D’autre part, selon l’art. 3 al. 2</p>
    <p type="plain_text">LCart, cette dernière n’est pas applicable aux effets sur</p>
    <p type="plain_text">la concurrence qui découlent exclusivement de la légis-</p>
    <p type="plain_text">lation sur la propriété intellectuelle.</p>
    <p type="plain_text">28. Dans les marchés concernés, il n’existe aucune</p>
    <p type="plain_text">prescription qui exclut la concurrence. Par ailleurs, les</p>
    <p type="plain_text">réserves de l’art. 3 al. 1 et 2 LCart n’ont pas été invo-</p>
    <p type="plain_text">quées par les parties.</p>
    <p type="plain_text">B.3 Accords sur les prix</p>
    <p type="plain_text">29. Les accords qui affectent de manière notable la con-</p>
    <p type="plain_text">currence sur le marché de certains biens ou services et</p>
    <p type="plain_text">qui ne sont pas justifiés par des motifs d'efficacité éco-</p>
    <p type="plain_text">nomique, ainsi que tous ceux qui conduisent à la sup-</p>
    <p type="plain_text">pression d'une concurrence efficace, sont illicites (art. 5</p>
    <p type="plain_text">al. 1 LCart).</p>
    <p type="plain_text">B.3.1 Accords en matière de concurrence</p>
    <p type="plain_text">30. Par accords en matière de concurrence, on entend</p>
    <p type="plain_text">les conventions avec ou sans force obligatoire ainsi que</p>
    <p type="plain_text">les pratiques concertées d’entreprises occupant des</p>
    <p type="plain_text">échelons du marché identiques ou différents, dans la</p>
    <p type="plain_text">mesure où elles visent ou entraînent une restriction à la</p>
    <p type="plain_text">concurrence (art. 4 al. 1 LCart).</p>
    <p type="plain_text">31. Pour qu’il y ait accord en matière de concurrence,</p>
    <p type="plain_text">les éléments de fait suivants doivent être réalisés: a) une</p>
    <p type="plain_text">action collective consciente et voulue de la part des en-</p>
    <p type="plain_text">treprises concernées et b) l’accord vise ou entraîne ef-</p>
    <p type="plain_text">fectivement une restriction à la concurrence.</p>
    <p type="plain_text">32. L’aide-mémoire de l’USPI-Neuchâtel, en particulier la</p>
    <p type="plain_text">partie concernant les taux recommandés pour les activi-</p>
    <p type="plain_text">tés de gérance et de courtage, est un accord en matière</p>
    <p type="plain_text">de concurrence au sens de l’art. 4 al. 1 LCart pour les</p>
    <p type="plain_text">raisons suivantes:</p>
    <p type="plain_text">a) L’aide-mémoire constitue une convention adoptée</p>
    <p type="plain_text">par les membres de l’USPI-Neuchâtel lors de</p>
    <p type="plain_text">l’assemblée générale du 7 juin 2004.</p>
    <p type="plain_text">8</p>
    <p type="plain_text">A cette</p>
    <p type="plain_text">date, les membres ont dû se prononcer sur deux</p>
    <p type="plain_text">solutions alternatives concernant leurs tarifs pro-</p>
    <p type="plain_text">fessionnels: d’une part, l’adoption d’un «aide-</p>
    <p type="plain_text">mémoire» tarifaire qui remplacerait les tarifs alors</p>
    <p type="plain_text">en vigueur, de l’autre l’abolition des tarifs. Or, la</p>
    <p type="plain_text">première solution a été adoptée à l’unanimité.</p>
    <p type="plain_text">Partant, l’aide-mémoire tarifaire est le fruit d’une</p>
    <p type="plain_text">action consciente et voulue des membres actifs</p>
    <p type="plain_text">de l’USPI-Neuchâtel.</p>
    <p type="plain_text">9</p>
    <p type="plain_text">D’autre part, l’aide-mémoire</p>
    <p type="plain_text">a été tacitement accepté lorsqu’il a été distribué</p>
    <p type="plain_text">aux membres à la fin de l’année 2004.</p>
    <p type="plain_text">10</p>
    <p type="plain_text">Le fait</p>
    <p type="plain_text">que ces tarifs soient désignés comme tarifs re-</p>
    <p type="plain_text">commandés, aussi bien dans l’aide-mémoire (art.</p>
    <p type="plain_text">1</p>
    <p type="plain_text">er</p>
    <p type="plain_text">aide-mémoire USPI-Neuchâtel) que dans les</p>
    <p type="plain_text">8</p>
    <p type="plain_text">Voir procès-verbal de l’assemblée générale du 7 juin 2004, points 3.3</p>
    <p type="plain_text">et 5.</p>
    <p type="plain_text">9</p>
    <p type="plain_text">Voir DPC 2006/4, 593, N 21 ss, Tarif des Verbandes Schweizerischer</p>
    <p type="plain_text">Unternehmungen für Bau und Unterhalt von Tankanlagen (VTR), ci-</p>
    <p type="plain_text">après VTR; DPC 2003/2, 278, N 31, Fahrschule Graubünden;</p>
    <p type="plain_text">DPC 2000/2, 172 s., N 29 ss, Tarifs conseillés de l’Association fribour-</p>
    <p type="plain_text">geoise des écoles de circulation (AFEC), ci-après AFEC.</p>
    <p type="plain_text">10</p>
    <p type="plain_text">Voir procès-verbal de l’assemblée générale du 6 juin 2005, point 3.3.</p>
    <p type="plain_text">2012/3 660</p>
    <p type="plain_text">statuts de l’association (art. 16 aide-mémoire US-</p>
    <p type="plain_text">PI-Neuchâtel in fine) – et donnent ainsi</p>
    <p type="plain_text">l’impression qu’ils constituent une décision unila-</p>
    <p type="plain_text">térale de celle-ci – a pour effet de qualifier l’aide-</p>
    <p type="plain_text">mémoire au moins de convention sans force obli-</p>
    <p type="plain_text">gatoire dans la mesure où aucun élément de con-</p>
    <p type="plain_text">trainte ne paraît avoir été mis en place.</p>
    <p type="plain_text">11</p>
    <p type="plain_text">b) L’aide-mémoire vise et entraine une restriction à</p>
    <p type="plain_text">la concurrence. Le fait que les membres de</p>
    <p type="plain_text">l’association se soient entendus pour l’adoption de</p>
    <p type="plain_text">l’aide-mémoire tarifaire permet aux agences im-</p>
    <p type="plain_text">mobilières de prévoir, avec un degré raisonnable</p>
    <p type="plain_text">de certitude, la politique de prix qui sera appliquée</p>
    <p type="plain_text">par leurs concurrents, et ce d’autant plus que la</p>
    <p type="plain_text">pratique horizontale d’élaboration et de diffusion</p>
    <p type="plain_text">de tarifs recommandés était une activité régulière</p>
    <p type="plain_text">et constante de l’USPI-Neuchâtel (voir chiffre</p>
    <p type="plain_text">32a).</p>
    <p type="plain_text">33. Par conséquent, l’aide-mémoire tarifaire conclu entre</p>
    <p type="plain_text">les membres de l’USPI-Neuchâtel est un accord en ma-</p>
    <p type="plain_text">tière de concurrence au sens de l’art. 4 al. 1 LCart.</p>
    <p type="plain_text">B.3.2 Appréciation des accords sur les prix</p>
    <p type="plain_text">34. Selon l’art. 5 al. 3 LCart, «sont présumés entraîner la</p>
    <p type="plain_text">suppression de la concurrence efficace dans la mesure</p>
    <p type="plain_text">où ils réunissent des entreprises effectivement ou poten-</p>
    <p type="plain_text">tiellement concurrentes, les accords:</p>
    <p type="plain_text">a) qui fixent directement ou indirectement les prix ;</p>
    <p type="plain_text">b) qui restreignent des quantités de biens ou de ser-</p>
    <p type="plain_text">vices à produire, à acheter ou à fournir;</p>
    <p type="plain_text">c) qui opèrent une répartition géographique des</p>
    <p type="plain_text">marchés ou une répartition en fonction des parte-</p>
    <p type="plain_text">naires commerciaux».</p>
    <p type="plain_text">35. En cas d’existence d’un tel accord, il s’agit en pre-</p>
    <p type="plain_text">mier lieu d’examiner si la présomption de suppression</p>
    <p type="plain_text">de la concurrence se vérifie. Dans la négative, une</p>
    <p type="plain_text">éventuelle affectation notable de la concurrence doit être</p>
    <p type="plain_text">analysée.</p>
    <p type="plain_text">36. En l’espèce, l’aide-mémoire de l’USPI-Neuchâtel</p>
    <p type="plain_text">établit des fourchettes de taux (en matière de gérance)</p>
    <p type="plain_text">et des taux fixes (en matière de courtage) à l’attention</p>
    <p type="plain_text">de ses membres. Or, la présomption de l’art. 5 al. 3 let. a</p>
    <p type="plain_text">LCart vise la fixation de tout prix ou élément de prix con-</p>
    <p type="plain_text">cernant une prestation déterminée ou l’ensemble des</p>
    <p type="plain_text">prestations d’une entreprise.</p>
    <p type="plain_text">12</p>
    <p type="plain_text">Par ailleurs, les membres</p>
    <p type="plain_text">actifs de l’USPI-Neuchâtel l’appliquent, le taux de suivi</p>
    <p type="plain_text">étant analysé ci-dessous (voir chiffres 63-66).</p>
    <p type="plain_text">37. Pour l’activité de gérance d’immeubles, l’aide-</p>
    <p type="plain_text">mémoire recommande des fourchettes de taux, variant</p>
    <p type="plain_text">de 0,5 point (cf. Tableau 1), qui doivent être appliqués à</p>
    <p type="plain_text">la valeur locative de l’immeuble en question (totalité des</p>
    <p type="plain_text">sommes perçues des locataires, y compris les locaux</p>
    <p type="plain_text">occupés par le propriétaire, que ce soit à titre de loyer,</p>
    <p type="plain_text">de contribution de chauffage et d’eau chaude, ou d’autre</p>
    <p type="plain_text">contribution).</p>
    <p type="plain_text">13</p>
    <p type="plain_text">38. Pour l’activité de courtage immobilier, les taux</p>
    <p type="plain_text">recommandés doivent être appliqués, par tranche, à la</p>
    <p type="plain_text">valeur de l’immeuble qui a été convenue entre vendeur</p>
    <p type="plain_text">et acheteur (cf. Tableau 2).</p>
    <p type="plain_text">39. Le taux final représente ainsi la commission de gé-</p>
    <p type="plain_text">rance ou de courtage. Or, les factures sont composées</p>
    <p type="plain_text">essentiellement de la commission prélevée par l’agent</p>
    <p type="plain_text">immobilier. Ainsi, l’aide-mémoire tarifaire recommandant</p>
    <p type="plain_text">des taux ou des fourchettes de taux a des effets sur les</p>
    <p type="plain_text">prix des services fournis. Il est donc constitutif d’un ac-</p>
    <p type="plain_text">cord sur les prix selon l’art. 5 al. 3 let. a LCart. Partant, il</p>
    <p type="plain_text">est présumé supprimer la concurrence efficace.</p>
    <p type="plain_text">B.3.2.1 Renversement de la présomption selon</p>
    <p type="plain_text">art. 5 al. 3 LCart</p>
    <p type="plain_text">40. La présomption de la suppression de la concurrence</p>
    <p type="plain_text">peut être renversée si la concurrence efficace externe</p>
    <p type="plain_text">(concurrence des entreprises non parties à l’accord) ou</p>
    <p type="plain_text">interne (concurrence des entreprises parties à l’accord)</p>
    <p type="plain_text">subsiste malgré l'accord.</p>
    <p type="plain_text">41. Avant d'examiner si la présomption peut être renver-</p>
    <p type="plain_text">sée, il est nécessaire de délimiter le marché des produits</p>
    <p type="plain_text">et le marché géographique de référence.</p>
    <p type="plain_text">B.3.2.1.1 Marchés de référence</p>
    <p type="plain_text">I. Marché de produits</p>
    <p type="plain_text">42. Le marché de produits comprend tous les produits</p>
    <p type="plain_text">ou services que les partenaires potentiels de l'échange</p>
    <p type="plain_text">considèrent comme substituables en raison de leurs</p>
    <p type="plain_text">caractéristiques et de l'usage auquel ils sont destinés</p>
    <p type="plain_text">(voir par analogie art. 11 al. 3 let. a de l’Ordonnance du</p>
    <p type="plain_text">17 juin 1996 sur le contrôle des concentrations</p>
    <p type="plain_text">d’entreprises [OCCE; RS 251.4]).</p>
    <p type="plain_text">43. Les membres de l’USPI-Neuchâtel sont actifs sur</p>
    <p type="plain_text">deux marchés distincts: la gérance d’immeubles et le</p>
    <p type="plain_text">courtage immobilier.</p>
    <p type="plain_text">14</p>
    <p type="plain_text">44. La gérance immobilière est un service demandé</p>
    <p type="plain_text">par les propriétaires immobiliers. Elle consiste à gérer et</p>
    <p type="plain_text">à administrer un immeuble locatif pour le compte d’un</p>
    <p type="plain_text">propriétaire. Les principales tâches d’un gérant sont la</p>
    <p type="plain_text">location de locaux, l’établissement de baux à loyer, la</p>
    <p type="plain_text">recherche de concierges, l’entretien des immeubles,</p>
    <p type="plain_text">l’intervention auprès des locataires, la commande de</p>
    <p type="plain_text">combustible et l’établissement des comptes de chauf-</p>
    <p type="plain_text">fage et d’eau. Etant donné que la gérance d’immeubles</p>
    <p type="plain_text">est un ensemble de services complémentaires deman-</p>
    <p type="plain_text">dés comme tel, il convient de définir le marché de la</p>
    <p type="plain_text">gérance immobilière comme un marché englobant</p>
    <p type="plain_text">l’ensemble des prestations usuelles qui sont rattachées</p>
    <p type="plain_text">à cette activité.</p>
    <p type="plain_text">15</p>
    <p type="plain_text">A ce stade, il est important de relever</p>
    <p type="plain_text">qu’aucun indice crédible ne justifierait de découper le</p>
    <p type="plain_text">marché en fonction des tranches correspondantes aux</p>
    <p type="plain_text">fourchettes</p>
    <p type="plain_text">prévues</p>
    <p type="plain_text">par</p>
    <p type="plain_text">la</p>
    <p type="plain_text">recommandation.</p>
    <p type="plain_text">16 En effet, 11 Voir DPC 2006/4, 593, N 25, VTR ; DPC 2000/2, 172 s., N 29 ss, AFEC.</p>
    <p type="plain_text">12</p>
    <p type="plain_text">Message du 23 novembre 1994, FF 1995 I 562 ; DPC 2001/4, 666 s., N 70, Tarifvertrag in der halbprivaten Versicherung.</p>
    <p type="plain_text">13</p>
    <p type="plain_text">Voir art. 12 aide-mémoire.</p>
    <p type="plain_text">14</p>
    <p type="plain_text">Il a été décidé d’inclure l’administration de parts de propriété par étages (PPE) dans le marché de la gérance étant donné le peu de factures à disposition pour l’administration de PPE et les caractéristiques identiques de ces deux activités (cf. à cet égard DPC 1998/2, 189 ss, SVIT-Honorarrichtlinien).</p>
    <p type="plain_text">15</p>
    <p type="plain_text">Voir DPC 1998/2, 187, Tarifs de la Société vaudoise des régisseurs et courtiers en immeubles et en fonds de commerce.</p>
    <p type="plain_text">16</p>
    <p type="plain_text">Pour un exemple de découpage justifié, cf. DPC 1998/2, 292 ss, UBS/SBV. 2012/3 661 les mêmes acteurs offrent leurs services, peu importe l’importance de la valeur locative de l’objet à gérer.</p>
    <p type="paragraph_mark">45.</p>
    <p type="plain_text">Le courtage immobilier consiste à intervenir comme négociateur entre un vendeur et un acheteur d’un bien immobilier en vue de faire aboutir une vente ou une promesse de vente. Le marché du courtage immobilier englobe donc l’ensemble de ces activités.</p>
    <p type="paragraph_mark">46.</p>
    <p type="plain_text">En l’espèce, il convient de distinguer deux marchés de référence, l’un relatif à la gérance immobilière et l’autre pour le courtage immobilier. II. Marché géographique</p>
    <p type="paragraph_mark">47.</p>
    <p type="plain_text">Le marché géographique comprend le territoire sur lequel les partenaires potentiels de l’échange sont engagés du côté de l’offre ou de la demande pour les produits ou services qui composent le marché de produits (voir par analogie art. 11 al. 3 let. b. OCCE).</p>
    <p type="paragraph_mark">48.</p>
    <p type="plain_text">Pour ce qui est de la gérance immobilière, les entreprises qui offrent cette prestation se situent généralement à proximité des immeubles à gérer. En effet, les activités de gérance requièrent de fréquents déplacements (p.ex. pour l’établissement d’un état des lieux d’entrée et de sortie). Pour cette raison, le marché géographique est local, voire cantonal. Cette hypothèse est confirmée par les réponses apportées par les entreprises au questionnaire du Secrétariat. 17</p>
    <p type="paragraph_mark">49.</p>
    <p type="plain_text">Le courtage immobilier en revanche tend à perdre sa dimension régionale. 18 Une entreprise présente sur le territoire du canton de Neuchâtel peut également offrir ses prestations dans un ou plusieurs autres cantons. En outre, d’après les informations recueillies au cours de la procédure, il existerait plusieurs entreprises n’ayant pas leur siège dans le canton de Neuchâtel qui sont actives dans ce canton avec ou sans succursale. Les cantons les plus fréquemment cités sont Fribourg, Vaud, Genève, Jura et Berne. Par conséquent, le marché géographique s’étend certainement au-delà des frontières neuchâteloises. Toutefois, la question peut rester ouverte en l’espèce dans la mesure où une délimitation étroite du marché géographique limité au seul canton de Neuchâtel ne permet pas de conclure à l’illicéité des recommandations de prix liées au courtage immobilier.</p>
    <p type="paragraph_mark">B.3.2.1.2</p>
    <p type="plain_text">Présomption renversée</p>
    <p type="paragraph_mark">50.</p>
    <p type="plain_text">Selon les résultats de l’enquête, lors de laquelle les entreprises visées par l’enquête ont été requises de fournir jusqu’à 5 factures par tranche de valeur locative et pour les années 2007 à 2010, 66,9 % des factures analysées (en matière de gérance), respectivement 96 % (en matière de courtage) révèlent des taux qui diffèrent de ceux prévus par les recommandations tarifaires de l’USPI-Neuchâtel. Ces taux pourraient s’avérer différents si une analyse complète de toutes les factures émises avait été effectuée. Néanmoins, tout porte à croire qu’une concurrence subsiste aussi bien interne – entre les entreprises qui sont parties à l’accord – qu’externe – entre les entreprises qui ne sont pas parties à l’accord – démontrant que l’aide-mémoire tarifaire de l’USPI-Neuchâtel n’a pas pour effet de supprimer la concurrence efficace sur les marchés de la gérance et du courtage immobiliers. Partant, la présomption de suppression de l’art. 5 al. 3 LCart peut être renversée. Il convient dès lors d’examiner l’éventuelle notabilité de l’affectation à la concurrence de l’aide-mémoire tarifaire de l’USPI-Neuchâtel.</p>
    <p type="paragraph_mark">B.3.3</p>
    <p type="plain_text">Gérance immobilière: Affectation notable de la concurrence</p>
    <p type="paragraph_mark">51.</p>
    <p type="plain_text">Les accords qui affectent de manière notable la concurrence sur le marché de certains biens ou services et qui ne sont pas justifiés par des motifs d’efficacité économique, sont illicites (art. 5 al. 1 LCart). Le critère de la notabilité a trait à des éléments aussi bien qualitatifs que quantitatifs. 19</p>
    <p type="paragraph_mark">B.3.3.1</p>
    <p type="plain_text">Critères qualitatifs</p>
    <p type="paragraph_mark">52.</p>
    <p type="plain_text">En présumant que les accords horizontaux sur les prix suppriment la concurrence efficace (cf. art. 5 al. 3 let. a LCart), la Loi sur les cartels démontre l’importance qu’il faut accorder à ce paramètre concurrentiel.</p>
    <p type="paragraph_mark">53.</p>
    <p type="plain_text">La jurisprudence des autorités de la concurrence a déjà affirmé à plusieurs reprises qu’un accord sur les prix 20 , même sous forme de prix recommandés ici 21 , peut affecter le jeu de la concurrence dans la mesure où elle permet aux acteurs du marché de prévoir avec un degré raisonnable de certitude quelle pourrait être la politique de prix poursuivie par les concurrents. En effet, les recommandations de prix entre concurrents diminuent le choix des différentes combinaisons de prixprestation à disposition des entreprises. Elles n’incitent pas les entreprises à fixer leur prix en fonction de leurs propres situations. Leur application est susceptible de réduire, de façon générale, la rivalité qui doit exister entre les acteurs sur le marché. De plus, lorsqu’elles sont émises par une association professionnelle, les recommandations de prix peuvent influencer non seulement le comportement concurrentiel des membres de l’association concernée, mais aussi des éventuelles entreprises qui n’en font pas partie. 22 En définissant précisément les services correspondant aux taux à appliquer, l’association professionnelle contribue à une certaine uniformisation des prestations des différents offreurs sur le marché.</p>
    <p type="paragraph_mark">54.</p>
    <p type="plain_text">En l’espèce, les tarifs recommandés de l’USPINeuchâtel remplissent l’exigence qualitative d’une affectation notable.</p>
    <p type="paragraph_mark">B.3.3.2</p>
    <p type="plain_text">Critères quantitatifs</p>
    <p type="paragraph_mark">55.</p>
    <p type="plain_text">Afin de déterminer, si l’accord affecte notablement la concurrence de manière quantitative, il convient d’examiner l’état de la concurrence (actuelle et potentielle) sur les marchés concernés. 17 En effet, la majorité d’entre elles qualifient le marché géographique comme tel. Voir réponses aux questions n° 11 (courtage) et n° 20 (gérance) du questionnaire (acte 69).</p>
    <p type="plain_text">18</p>
    <p type="plain_text">Voir DPC 1998/2, 187, Tarifs de la Société vaudoise des régisseurs et courtiers en immeubles et en fonds de commerce.</p>
    <p type="plain_text">19</p>
    <p type="plain_text">DPC 2000/2, 167 ss, AFEC.</p>
    <p type="plain_text">20</p>
    <p type="plain_text">DPC 2009/3, 196 ss, Elektroinstallationsbetriebe Bern; DPC 2008/1, 50 ss, Pavimentazioni stradali in Ticino; DPC 1997/3, 334 ss, Sammelrevers für Musiknoten.</p>
    <p type="plain_text">21</p>
    <p type="plain_text">DPC 2000/2, 167 ss, AFEC.</p>
    <p type="plain_text">22</p>
    <p type="plain_text">DPC 2000/2, 175, AFEC. 2012/3 662 a. Concurrence actuelle</p>
    <p type="paragraph_mark">56.</p>
    <p type="plain_text">L’analyse statistique a porté sur 578 factures</p>
    <p type="plain_text">23</p>
    <p type="plain_text">sélectionnées et fournies par les entreprises concernées par l’enquête pour les années situées entre 2007 et 2010. Les professionnels de l’immobilier ont une pratique de facturation qui varie beaucoup d’une entreprise à l’autre. La détermination du prix est fonction, notamment, de l’état locatif (net ou brut), de l’immeuble (état de vétusté, entretien), du type d’immeuble, du type de locataires, des exigences du propriétaire (rendement, fréquence de la facturation, participation) et du nombre de relations commerciales passées et potentielles avec le client. Ainsi, il est courant qu’une entreprise émette une facture trimestrielle nette pour un client et une facture annuelle brute et à forfait pour un autre. Afin de comparer des éléments comparables, un travail important d’uniformisation et d’interprétation des documents fournis a dû être accompli. Il a amené les résultats suivants.</p>
    <p type="paragraph_mark">57.</p>
    <p type="plain_text">Concernant la concurrence actuelle entre les membres de l’association parties à l’accord, l’analyse montre que les recommandations tarifaires de l’USPINeuchâtel en matière de gérance ont été suivies en moyenne de la façon suivante (cf. Tableau 3): 24 Tableau 3: Pourcentage de suivi des recommandations tarifaires de l’USPI par ses membres, pondéré par valeur locative Tranche Suivi Non suivi Total Jusqu’à 50'000.- 17.0 83.0 100.0 De 50'000.- à 100'000.- 29.3 70.7 100.0 De 100'000.- à 150'000.- 35.9 64.1 100.0 De 150'000.- à 200'000.- 22.5 77.5 100.0 De 200'000.- à 250'000.- 42.3 57.7 100.0 De 250'000.- à 500'000.- 53.7 46.3 100.0 Supérieur à 500'000.- 25.0 75.0 100.0 Moyenne 33.1 66.9 100.0 Source: 434 factures et/ou contrats obtenus dans le cadre de l’enquête. Elaboration: Secrétariat.</p>
    <p type="paragraph_mark">58.</p>
    <p type="plain_text">En moyenne, selon l’analyse effectuée sur la base des factures produites par les entreprises membres de l’USPI-Neuchâtel actives sur le marché de la gérance immobilière, celles-ci ont appliqué les tarifs recommandés pour facturer leurs prestations dans le 33,1 % des cas. Ce taux d’application des tarifs de l’USPI-Neuchâtel est fondé sur les renseignements fournis par la presque totalité des entreprises pratiquant dans le canton de Neuchâtel. En outre, l’aide-mémoire donne une indication sur le niveau attendu des honoraires par tranche de valeur locative, même si les honoraires effectivement facturés se situent, dans d’autres cas, légèrement endeçà ou au-delà de la fourchette prévue. Dans le cadre d’une enquête conclue par un accord amiable, la question du pourcentage exact de suivi peut toutefois rester ouverte. Dans le cas d'espèce, un taux de suivi d'un tiers doit toutefois être considéré comme un minimum dans la mesure où il a été calculé sur la base de factures choisies librement par les entreprises.</p>
    <p type="paragraph_mark">59.</p>
    <p type="plain_text">Ces résultats présentent un intérêt pour l’analyse de la notabilité dans la mesure où ces entreprises, membres de l’USPI-Neuchâtel, ont généré, aux cours des années prises en examen, le 77,7 % du chiffre d’affaires du marché relevant.</p>
    <p type="paragraph_mark">60.</p>
    <p type="plain_text">Pour ce qui touche au comportement des entreprises de gérance qui ne sont pas membres de l’association et ne sont pas parties à l’accord, dans le 51,1 % des cas, les taux recommandés ont été appliqués (cf. Tableau 4). 23 434 factures de 18 entreprises membres et 144 factures de 15 entreprises non-membres de l’USPI-Neuchâtel.</p>
    <p type="plain_text">24</p>
    <p type="plain_text">Les factures ont été réparties dans les différentes tranches proposées par l’USPI-Neuchâtel. Une pondération a ensuite été effectuée par rapport à la valeur locative correspondant aux factures respectives. 2012/3 663 Tableau 4: Pourcentage de suivi des recommandations tarifaires de l’USPI par les entreprises nonmembres, pondéré par valeur locative Tranche Suivi Non suivi Total Jusqu’à 50'000.- 12.2 87.8 100.0 De 50'000.- à 100'000.- 51.5 48.5 100.0 De 100'000.- à 150'000.- 51.9 48.1 100.0 De 150'000.- à 200'000.- 9.3 90.7 100.0 De 200'000.- à 250'000.- 100.0 0.0 100.0 De 250'000.- à 500'000.- 66.4 33.6 100.0 Supérieur à 500'000.- 100.0 0.0 100.0 Moyenne 51.1 48.9 100.0 Source: 144 factures et/ou contrats obtenus dans le cadre de l’enquête. Elaboration: Secrétariat.</p>
    <p type="paragraph_mark">61.</p>
    <p type="plain_text">Ce résultat se fonde sur un échantillon de factures moins important surtout pour les tranches supérieures (à partir de CHF 200'000). Pour l’ensemble, il représente néanmoins un indicateur important de l’attitude des entreprises non-membres de l’USPI-Neuchâtel, vis-à-vis des tarifs recommandés. Ainsi, les entreprises parties à l’accord ne sont pas soumises à la pression de leurs concurrents directs sur le marché relevant.</p>
    <p type="paragraph_mark">62.</p>
    <p type="plain_text">Les mêmes considérations peuvent être faites par rapport au comportement des entreprises actives sur les marchés limitrophes. Sur la base des réponses aux questionnaires envoyés à des entreprises actives hors du canton de Neuchâtel (cf. chiffre 18), les résultats, en particulier pour Yverdon-les-Bains et Bienne, semblent indiquer une certaine influence des tarifs de l’USPINeuchâtel sur le comportement des entreprises actives dans les régions limitrophes à ce canton. Tableau 5: Pourcentage de taux correspondant aux recommandations tarifaires de l’USPI-Neuchâtel par les entreprises de la région Yverdon/Ste-Croix, pondéré par valeur locative Tranche Suivi Non suivi Total Jusqu’à 50'000.- 7.5 92.5 100.0 De 50'000.- à 100'000.- 62.4 37.6 100.0 De 100'000.- à 150'000.- 42.6 57.4 100.0 De 150'000.- à 200'000.- 18.3 81.7 100.0 De 200'000.- à 250'000.- 56.9 43.1 100.0 De 250'000.- à 500'000.- 23.0 77.0 100.0 Supérieur à 500'000.- 68.4 31.6 100.0 Moyenne 61.1 38.9 100.0 Source: 73 factures et/ou contrats obtenus dans le cadre de l’enquête. Elaboration: Secrétariat.</p>
    <p type="paragraph_mark">63.</p>
    <p type="plain_text">Le taux global de suivi au sein du canton de Neuchâtel pour l’ensemble des entreprises actives sur le marché relevant est résumé par tranche de valeur locative dans le tableau suivant: Tableau 6: Pourcentage de suivi des recommandations tarifaires de l’USPI-Neuchâtel par les entreprises membres et non-membres, pondéré par valeur locative Tranche Suivi Non suivi Total Jusqu’à 50'000.- 15.7 84.3 100.0 De 50'000.- à 100'000.- 35.0 65.0 100.0 De 100'000.- à 150'000.- 39.9 60.1 100.0 De 150'000.- à 200'000.- 19.6 80.4 100.0 De 200'000.- à 250'000.- 44.8 55.2 100.0 De 250'000.- à 500'000.- 56.3 43.7 100.0 Supérieur à 500'000.- 31.3 68.7 100.0 Moyenne 36.4 63.6 100.0 Source: 578 factures et/ou contrats obtenus dans le cadre de l’enquête. Elaboration: Secrétariat. 2012/3 664</p>
    <p type="paragraph_mark">64.</p>
    <p type="plain_text">Le graphique 1 met en évidence que, de façon générale, les taux appliqués dans le domaine de la gérance immobilière aux clients dans le canton de Neuchâtel se concentrent en grande partie à l’intérieur des taux recommandés par l’USPI-Neuchâtel. Il s’agit d’un élément supplémentaire qui démontre une certaine dépendance des entreprises actives sur ce marché vis-à-vis de ces recommandations. Graphique 1: répartition croissante des taux appliqués par toutes les entreprises interrogées Source: 578 factures et/ou contrats obtenus dans le cadre de l’enquête. Elaboration: Secrétariat.</p>
    <p type="paragraph_mark">65.</p>
    <p type="plain_text">Par conséquent, le taux d’application des recommandations de 33,1 % en moyenne chez les membres de l’USPI-Neuchâtel, défini sur la base des factures produites par ceux-ci, permet de conclure, en l’espèce, à une affectation quantitativement notable de la concurrence efficace sur le marché de la gérance immobilière dans le canton de Neuchâtel dans la mesure où ce taux peut être considéré comme un taux d’application minimal. En effet, dans le cadre d’une procédure comprenant un accord amiable, le Secrétariat a renoncé à examiner la situation de manière plus approfondie.</p>
    <p type="paragraph_mark">66.</p>
    <p type="plain_text">En conclusion, les recommandations de prix de l’USPI-Neuchâtel affectent notablement la concurrence efficace sur le marché de la gérance d’immeubles du canton de Neuchâtel. Il convient donc d’examiner si l’analyse de la concurrence potentielle sur ce marché est propre à modifier l’appréciation de la concurrence actuelle. b. Concurrence potentielle</p>
    <p type="paragraph_mark">67.</p>
    <p type="plain_text">Pour aborder la question de la concurrence potentielle, il faut déterminer si, à court terme (dans les deux ou trois années à venir), des entreprises pourraient pénétrer le marché de la gérance sur Neuchâtel et y jouer un rôle suffisamment important pour discipliner le comportement des entreprises qui appliquent les recommandations tarifaires de l’USPI-Neuchâtel. A ce sujet, il convient de mentionner les éléments suivants.</p>
    <p type="paragraph_mark">68.</p>
    <p type="plain_text">Bien que le marché ne semble pas poser de barrières à l’entrée, le nombre d’entreprises actives sur celui-ci est resté plutôt stable au fil des années. Parmi les membres de l’USPI-Neuchâtel, seule une entreprise a été rachetée par un concurrent 25 .</p>
    <p type="paragraph_mark">69.</p>
    <p type="plain_text">Selon le registre du commerce, la grande majorité des entreprises actives dans la gérance immobilière sur le canton de Neuchâtel, ont été créées bien avant la publication des recommandations tarifaires. Seules quelques-unes de ces entreprises – non-membres de l’USPI-Neuchâtel – y ont été inscrites dans les six dernières années. La structure du marché semble donc être arrivée à maturité, ce qui tend à indiquer une faible probabilité de nouvelles entrées à court terme sur le marché relevant. Même si l’entrée de nouveaux opérateurs, qu’ils deviennent ou non membres de l’association, devait s’intensifier, ceux-ci pourraient ne pas avoir intérêt à remettre en discussion les tarifs recommandés mais être plutôt incités à les suivre, à l’instar des entreprises nonmembres (cf. ch. 60). Les mêmes conclusions pourraient s’appliquer à des entreprises actives dans les régions limitrophes au canton de Neuchâtel qui décideraient d’élargir leur champ d’activité à ce canton. Par conséquent, la concurrence potentielle n’aurait pas pour effet de discipliner suffisamment les entreprises parties à l’accord.</p>
    <p type="paragraph_mark">70.</p>
    <p type="plain_text">En conclusion, l’affectation notable de la concurrence actuelle ne peut pas être contrebalancée par une forte concurrence potentielle.</p>
    <p type="paragraph_mark">B.3.3.3</p>
    <p type="plain_text">Pas de justification pour des motifs d'efficacité économique</p>
    <p type="paragraph_mark">71.</p>
    <p type="plain_text">Un accord qui affecte de façon notable la concurrence est réputé justifié par des motifs d'efficacité économique (art. 5 al. 2 LCart): 25 Cf. registre du commerce du canton de Neuchâtel. Gérance (membres et non-membres), toutes les observations Taux_USPI_min Taux_USPI_max Taux_angewendet_gerundet 2012/3 665</p>
    <p type="paragraph_mark">a)</p>
    <p type="plain_text">lorsqu’il est nécessaire pour réduire les coûts de production ou de distribution, pour améliorer les produits ou les procédés de fabrication, pour promouvoir la recherche ou la diffusion de connaissances techniques ou professionnelles, ou pour exploiter plus rationnellement des ressources et</p>
    <p type="paragraph_mark">b)</p>
    <p type="plain_text">lorsque cet accord ne permettra en aucune façon aux entreprises concernées de supprimer une concurrence efficace.</p>
    <p type="paragraph_mark">72.</p>
    <p type="plain_text">Certains professionnels de l’immobilier ont affirmé que les recommandations tarifaires servent de base de négociation, ou de base de calcul, ou encore qu’ils fournissent ces indications à leurs clients afin de leur donner un aperçu des prix du marché. 26 Ces éléments soutiennent la thèse développée au point B.3.3.1, selon laquelle les recommandations tarifaires d’associations sont en principe nuisibles à la concurrence. En effet, ces recommandations sont établies de façon concertée par les professionnels de la branche et sont utilisées par euxmêmes pour justifier leurs prix.</p>
    <p type="paragraph_mark">73.</p>
    <p type="plain_text">La COMCO a précisé dans sa Communication sur les schémas de calcul qu’un tel schéma ne doit pas contenir d’indication de grandeur ou de pourcentage forfaitaire, mais doit par exemple se limiter à de simples données permettant aux entreprises de calculer leurs coûts. 27</p>
    <p type="paragraph_mark">74.</p>
    <p type="plain_text">La doctrine va dans le même sens en affirmant que les aides de calcul et de gestion mises à disposition de ses membres par une association ne doivent pas exercer d’influence directe ou indirecte sur le libre jeu de la concurrence, notamment en prenant la forme de tarifs applicables par tous les membres indépendamment de leur propre structure de prix de revient. La diffusion par une organisation professionnelle de tarifs recommandés est de nature à inciter les adhérents à aligner leurs tarifs. Une telle méthode dissuade les entreprises dont les prix de revient sont les plus bas de baisser leurs prix et procure ainsi un avantage artificiel aux entreprises maîtrisant moins leurs coûts de production. 28</p>
    <p type="paragraph_mark">75.</p>
    <p type="plain_text">Les recommandations de prix de l’USPI-Neuchâtel pour les honoraires de gérance ne peuvent dès lors pas être justifiées pour des motifs d’efficacité économique dans la mesure où elles ne remplissent aucun des deux critères de l’art. 5 al. 2 LCart.</p>
    <p type="paragraph_mark">B.3.3.4</p>
    <p type="plain_text">Résultat</p>
    <p type="paragraph_mark">76.</p>
    <p type="plain_text">Les résultats de l’enquête démontrent que les recommandations tarifaires de l’USPI-Neuchâtel pour les honoraires de gérance affectent de façon notable la concurrence efficace sur le marché de la gérance immobilière dans le canton de Neuchâtel sans être justifiées par des motifs d’efficacité économique (art. 5 al. 3 let. a LCart en relation avec l’art. 5 al. 1 LCart).</p>
    <p type="paragraph_mark">B.3.4</p>
    <p type="plain_text">Courtage immobilier: Absence d’affectation notable de la concurrence</p>
    <p type="paragraph_mark">77.</p>
    <p type="plain_text">L’aide-mémoire tarifaire relatif au courtage prévoit un régime particulier dans la mesure où les taux recommandés s’appliquent par tranche. 29 Ainsi, un taux de 4,5 % vaut jusqu’à CHF 500'000. Un taux de 3,5 % s’applique ensuite au montant compris entre CHF 500'001 et CHF 1 mio et un taux de 2,5 % pour la partie de la vente qui dépasse le million de francs. Le calcul du taux final devrait alors donner un résultat qui n’est pas «rond», contrairement à ce que les taux recommandés portent à croire.</p>
    <p type="paragraph_mark">78.</p>
    <p type="plain_text">Il ressort des résultats de l’analyse des contrats et factures obtenus que les taux proposés aux clients sont généralement situés au point ou à la demie (voir graphique 2). De ce fait, le taux de suivi calculé sur la base des factures envoyées par les entreprises interrogées est bien plus faible (entre 2 % et 6 %) que celui relatif à la gérance. Cela s’explique par le fait qu’il s’agit de taux fixes et que les recommandations tarifaires ont été considérées comme suivies uniquement si les entreprises appliquent exactement le taux USPI-Neuchâtel, en tenant compte par exemple des rabais. De plus, le système proposé pour les tarifs de courtage n’a que rarement été appliqué comme le prévoient les recommandations de l’USPI-Neuchâtel. Tandis que les entreprises ont interprété ou préféré appliquer des taux ronds en fonction de la valeur de vente des immeubles, les tarifs prévoient une application par tranche (cf. Tableau 2, chiffre 10). Le graphique 2 illustre cet état de fait: 26 Voir p. ex. actes 103 et 192 réponses à la question 7, acte 131 annexe 3 et acte 150.</p>
    <p type="plain_text">27</p>
    <p type="plain_text">Art. 3 et 4 Communication sur les schémas de calcul (DPC 1998/2, 354 ss).</p>
    <p type="plain_text">28</p>
    <p type="plain_text">PATRICK L. KRAUSKOPF/OLIVIER SCHALLER, in: Basler Kommentar, Kartellgesetz, Amstutz/Reinert (Hrsg.), 2010, Art. 5 KG, N 391 ss; STEFAN BÜHLER/DENNIS L. GÄRTNER, Making Sense of Non-Binding Retail-Price Recommendations, Working Paper No. 0902, 2009 (University of Zurich), 5 ss; ROGER ZÄCH, Schweizerisches Kartellrecht, 2. Auflage, 2005, N 244 ss.</p>
    <p type="plain_text">29</p>
    <p type="paragraph_mark">A</p>
    <p type="plain_text">l’image de la pratique des tarifs appliqués dans le notariat latin, voir PIERRE TERCIER, Les notaires et le droit de la concurrence, in: La Semaine Judiciaire 31/1998, 505 ss. 2012/3 666 Graphique 2: Taux de courtage les plus appliqués dans le canton de Neuchâtel Source: 437 factures et/ou contrats obtenus dans le cadre de l’enquête USPI-Neuchâtel. Elaboration: Secrétariat.</p>
    <p type="paragraph_mark">79.</p>
    <p type="plain_text">Par conséquent, les recommandations de prix de l’USPI-Neuchâtel n’affectent pas la concurrence efficace de manière notable en matière de courtage.</p>
    <p type="paragraph_mark">B.4</p>
    <p type="plain_text">Accord amiable</p>
    <p type="paragraph_mark">80.</p>
    <p type="plain_text">Le 14 mai 2012, le Secrétariat a conclu un accord amiable au sens de l’art. 29 LCart avec l’USPINeuchâtel et ses membres, actifs dans le domaine de la gérance immobilière, selon les termes suivants: A. Préambule I. Le présent accord amiable au sens de l’art. 29 de la Loi sur les cartels (LCart; RS 251) a pour but de simplifier, de raccourcir et de mettre un terme formel à la procédure 22-0379, sous réserve de son approbation par la Commission de la concurrence (ci-après COMCO). II. La volonté et la disponibilité des membres et de l’USPI-Neuchâtel de conclure le présent accord sont considérées par le Secrétariat comme un comportement coopératif qui sera dûment pris en compte lors de l’établissement de la sanction. III. Sur la base du dossier établi par la procédure, le Secrétariat va soumettre à la COMCO une proposition de sanction située entre CHF 30’000 et CHF 40'000. IV. Le montant définitif de l’amende sera fixé par la COMCO et sera intégré dans la décision formelle, laquelle mettra fin à la procédure. V. Si le présent accord amiable devait ne pas trouver l’agrément de la COMCO, l’enquête serait alors poursuivie jusqu’à son terme selon la procédure ordinaire et, en cas de constatation d’un comportement illicite, la sanction serait alors fixée par la COMCO en application de la LCart et de l’Ordonnance sur les sanctions en cas de restrictions illicites à la concurrence du 12 mars 2004 (OS-LCart; RS 251.5). VI. Pour autant que l'accord amiable soit approuvé par la COMCO et que la sanction prononcée se situe dans la fourchette de proposition mentionnée au chiffre III ci-dessus, l’USPI-Neuchâtel et les membres renoncent à recourir. USPINeuchâtel et ses membres maintiennent leur appréciation, exprimée au cours de l'enquête, au sujet de l'état de fait retenu et de son analyse juridique. VII. Les frais de la procédure seront mis solidairement à la charge des membres, selon une quote-part identique. VIII. Le Secrétariat proposera de clore l’enquête sans suite à l’encontre des membres de l’USPINeuchâtel non concernés par l’accord amiable. B. Accord</p>
    <p type="paragraph_mark">1.</p>
    <p type="plain_text">Les membres s’engagent à ne plus adopter de recommandations de prix constituant des accords en matière de concurrence prohibés par la LCart, respectivement à ne plus appliquer les recommandations de prix établies par l’USPINeuchâtel.</p>
    <p type="paragraph_mark">2.</p>
    <p type="plain_text">L’USPI-Neuchâtel s’engage à ne plus éditer, diffuser ou publier de recommandations de prix constituant des accords en matière de concurrence prohibés par la LCart.</p>
    <p type="paragraph_mark">3.</p>
    <p type="plain_text">L’USPI-Neuchâtel s’engage à assurer le recouvrement du montant de la sanction et des frais de la procédure.</p>
    <p type="paragraph_mark">4.</p>
    <p type="plain_text">Une révocation ou une modification du présent accord amiable conformément à l’art. 30 al. 3 LCart est réservée.</p>
    <p type="paragraph_mark">81.</p>
    <p type="plain_text">La COMCO approuve l’accord amiable du 14 mai 2012.</p>
    <p type="paragraph_mark">N</p>
    <p type="plain_text">o m b re d e c o n tr a ts Taux appliqués Fréquence d'utilisation des taux Membre 3 Non-membre 3 Tous 3 2012/3 667</p>
    <p type="paragraph_mark">B.5</p>
    <p type="plain_text">Sanction</p>
    <p type="paragraph_mark">82.</p>
    <p type="plain_text">L’entreprise qui participe à un accord illicite au terme de l’art. 5 al. 3 LCart est tenue au paiement d’une amende d’un montant pouvant aller jusqu’à 10 % de son chiffre d’affaires réalisé en Suisse au cours des trois dernières années (art. 49a al. 1 LCart).</p>
    <p type="paragraph_mark">83.</p>
    <p type="plain_text">En l’espèce, les membres individuels de l’USPINeuchâtel se sont entendus sur l’élaboration d’une recommandation de prix laquelle s’apparente à la conclusion d’un accord sur les prix au sens de l’art. 5 al. 3 LCart. Ladite recommandation a été publiée sur le site de l’USPI-Neuchâtel. Dès lors, l’illicéité de l’accord litigieux peut être imputé aux entreprises qui ont pris part à l’accord. 30</p>
    <p type="paragraph_mark">84.</p>
    <p type="plain_text">Certains auteurs ont mis en doute la sanctionnabilité directe des accords relevant de l’art. 5 al. 3 LCart dont l’illicéité ne découle pas directement de la suppression de la concurrence, mais repose, après le renversement de la présomption, sur une affectation notable de la concurrence qui ne peut être justifiée par des motifs d’efficacité économique. D’autres estiment au contraire que la sanctionnabilité directe des accords illicites tient aux types d’accords décrits à l’art. 5 al. 3 LCart et non au degré d’atteinte à la concurrence. 31</p>
    <p type="paragraph_mark">85.</p>
    <p type="plain_text">A ce sujet, il y a lieu de rappeler que les accords visés par l’art. 49a LCart sont ceux dont les effets sont les plus dommageables pour les consommateurs, les entreprises et l’économie en général. C’est pourquoi, la LCart présume qu’ils suppriment la concurrence efficace. Deux conditions doivent être réunies pour qu’un accord soit sanctionnable: l’accord doit (1) être un de ceux qui sont décrits à l’art. 5 al. 3 LCart et (2) être illicite. L’art. 49a al. 1 LCart ne précise pas que l’illicéité découle du degré d’atteinte (supression/affectation) à la concurrence. Par conséquent, la sanctionnabilité est donnée indépendamment du fait que l’accord supprime la concurrence ou l’affecte «seulement» de façon notable sans être justifié par des motifs d’efficacité économique.</p>
    <p type="paragraph_mark">86.</p>
    <p type="plain_text">Le Message du Conseil fédéral relatif à la révision de la LCart confirme cette interprétation. Il précise que sont exclus du champ d’application des sanctions directes les accords selon l’art. 5 al. 1 LCart qui «n’ont pas pour objet un accord portant sur les prix, les quantités ou la répartition géographique, ni aux accords portant sur les prix, les quantités ou la répartition géographique qui ne nuisent pas considérablement à la concurrence efficace ou ne l’éliminent pas, ou qui se justifient par des motifs d’efficacité économique». 32 La volonté du législateur est claire: les accords portant sur les prix, les quantités ou la répartition de marchés, qui affectent la concurrence de façon notable et ne sont pas justifiés par des motifs d’efficacité économique, doivent être soumis aux sanctions directes.</p>
    <p type="paragraph_mark">87.</p>
    <p type="plain_text">Il en ressort que l’art. 49a al. 1 LCart est aussi applicable aux accords prévus à l’art. 5 al. 3 LCart pour lesquels la présomption a été renversée mais qui affectent tout de même la concurrence efficace de façon notable sans être justifiés par des motifs d’efficacité économique, ce qui ressort aussi clairement de la jurisprudence de la COMCO.</p>
    <p type="plain_text">33</p>
    <p type="plain_text">C’est pourquoi, dans le cas d’espèce, l’accord horizontal constitué par les recommandations tarifaires de l’USPI-Neuchâtel pour les honoraires de gérance est sanctionnable en vertu de l’art. 49a al. 1 LCart.</p>
    <p type="paragraph_mark">88.</p>
    <p type="plain_text">Pour le calcul concret de la sanction, l’OS-LCart se fonde tout d’abord sur un montant de base pouvant aller, selon le type et la gravité de l’infraction, jusqu’à 10 % du chiffre d’affaires réalisé en Suisse au cours des trois derniers exercices sur les marchés pertinents (art. 3 OSLCart). Ce montant est ensuite augmenté en fonction de la durée de la pratique anticoncurrentielle (art. 4 OSLCart). Cette augmentation peut atteindre 50 % pour une pratique d’une durée de 1 à 5 ans et ensuite, une augmentation complémentaire de 10 % par année supplémentaire est possible. Enfin, les circonstances aggravantes (art. 5 OS-LCart) et atténuantes (art. 6 OS-LCart) doivent être observées bien que l’OS-LCart ne précise pas dans quelle mesure le montant de base doit être modifié en pareilles circonstances.</p>
    <p type="paragraph_mark">89.</p>
    <p type="plain_text">Il ressort toutefois de ce calcul en trois étapes que la COMCO dispose d’un pouvoir d’appréciation, tant dans la fixation du montant de base, que dans l’observation de circonstances aggravantes ou atténuantes. Cela signifie que la COMCO peut prononcer une sanction à caractère symbolique. Dans ce cas, le montant final dépend d’une réflexion qui permet de fixer le niveau adéquat de la sanction en tenant compte du principe de proportionnalité. 34</p>
    <p type="paragraph_mark">90.</p>
    <p type="plain_text">La procédure d’enquête n’a pas établi que les entreprises visées avaient réalisé, grâce à l’accord en question, un profit particulier qui accentuerait la gravité de l’infraction (art. 3 OS-LCart). Quant aux circonstances, relevons que les destinataires de la décision ont fait preuve d’un comportement extrêmement coopératif tout au long de la procédure. L’USPI-Neuchâtel a également retiré les recommandations tarifaires de son site internet. De plus, tant l’USPI-Neuchâtel que ses membres individuels se sont engagés par accord amiable à ne plus diffuser, publier ou recommander de prix, respectivement à ne plus établir de telles recommandations.</p>
    <p type="paragraph_mark">91.</p>
    <p type="plain_text">Par conséquent, en tenant compte de ces considérations et de l’ensemble des circonstances, la COMCO prononce une sanction globale - inférieure à la limite maximale prévue par l’art. 49a al. 1 LCart - située dans la fourchette prévue par l’accord amiable d’un montant de CHF 35'000.- à l’encontre des membres individuels de l’USPI-Neuchâtel selon la liste de notification. 30 Arrêt du TAF, DPC 2007/4, 672 consid. 4.2.6, Flughafen Zürich AG (Unique)/WEKO.</p>
    <p type="plain_text">31</p>
    <p type="plain_text">Pour un aperçu complet. de cette question, voir C. TAGMANN, Die direkten Sanktionen nach Art. 49a Abs. 1 Kartellgesetz, Zurich/Bâle/Genève 2007, 35 ss, resp. 52.</p>
    <p type="plain_text">32</p>
    <p type="plain_text">Message du 7 novembre 2001 relatif à la révision de la Loi sur les cartels, FF 2002, 1911 ss, 1925.</p>
    <p type="plain_text">33</p>
    <p type="plain_text">DPC 2009/2, 155, N 84 ss, Sécateurs et cisailles.</p>
    <p type="plain_text">34</p>
    <p type="plain_text">DPC 2009/2, 157, N 99, Sécateurs et cisailles. 2012/3 668</p>
    <p type="paragraph_mark">C</p>
    <p type="plain_text">Frais</p>
    <p type="paragraph_mark">92.</p>
    <p type="plain_text">Conformément à l’art. 2 al. 1 de l’Ordonnance du 25 février 1998 sur les émoluments LCart (Oemol-LCart; RS 251.2), est notamment tenu de s’acquitter d’un émolument celui qui occasionne une procédure administrative.</p>
    <p type="paragraph_mark">93.</p>
    <p type="plain_text">Dans la procédure d’enquête, les parties concernées doivent verser des émoluments lorsqu’il existe une restriction à la concurrence ou si elles acceptent de se soumettre à la loi. Les parties sont réputées se soumettre à la loi lorsqu’elles abandonnent le comportement supposé restrictif de la concurrence et que la procédure est clôturée sans suite. 35 En l’espèce, les destinataires de la décision sont donc tenus de s’acquitter des émoluments.</p>
    <p type="paragraph_mark">94.</p>
    <p type="plain_text">En vertu de l’art. 4 al. 1 et 2 Oemol-LCart, l’émolument se calcule en fonction du temps consacré à l’affaire ; il varie de CHF 100.- à CHF 400.- l’heure. Le montant est fixé notamment en fonction de l’urgence de l’affaire et de la classe de salaire de l’employé qui effectue la prestation (art. 4 al. 3 Oemol-LCart). Les frais de port, de téléphone et de copie sont compris dans l’émolument forfaitaire (art. 4 al. 4 Oemol-LCart).</p>
    <p type="paragraph_mark">95.</p>
    <p type="plain_text">Les frais de la procédure d’un montant de CHF […] sont mis solidairement à la charge des membres de l’USPI-Neuchâtel selon la liste de notification (art 1a Oemol-LCart en relation avec l’art. 2 al. 2 Ordonnance générale du 8 septembre 2004 sur les émoluments, OGEmol; RS 172.041.1).</p>
    <p type="paragraph_mark">D</p>
    <p type="plain_text">Conclusion</p>
    <p type="paragraph_mark">96.</p>
    <p type="plain_text">Les recommandations tarifaires émises par l’USPINeuchâtel sous la forme d’aide-mémoire affectent notablement la concurrence sur le marché de la gérance immobilière dans le canton de Neuchâtel et constituent dès lors un accord illicite au sens de l’art. 5 al. 3 let. a LCart en relation avec l’art. 5 al. 1 LCart sans pouvoir être justifiées par un motif d’efficacité économique au sens de l’art. 5 al. 2 LCart.</p>
    <p type="paragraph_mark">97.</p>
    <p type="plain_text">L’enquête n’a pas permis d’établir des conclusions similaires en ce qui concerne le marché du courtage immobilier.</p>
    <p type="paragraph_mark">98.</p>
    <p type="plain_text">La coopération et la disponibilité des destinataires de la décision durant toute la procédure ainsi que le retrait des recommandations de prix ont permis la conclusion d’un accord amiable par lequel les membres actifs sur le marché de la gérance immobilière et l’USPI-Neuchâtel se sont engagés à ne plus créer ou appliquer de recommandations de prix illicites au sens de la Loi sur les cartels, respectivement à ne plus éditer, diffuser ou publier de telles recommandations.</p>
    <p type="paragraph_mark">99.</p>
    <p type="plain_text">La question d’une sanction prononcée à l’encontre de l’association peut demeurer ouverte en l’espèce, dans la mesure où son rôle est demeuré essentiellement passif.</p>
    <p type="paragraph_mark">E</p>
    <p type="plain_text">Dispositif La Commission de la concurrence, se fondant sur les faits dont elle a eu connaissance et les développements qui précèdent, décide selon l’art. 30 al. 1 LCart que :</p>
    <p type="paragraph_mark">1.</p>
    <p type="plain_text">l’accord amiable suivant du 14 mai 2012 est approuvé (cf. pour le texte intégral ch. 80):" - Les membres s’engagent à ne plus adopter de recommandations de prix constituant des accords en matière de concurrence prohibés par la LCart, respectivement à ne plus appliquer les recommandations de prix établies par l’USPI-Neuchâtel. - L’USPI-Neuchâtel s’engage à ne plus éditer, diffuser ou publier de recommandations de prix constituant des accords en matière de concurrence prohibés par la LCart. - L’USPI-Neuchâtel s’engage à assurer le recouvrement du montant de la sanction et des frais de la procédure. - Une révocation ou une modification du présent accord amiable conformément à l’art. 30 al. 3 LCart est réservée."</p>
    <p type="paragraph_mark">2.</p>
    <p type="plain_text">les membres de l’USPI-Neuchâtel, A. Gesteam Sàrl, Agence Immobilière et Commerciale S.A. Fidimmobil, Foncia Neuchâtel SA, Fiduciaire Daniel Jaggi SA, G.C.I Services SA, Gérance Charles Berset SA, Gérancia &amp; Bolliger SA, Gerimmo SA, Littoral-Gérance SA, Michel Wolf SA, Müller &amp; Christe SA, Naef Immobilier Neuchâtel SA, Offidus Régie Immobilière SA, OptiGestion Services Immobiliers SA, Régie Immobilière Jouval SA, Régie Immobilière Ribaux &amp; Von Kessel, The Swatch Group Immeubles SA, sont condamnés au paiement d’un montant total de CHF 35'000.-;</p>
    <p type="paragraph_mark">3.</p>
    <p type="plain_text">l’enquête est close sans suite à l’encontre des autres parties à la procédure;</p>
    <p type="paragraph_mark">4.</p>
    <p type="plain_text">les frais de la procédure 22-0379 d’un montant de CHF […] sont mis solidairement à la charge des membres de l’USPI-Neuchâtel parties à l’accord amiable du 14 mai 2012;</p>
    <p type="paragraph_mark">5.</p>
    <p type="plain_text">la violation de l’accord amiable du 14 mai 2012 peut être sanctionnée selon les art. 50 et 54 LCart;</p>
    <p type="paragraph_mark">6.</p>
    <p type="plain_text">[Notification]</p>
    <p type="paragraph_mark">7.</p>
    <p type="plain_text">[Voies de droit] 35 DPC 2009/2, 157, N 107, Sécateurs et cisailles; ATF 128 II 247, 257 s. consid. 6.1 (=DPC 2002/3, 546 ss, consid. 6.1) ; art. 3 al. 2 let. b et c Oemol-LCart a contrario.</p>
  </body>
  <body_footnote>
    <p type="footnote">1 CHF 500'000 CHF 4.50 %</p>
  </body_footnote>
</text>