<?xml version='1.0' encoding='UTF-8'?>
<text author="" date="2009-01-28" decade="2000" description="Genève Cour de justice (Cour de droit public) Chambre des assurances sociales 28.01.2009 A/4202/2008" file="GE_CJ_014_A-4202-2008_2009-01-28.html" id="GE_CJ_014_A-4202-2008_2009-01-28" language="fr" page="" source="https://entscheidsuche.ch" subtopics="" title="Genève Cour de justice (Cour de droit public) Chambre des assurances sociales 28.01.2009 A/4202/2008" topics="Genf  Chambre des assurances sociales" type="GE_CJ_014" url="http://justice.ge.ch/apps/decis/fr/atas/show/1962471?doc=" year="2009"><body><p type="plain_text">&lt;table border="0" cellpadding="0" cellspacing="0"&gt; &lt;tr&gt; &lt;td&gt;RÉPUBLIQUE ET CANTON DE GENÈVE
&lt;/td&gt; &lt;/tr&gt; &lt;tr&gt; &lt;td colspan="3" width="572"&gt; &lt;p&gt;POUVOIR JUDICIAIRE&lt;/p&gt;
&lt;p&gt; &lt;/p&gt;
&lt;/td&gt; &lt;/tr&gt; &lt;tr&gt; &lt;td colspan="3" width="572"&gt; &lt;p align="left"&gt;A/4202/2008 &lt;a href="https://justice.ge.ch/apps/decis/fr/decis/search?query=ATAS/100/2009"&gt;ATAS/100/2009&lt;/a&gt;&lt;/p&gt;
&lt;p&gt;ARRET&lt;/p&gt;
&lt;p&gt;DU TRIBUNAL CANTONAL DES&lt;/p&gt;
&lt;p&gt;ASSURANCES SOCIALES&lt;/p&gt;
&lt;/td&gt; &lt;/tr&gt; &lt;tr&gt; &lt;td colspan="3" width="572"&gt; &lt;p&gt;Chambre 5&lt;/p&gt;
&lt;p&gt;du 28 janvier 2009&lt;/p&gt;
&lt;/td&gt; &lt;/tr&gt; &lt;/table&gt;</p><p type="plain_text">A/4202/2008 ATAS/100/2009</p><p type="plain_text">ARRET</p><p type="plain_text">DU TRIBUNAL CANTONAL DES</p><p type="plain_text">ASSURANCES SOCIALES</p><p type="plain_text">Chambre 5</p><p type="plain_text">du 28 janvier 2009</p><p type="plain_text">En la cause</p><p type="plain_text">&lt;table border="0" cellpadding="0" cellspacing="0" width="581"&gt; &lt;tr&gt; &lt;td valign="top" width="487"&gt; &lt;p align="left"&gt;S__________, représentée par sa mère, Madame T__________ S__________, domiciliée à CHENE-BOURG, comparant avec élection de domicile en l'étude de Maître ASSAEL Robert&lt;/p&gt;
&lt;p align="left"&gt; &lt;/p&gt;
&lt;/td&gt; &lt;td valign="top" width="95"&gt; &lt;p&gt;recourante&lt;/p&gt;
&lt;/td&gt; &lt;/tr&gt; &lt;/table&gt;</p><p type="plain_text">recourante</p><p type="plain_text">contre</p><p type="plain_text">&lt;table border="0" cellpadding="0" cellspacing="0" width="581"&gt; &lt;tr&gt; &lt;td valign="top" width="487"&gt; &lt;p align="left"&gt;SUVA CAISSE NATIONALE SUISSE D'ASSURANCE EN CAS D'ACCIDENTS, sise Fluhmattstrasse 1, LUCERNE&lt;/p&gt;
&lt;/td&gt; &lt;td valign="top" width="95"&gt; &lt;p&gt;intimée&lt;/p&gt;
&lt;/td&gt; &lt;/tr&gt; &lt;/table&gt;</p><p type="plain_text">intimée</p><p type="plain_text">Vu la décision sur opposition du 15 octobre 2008 de la Caisse nationale suisse en cas d'accidents (SUVA), par laquelle celle-ci a déclaré irrecevable l'opposition formée par Lina S__________, représentée par sa mère, Madame S__________ T__________, contre sa décision du 4 janvier 2008;</p><p type="plain_text">Vu le recours du 17 octobre 2008 de l'assurée, représentée par son conseil, contre cette décision, concluant à son annulation et au renvoi de la cause à la SUVA pour entrer en matière sur le fond du litige, sous suite de dépens;</p><p type="plain_text">Vu la lettre du 18 décembre 2008 de l'intimée, par laquelle celle-ci a acquiescé aux conclusions du recours et annulé la décision querellée, tout en s'engageant à statuer quant au fond;</p><p type="plain_text">Attendu que le recours devient ainsi sans objet;</p><p type="plain_text">Que lorsque le recours est déclaré sans objet, le recourant peut prétendre à des dépens, pour autant que les chances de succès telles qu'elles se présentaient avant que le recours ne devienne sans objet, le justifient (RAMA 2001 p. 76);</p><p type="plain_text">Que compte tenu du fait que l'intimée a reconsidéré sa décision, il y a lieu d'accorder à la recourante une indemnité de 500 fr. à titre de dépens.</p><p type="plain_text">PAR CES MOTIFS, LE TRIBUNAL CANTONAL DES ASSURANCES SOCIALES :</p><p type="plain_text">Prend acte de l'annulation de la décision dont est recours.</p><p type="plain_text">Déclare le recours sans objet.</p><p type="plain_text">Raye la cause du rôle.</p><p type="plain_text">Condamne l'intimée à verser à la recourante une indemnité de 500 fr. à titre de dépens.</p><p type="plain_text">Dit que la procédure est gratuite.</p><p type="plain_text">Informe les parties de ce qu’elles peuvent former recours contre le présent arrêt dans un délai de 30 jours dès sa notification auprès du Tribunal fédéral (Schweizerhofquai 6, 6004 LUCERNE), par la voie du recours en matière de droit public, conformément aux art. 82 ss de la loi fédérale sur le Tribunal fédéral du 17 juin 2005 (LTF); le mémoire de recours doit indiquer les conclusions, motifs et moyens de preuve et porter la signature du recourant ou de son mandataire ; il doit être adressé au Tribunal fédéral par voie postale ou par voie électronique aux conditions de l'art. 42 LTF. Le présent arrêt et les pièces en possession du recourant, invoquées comme moyens de preuve, doivent être joints à l'envoi.</p><p type="plain_text">&lt;table border="0" cellpadding="0" cellspacing="0" width="567"&gt; &lt;tr&gt; &lt;td valign="top" width="189"&gt; &lt;p&gt;La greffière&lt;/p&gt;
&lt;p&gt; &lt;/p&gt;
&lt;p&gt; &lt;/p&gt;
&lt;p&gt; &lt;/p&gt;
&lt;p&gt; &lt;/p&gt;
&lt;p&gt;Claire CHAVANNES &lt;/p&gt;
&lt;/td&gt; &lt;td valign="top" width="189"&gt; &lt;p&gt; &lt;/p&gt;
&lt;/td&gt; &lt;td width="189"&gt; &lt;p&gt;La présidente&lt;/p&gt;
&lt;p&gt; &lt;/p&gt;
&lt;p&gt; &lt;/p&gt;
&lt;p&gt; &lt;/p&gt;
&lt;p&gt; &lt;/p&gt;
&lt;p&gt;Maya CRAMER&lt;/p&gt;
&lt;/td&gt; &lt;/tr&gt; &lt;/table&gt;</p><p type="plain_text">Claire CHAVANNES</p><p type="plain_text">La présidente</p><p type="plain_text">Maya CRAMER</p><p type="plain_text">Une copie conforme du présent arrêt est notifiée aux parties ainsi qu’à l’Office fédéral de la santé publique par le greffe le</p></body></text>