<?xml version='1.0' encoding='UTF-8'?>
<text author="" date="2013-10-03" decade="2010" description="Genève Cour de justice (Cour de droit public) Chambre des assurances sociales 03.10.2013 A/2884/2012" file="GE_CJ_014_A-2884-2012_2013-10-03.html" id="GE_CJ_014_A-2884-2012_2013-10-03" language="fr" page="" source="https://entscheidsuche.ch" subtopics="" title="Genève Cour de justice (Cour de droit public) Chambre des assurances sociales 03.10.2013 A/2884/2012" topics="Genf  Chambre des assurances sociales" type="GE_CJ_014" url="http://justice.ge.ch/apps/decis/fr/atas/show/1968916?doc=" year="2013"><body><p type="plain_text">&lt;table border="0" cellpadding="0" cellspacing="0"&gt; &lt;tr&gt; &lt;td&gt;RÉPUBLIQUE ET CANTON DE GENÈVE
&lt;/td&gt; &lt;/tr&gt; &lt;tr&gt; &lt;td colspan="3" width="572"&gt; &lt;p&gt;POUVOIR JUDICIAIRE&lt;/p&gt;
&lt;p&gt; &lt;/p&gt;
&lt;/td&gt; &lt;/tr&gt; &lt;tr&gt; &lt;td colspan="3" width="572"&gt; &lt;p align="left"&gt;A/2884/2012 &lt;a href="https://justice.ge.ch/apps/decis/fr/decis/search?query=ATAS/975/2013"&gt;ATAS/975/2013&lt;/a&gt;&lt;/p&gt;
&lt;p&gt;COUR DE JUSTICE&lt;/p&gt;
&lt;p&gt;Chambre des assurances sociales&lt;/p&gt;
&lt;/td&gt; &lt;/tr&gt; &lt;tr&gt; &lt;td colspan="3" width="572"&gt; &lt;p&gt;Arrêt du 3 octobre 2013&lt;/p&gt;
&lt;p&gt;3&lt;sup&gt;ème&lt;/sup&gt; Chambre&lt;/p&gt;
&lt;/td&gt; &lt;/tr&gt; &lt;/table&gt;</p><p type="plain_text">A/2884/2012 ATAS/975/2013</p><p type="plain_text">COUR DE JUSTICE</p><p type="plain_text">Chambre des assurances sociales</p><p type="plain_text">Arrêt du 3 octobre 2013</p><p type="paragraph_mark">3</p><p type="plain_text">ème Chambre</p><p type="plain_text">En la cause</p><p type="plain_text">&lt;table border="0" cellpadding="0" cellspacing="0" width="581"&gt; &lt;tr&gt; &lt;td valign="top" width="487"&gt; &lt;p align="left"&gt;Monsieur K__________, domicilié à GENEVE&lt;/p&gt;
&lt;/td&gt; &lt;td valign="bottom" width="95"&gt; &lt;p&gt;recourant&lt;/p&gt;
&lt;/td&gt; &lt;/tr&gt; &lt;/table&gt;</p><p type="plain_text">recourant</p><p type="plain_text">contre</p><p type="plain_text">&lt;table border="0" cellpadding="0" cellspacing="0" width="581"&gt; &lt;tr&gt; &lt;td valign="top" width="487"&gt; &lt;p align="left"&gt;CAISSE NATIONALE SUISSE D'ASSURANCE EN CAS D'ACCIDENTS (SUVA) Rechtsabteilung, Fluhmattstrasse 1 LUCERNE, comparant avec élection de domicile en l'étude de Maître Didier ELSIG &lt;/p&gt;
&lt;/td&gt; &lt;td valign="bottom" width="95"&gt; &lt;p&gt;intimée&lt;/p&gt;
&lt;/td&gt; &lt;/tr&gt; &lt;/table&gt;</p><p type="plain_text">intimée</p><p type="plain_text">ATTENDU EN FAIT</p><p type="plain_text">Que Monsieur K__________ (ci-après : l’assuré) bénéficiait des prestations de l’assurance-chômage et était à ce titre assuré auprès de la CAISSE NATIONALE SUISSE D'ASSURANCE EN CAS D'ACCIDENTS (SUVA)contre le risque d’accidents lorsque, le 29 août 2010, il a glissé avec son scooter sur les rails du tramway et a chuté sur son épaule gauche;</p><p type="plain_text">Que par décision du 11 mai 2012, la SUVA a mis un terme au versement des prestations d’assurance avec effet au 31 mai 2012;</p><p type="plain_text">Que l’assuré s’est opposé à cette décision en alléguant en substance que les douleurs persistaient;</p><p type="plain_text">Que par décision sur opposition du 13 septembre 2012, la SUVA a confirmé sa décision précédente;</p><p type="plain_text">Que par écriture du 19 septembre 2012, l’assuré a interjeté recours auprès de la Cour de céans;</p><p type="plain_text">Qu’invité à se déterminer, l’intimée, dans sa réponse du 10 décembre 2012, a conclu au rejet du recours;</p><p type="plain_text">Que par écriture du 11 février 2013, l’assuré a persisté dans ses conclusions;</p><p type="plain_text">Que le 12 mars 2013, l’intimé a fait de même;</p><p type="plain_text">Qu’une audience d’enquêtes s’est tenue en date du 4 juillet 2013, au cours de laquelle a été entendu le Dr L__________;</p><p type="plain_text">Que l’intimée a soumis les déclarations du témoin à sa division de médecine qui s’est exprimée le 22 juillet 2013;</p><p type="plain_text">Que les médecins ont proposé de procéder à de nouveaux examens médicaux (en particulier une arthro-IRM de l’épaule gauche) avant de  requérir un second avis médical pour éclaircir la question de savoir si l’on pouvait conclure à une capsulite rétractile;</p><p type="plain_text">Que par écriture du 20 septembre 2013, le recourant a suggéré le nom de certains médecins pour ce deuxième avis;</p><p type="plain_text">CONSIDERANT EN DROIT</p><p type="plain_text">Que conformément à l'art. 134 al. 1 let. a ch. 5 de la loi sur l'organisation judiciaire, du 26 septembre 2010 (LOJ; RS E 2 05) en vigueur depuis le 1er janvier 2011, la Chambre des assurances sociales de la Cour de justice connaît en instance unique des contestations prévues à l’art. 56 de la loi fédérale sur la partie générale du droit des assurances sociales, du 6 octobre 2000 (LPGA; RS 830.1) relatives à la loi fédérale sur l'assurance-accidents, du 20 mars 1981 (LAA; RS 832.20);</p><p type="plain_text">Que la compétence de la Cour de céans pour juger du cas d’espèce est ainsi établie;</p><p type="plain_text">Qu’interjeté dans les forme et délai légaux, (art. 56 à 60 LPGA), le recours est recevable;</p><p type="plain_text">Qu’est litigieuse en l’espèce la question de savoir si c’est à juste titre que l’intimée a mis un terme à ses prestations avec effet au 31 mai 2012;</p><p type="plain_text">Que l’autorité administrative doit constater d’office les faits déterminants, c’est-à-dire toutes les circonstances dont dépend l’application des règles de droit (ATF 117 V 261 consid. 3 p. 263; T. LOCHER, Grundriss des Sozialversicherungsrecht, Bern 1994, t. 1, p. 438);</p><p type="plain_text">Qu’elle est ainsi tenue d’ordonner une instruction complémentaire lorsque les allégations des parties et les éléments ressortant du dossier requièrent une telle mesure, et qu’en particulier, elle doit mettre en œuvre une expertise lorsqu’il paraît nécessaire de clarifier des aspects médicaux (ATF 117 V 282 consid. 4a p. 283; RAMA 1985 p. 240 consid.4; LOCHER loc. cit.);</p><p type="plain_text">Que de son côté, le juge qui considère que les faits ne sont pas suffisamment élucidés peut renvoyer la cause à l’administration pour complément d’instruction ou procéder lui-même à une telle instruction complémentaire (RAMA 1993 p. 136) ;</p><p type="plain_text">Qu’en l’espèce, il apparaît manifeste que des investigations médicales complémentaires sont nécessaires, ainsi que l’a d’ailleurs reconnu l’intimée;</p><p type="plain_text">Que la cause n'étant, de l'avis de la Cour de céans comme des parties, pas suffisamment instruite pour permettre de se déterminer en connaissance de cause, il convient d’admettre partiellement le recours et de renvoyer la cause à l’intimé pour instruction complémentaire puis nouvelle décision.</p><p type="plain_text">PAR CES MOTIFS, LA CHAMBRE DES ASSURANCES SOCIALES :</p><p type="plain_text">Statuant</p><p type="plain_text">A la forme :</p><p type="paragraph_mark">1.</p><p type="plain_text">Déclare le recours recevable.![endif]&gt;![if&gt;</p><p type="plain_text">Au fond :</p><p type="paragraph_mark">2.</p><p type="plain_text">L’admet partiellement au sens des considérants.![endif]&gt;![if&gt;</p><p type="paragraph_mark">3.</p><p type="plain_text">Renvoie la cause à l’intimée pour instruction complémentaire et nouvelle décision.![endif]&gt;![if&gt;</p><p type="paragraph_mark">4.</p><p type="plain_text">Dit que la procédure est gratuite.![endif]&gt;![if&gt;</p><p type="paragraph_mark">5.</p><p type="plain_text">Informe les parties de ce qu’elles peuvent former recours contre le présent arrêt dans un délai de 30 jours dès sa notification auprès du Tribunal fédéral (Schweizerhofquai 6, 6004 LUCERNE), par la voie du recours en matière de droit public, conformément aux art. 82 ss de la loi fédérale sur le Tribunal fédéral, du 17 juin 2005 (LTF; RS 173.110); le mémoire de recours doit indiquer les conclusions, motifs et moyens de preuve et porter la signature du recourant ou de son mandataire; il doit être adressé au Tribunal fédéral par voie postale ou par voie électronique aux conditions de l'art. 42 LTF. Le présent arrêt et les pièces en possession du recourant, invoquées comme moyens de preuve, doivent être joints à l'envoi.![endif]&gt;![if&gt;</p><p type="plain_text">&lt;table border="0" cellpadding="0" cellspacing="0" width="567"&gt; &lt;tr&gt; &lt;td valign="top" width="189"&gt; &lt;p&gt;La greffière&lt;/p&gt;
&lt;p&gt; &lt;/p&gt;
&lt;p&gt; &lt;/p&gt;
&lt;p&gt; &lt;/p&gt;
&lt;p&gt; &lt;/p&gt;
&lt;p&gt;Marie-Catherine SECHAUD&lt;/p&gt;
&lt;/td&gt; &lt;td valign="top" width="189"&gt; &lt;p&gt; &lt;/p&gt;
&lt;/td&gt; &lt;td width="189"&gt; &lt;p&gt;La Présidente&lt;/p&gt;
&lt;p&gt; &lt;/p&gt;
&lt;p&gt; &lt;/p&gt;
&lt;p&gt; &lt;/p&gt;
&lt;p&gt; &lt;/p&gt;
&lt;p&gt;Karine STECK&lt;/p&gt;
&lt;/td&gt; &lt;/tr&gt; &lt;/table&gt;</p><p type="plain_text">Marie-Catherine SECHAUD</p><p type="plain_text">La Présidente</p><p type="plain_text">Karine STECK</p><p type="plain_text">Une copie conforme du présent arrêt est notifiée aux parties ainsi qu’à l’Office fédéral de la santé publique par le greffe le</p></body></text>