<?xml version='1.0' encoding='UTF-8'?>
<text id="SG_VG_001_B-2015-111_2016-06-28" author="" title="St.Gallen Verwaltungsgericht 28.06.2016 B 2015/111" source="https://entscheidsuche.ch" page="1–11" topics="St.Gallen Verwaltungsgericht" subtopics="" language="de" date="2016-06-28" description="Umtausch Führerausweis. Art. 10bis Abs. 1 VRP (sGS 951.1), Art. 15a Abs. 2bis SVG (SR 741.01), Art. 27a-g, Art. 42 Abs. 1, Art. 42 Abs. 3bis lit. a, Art. 44 Abs. 1, Art. 44a Abs. 1 und 2 VZV (SR 741.51). Richtlinie 91/439/EWG und 2006/126/EG. Ein portugiesischer Staatsangehöriger tauschte nach der Einreise in die Schweiz seinen kurz davor in Portugal erworbenen Führerausweis in einen schweizerischen Führerausweis auf Probe um. Da er seinen Weiterbildungsverpflichtungen nicht nachkam, wurde ihm der Umtausch in einen unbefristeten Führerausweis verweigert. Der Rekursentscheid, welcher dies als rechtmässig erachtet hatte, wurde vom Verwaltungsgericht bestätigt (Verwaltungsgericht, B 2015/111). Entscheid vom 28. Juni 2016" type="SG_VG_001" file="SG_VG_001_B-2015-111_2016-06-28.pdf" year="2016" decade="2010">
  <body>
    <p type="plain_text">Entscheid Verwaltungsgericht, 28.06.2016 - Publikationsplattform</p>
    <p type="plain_text">Publikationsplattform</p>
    <p type="plain_text">Fall-Nr.: B 2015/111</p>
    <p type="plain_text">Stelle: Verwaltungsgericht</p>
    <p type="plain_text">Rubrik: Verwaltungsgericht</p>
    <p type="plain_text">Publikationsdatum: 28.06.2016</p>
    <p type="plain_text">Entscheiddatum: 28.06.2016</p>
    <p type="plain_text">Entscheid Verwaltungsgericht, 28.06.2016</p>
    <p type="plain_text">Umtausch Führerausweis. Art. 10bis Abs. 1 VRP (sGS 951.1), Art. 15a Abs.</p>
    <p type="plain_text">2bis SVG (SR 741.01), Art. 27a-g, Art. 42 Abs. 1, Art. 42 Abs. 3bis lit. a, Art. 44</p>
    <p type="plain_text">Abs. 1, Art. 44a Abs. 1 und 2 VZV (SR 741.51). Richtlinie 91/439/EWG und</p>
    <p type="plain_text">2006/126/EG.Ein portugiesischer Staatsangehöriger tauschte nach der</p>
    <p type="plain_text">Einreise in die Schweiz seinen kurz davor in Portugal erworbenen</p>
    <p type="plain_text">Führerausweis in einen schweizerischen Führerausweis auf Probe um. Da er</p>
    <p type="plain_text">seinen Weiterbildungsverpflichtungen nicht nachkam, wurde ihm der</p>
    <p type="plain_text">Umtausch in einen unbefristeten Führerausweis verweigert. Der</p>
    <p type="plain_text">Rekursentscheid, welcher dies als rechtmässig erachtet hatte, wurde vom</p>
    <p type="plain_text">Verwaltungsgericht bestätigt (Verwaltungsgericht, B2015/111).Entscheid</p>
    <p type="plain_text">vom 28. Juni 2016</p>
    <p type="plain_text">Besetzung</p>
    <p type="plain_text">Präsident Eugster; Verwaltungsrichter Linder, Heer, Bietenharder, Zindel;</p>
    <p type="plain_text">Gerichtsschreiber Schmid</p>
    <p type="plain_text">Verfahrensbeteiligte</p>
    <p type="plain_text">X.Y.,</p>
    <p type="plain_text">Beschwerdeführer,</p>
    <p type="plain_text">vertreten durch Rechtsanwalt Mag. iur. Antonius Falkner, Lettstrasse18, 9490Vaduz,</p>
    <p type="plain_text">gegen</p>
    <p type="plain_text">Verwaltungsrekurskommission des Kantons St. Gallen, Unterstrasse28, 9001St.</p>
    <p type="plain_text">Gallen,</p>
    <p type="plain_text">Vorinstanz,</p>
    <p type="plain_text">Strassenverkehrs- und Schifffahrtsamt, Frongartenstrasse5, 9001St. Gallen,</p>
    <p type="plain_text">Beschwerdegegner,</p>
    <p type="plain_text">Gegenstand</p>
    <p type="plain_text">Umtausch eines befristeten in einen unbefristeten Führerausweis</p>
    <p type="plain_text">Das Verwaltungsgericht stellt fest:</p>
    <p type="paragraph_mark">A.</p>
    <p type="plain_text">a.</p>
    <p type="plain_text">Der portugiesische Staatsangehörige X.Y. reiste am 11.April 2011 in die Schweiz ein.</p>
    <p type="plain_text">Zuvor hatte er in Portugal am 18.März 2011 den Führerausweis für die Kategorien A</p>
    <p type="plain_text">und B erworben. Am 8.November 2011 (eingegangen am 21.November 2011) stellte</p>
    <p type="plain_text">X.Y. beim Strassenverkehrs- und Schifffahrtsamt des Kantons St. Gallen</p>
    <p type="plain_text">(Strassenverkehrsamt) ein Gesuch um Umtausch des portugiesischen Führerausweises</p>
    <p type="plain_text">in einen schweizerischen Ausweis. Am 22.November 2011 stellte das</p>
    <p type="plain_text">Strassenverkehrsamt einen Führerausweis auf Probe aus und befristete diesen bis zum</p>
    <p type="plain_text">28.Oktober 2013. Der ausländische Führerausweis wurde mit Schreiben vom</p>
    <p type="plain_text">8.Dezember 2011 den portugiesischen Behörden zugestellt. Am 9.Oktober 2014</p>
    <p type="plain_text">ersuchte X.Y. um Ausstellung eines neuen schweizerischen Führerausweises, da er</p>
    <p type="plain_text">seinen Führerausweis verloren habe. Am 16.Oktober 2014 teilte das</p>
    <p type="plain_text">Strassenverkehrsamt mit, aufgrund des Ablaufs am 28.Oktober 2013 verfüge er über</p>
    <p type="plain_text">keinen gültigen schweizerischen Führerausweis mehr; ihm könne daher auch kein</p>
    <p type="plain_text">Duplikat ausgestellt werden. Für die Erteilung eines schweizerischen Führerausweises</p>
    <p type="plain_text">habe er die komplette Führerprüfung einschliesslich Nothelferkurs zu absolvieren.</p>
    <p type="plain_text">b.</p>
    <p type="plain_text">Mit Verfügung vom 22.Januar 2015 hielt das Strassenverkehrsamt fest, dass der</p>
    <p type="plain_text">schweizerische Führerausweis mit Ausstelldatum 22.November 2011, gültig bis</p>
    <p type="plain_text">28.Oktober 2013, richtig ausgestellt worden sei (Ziffer 1). Zudem wurde der Antrag um</p>
    <p type="plain_text">Umtausch in einen unbefristeten Führerausweis ohne Vorlage der obligatorischen zwei</p>
    <p type="plain_text">Kurstage der Zweiphasenausbildung abgelehnt (Ziff. 2). Zulasten von X.Y. wurde eine</p>
    <p type="plain_text">Gebühr von Fr. 300.-- festgesetzt (Ziff. 3). Den gegen diese Verfügung erhobenen</p>
    <p type="plain_text">Rekurs wies die Verwaltungsrekurskommission des Kantons St. Gallen mit Entscheid</p>
    <p type="plain_text">vom 28. Mai 2015 ab (act. G 2).</p>
    <p type="paragraph_mark">B.</p>
    <p type="plain_text">a.</p>
    <p type="plain_text">Gegen diesen Entscheid erhob Rechtsanwalt Mag. iur. Antonius Falkner, Vaduz, für</p>
    <p type="plain_text">X.Y. mit Eingabe vom 18. Juni 2015 Beschwerde mit dem Rechtsbegehren, es sei der</p>
    <p type="plain_text">Entscheid dergestalt abzuändern, dass der Beschwerdegegner angewiesen werde,</p>
    <p type="plain_text">dem Beschwerdeführer einen unbefristeten Führerausweis auszustellen (Ziff. 1), unter</p>
    <p type="plain_text">Kosten- und Entschädigungspflicht zulasten der Vorinstanzen (Ziff. 2).</p>
    <p type="plain_text">b.</p>
    <p type="plain_text">In der Vernehmlassung vom 13. August 2015 beantragte die Vorinstanz Abweisung der</p>
    <p type="plain_text">Beschwerde und verwies zur Begründung auf die Erwägungen des angefochtenen</p>
    <p type="plain_text">Entscheids (act. G 8). Der Beschwerdegegner verzichtete auf eine Vernehmlassung</p>
    <p type="plain_text">(act. G 11).</p>
    <p type="plain_text">c.</p>
    <p type="plain_text">Auf entsprechende Mitteilung des Rechtsvertreters des Beschwerdeführers vom</p>
    <p type="plain_text">16.September 2015 (act. G 13) gab der Verwaltungsgerichtspräsident mit Schreiben</p>
    <p type="plain_text">vom 18.September 2015 bekannt, dass das Verwaltungsgericht keine formellen</p>
    <p type="plain_text">Zustellungen auf elektronischem Weg tätige und an der Praxis festgehalten werde,</p>
    <p type="plain_text">wonach gegenüber Verfahrensbeteiligten im Fürstentum Liechtenstein jeweils ein</p>
    <p type="plain_text">Zustelldomzil in der Schweiz verlangt werde (act. G 14). Aufgrund der Zustimmung des</p>
    <p type="plain_text">Rechtsvertreters des Beschwerdeführers vom 23.Februar 2015 (act. 9/4) wurden im</p>
    <p type="plain_text">vorliegenden Fall die gerichtlichen Zustellungen an den Beschwerdeführer persönlich in</p>
    <p type="plain_text">der Schweiz vorgenommen.</p>
    <p type="plain_text">d.</p>
    <p type="plain_text">Auf die Darlegungen der Verfahrensbeteiligten wird, soweit für den Entscheid relevant,</p>
    <p type="plain_text">in den nachstehenden Erwägungen eingegangen.</p>
    <p type="plain_text">Darüber zieht das Verwaltungsgericht in Erwägung:</p>
    <p type="plain_text">1. (…).</p>
    <p type="paragraph_mark">2.</p>
    <p type="paragraph_mark">2.1.</p>
    <p type="plain_text">Vorliegend ist streitig, ob die Vorinstanz zu Recht die vom Beschwerdegegner verfügte</p>
    <p type="plain_text">Verweigerung des Umtausches des befristeten in einen unbefristeten schweizerischen</p>
    <p type="plain_text">Führerausweis bestätigte mit der Begründung, der Beschwerdeführer habe die in der</p>
    <p type="plain_text">Probezeit erforderlichen zwei Weiterbildungstage nicht besucht und der Führerausweis</p>
    <p type="plain_text">auf Probe sei abgelaufen. - Motorfahrzeugführer aus dem Ausland dürfen in der</p>
    <p type="plain_text">Schweiz nur Motorfahrzeuge führen, wenn sie einen gültigen nationalen Führerausweis</p>
    <p type="plain_text">oder einen gültigen internationalen Führerausweis besitzen (Art. 42 Abs. 1 der</p>
    <p type="plain_text">Verordnung über die Zulassung von Personen und Fahrzeugen zum Strassenverkehr,</p>
    <p type="plain_text">SR 741.51, VZV). Dem Inhaber eines gültigen nationalen ausländischen Ausweises wird</p>
    <p type="plain_text">der schweizerische Führerausweis der entsprechenden Kategorie erteilt, wenn er auf</p>
    <p type="plain_text">einer Kontrollfahrt nachweist, dass er die Verkehrsregeln kennt und Fahrzeuge der</p>
    <p type="plain_text">Kategorien, für die der Ausweis gelten soll, sicher zu führen versteht (Art. 44 Abs. 1</p>
    <p type="plain_text">VZV). Nur wenn der Ausweis von einem Staat ausgestellt worden ist, der auf der so</p>
    <p type="plain_text">genannten Länderliste steht, entfällt diese Kontrollfahrt (Ph. Weissenberger,</p>
    <p type="plain_text">Kommentar SVG und OBG, 2.Aufl. 2015, Art.22 Rz.11). Inhabern eines gültigen</p>
    <p type="plain_text">ausländischen Führerausweises, der zum Führen von Motorfahrzeugen der Kategorie A</p>
    <p type="plain_text">oder B berechtigt, wird auf Gesuch hin ein schweizerischer Führerausweis auf Probe</p>
    <p type="plain_text">erteilt (Art.44a Abs.1 VZV). Der schweizerische Führerausweis wird definitiv (d.h. nicht</p>
    <p type="plain_text">auf Probe) erteilt, wenn der ausländische Führerausweis vor dem 1.Dezember 2005</p>
    <p type="plain_text">ausgestellt wurde oder bei der Wohnsitznahme seines Inhabers in der Schweiz bereits</p>
    <p type="plain_text">mindestens ein Jahr gültig war (Art.44a Abs.2 VZV).</p>
    <p type="plain_text">Inhaber des Führerausweises auf Probe müssen Weiterbildungskurse besuchen</p>
    <p type="plain_text">(Art.15a Abs.2  SVG). Der erfolgreiche Besuch der Weiterbildungskurse während der</p>
    <p type="plain_text">Probezeit bildet Voraussetzung für den Erwerb des definitiven Führerausweises. Hat</p>
    <p type="plain_text">der Inhaber des Führerausweises auf Probe die Weiterbildung während der Probezeit</p>
    <p type="plain_text">nicht besucht, muss er die Weiterbildung während einer Nachfrist von drei Monaten</p>
    <p type="plain_text">nachholen. Die Anmeldebestätigung des Kursveranstalters muss noch innerhalb der</p>
    <p type="plain_text">Probezeit vorgelegt werden. Läuft die Nachfrist unbenützt ab, muss er ein Gesuch um</p>
    <p type="plain_text">Erteilung des Lernfahrausweises stellen. Damit ist grundsätzlich die gesamte</p>
    <p type="plain_text">Zweiphasenausbildung erneut zu durchlaufen (J. Bickel, in: Basler Kommentar,</p>
    <p type="plain_text">Strassenverkehrsgesetz, Basel 2014, Art.15a Rz.23 und Rz.31 ff.).</p>
    <p type="paragraph_mark">2.2.</p>
    <p type="plain_text">Vorliegend stellte der Beschwerdeführer am 21.November 2011 ein Gesuch um</p>
    <p type="plain_text">Umtausch seines am 18.März 2011 erworbenen portugiesischen Führerausweises in</p>
    <p type="plain_text">einen schweizerischen Ausweis (act. G9/10/1). Im angefochtenen Entscheid kam die</p>
    <p type="plain_text">Vorinstanz zum Schluss, da Portugal in Bezug auf die Fahrausbildung und -prüfung der</p>
    <p type="plain_text">Schweiz entsprechende Anforderungen stelle, habe der Beschwerdegegner zu Recht</p>
    <p type="plain_text">auf eine Kontrollfahrt nach Art.44 Abs.1 VZV verzichtet (act. G 2 S. 5 mit Hinweis auf</p>
    <p type="plain_text">Kreisschreiben des ASTRA "Führerausweise von Personen mit Wohnsitz im Ausland"</p>
    <p type="plain_text">bis</p>
    <p type="plain_text">vom 1.Oktober 2007 und 30.September 2013). Der Beschwerdeführer sei jedoch noch</p>
    <p type="plain_text">nicht ein Jahr im Besitz des ausländischen Führerausweises gewesen, als er am</p>
    <p type="plain_text">11.April 2011 in die Schweiz eingereist und hier Wohnsitz begründet habe. Entgegen</p>
    <p type="plain_text">der aktenwidrigen Behauptung im Schreiben des Rechtsvertreters vom 9. Oktober</p>
    <p type="plain_text">2014 (act. G 9/2/3), wonach er den portugiesischen Führerausweis seit vielen Jahren</p>
    <p type="plain_text">besessen habe, habe der Beschwerdeführer letzteren erst kurz vor der Einreise in die</p>
    <p type="plain_text">Schweiz, am 18. März 2011, erworben. Die Gültigkeit des schweizerischen</p>
    <p type="plain_text">Führerausweises sei deshalb bis zum 28.Oktober 2013 befristet worden. Die</p>
    <p type="plain_text">Berechnung der Befristung sei zu Recht nicht angefochten worden; sie sei korrekt. Der</p>
    <p type="plain_text">Führerausweis auf Probe sei ihm in der Folge mit einem standardisierten Schreiben des</p>
    <p type="plain_text">Beschwerdegegners zugestellt worden. Auf der Vorderseite sei dort festgehalten, dass</p>
    <p type="plain_text">die Hinweise auf der Rückseite unter anderem auch Neulenker mit umgeschriebenen</p>
    <p type="plain_text">ausländischen Führerausweisen betreffen würden. Die Rückseite enthalte in der ersten</p>
    <p type="plain_text">Spalte Informationen zum befristeten Führerausweis (vgl. act.G 9/10/6). Der</p>
    <p type="plain_text">Beschwerdeführer sei damit genügend auf die Voraussetzungen, welche für den</p>
    <p type="plain_text">Erwerb eines unbefristeten schweizerischen Führerausweises nötig seien, aufmerksam</p>
    <p type="plain_text">gemacht worden. Der Einwand, er verstehe die deutsche Sprache nicht, vermöge</p>
    <p type="plain_text">daran nichts zu ändern; denn Amtssprache im Kanton St.Gallen sei Deutsch (Cavelti/</p>
    <p type="plain_text">Vögeli, Verwaltungsgerichtsbarkeit im Kanton St. Gallen, 2. A. 2003, Rz.373; Art.58</p>
    <p type="plain_text">Abs.1 des Gerichtsgesetzes [sGS941.1]; Art.70 Abs.2 BV). Es wäre daher am</p>
    <p type="plain_text">Beschwerdeführer gelegen, sich das Schreiben der Vorinstanz übersetzen zu lassen,</p>
    <p type="plain_text">wenn er es nicht verstanden haben sollte. Immerhin sei er aber in der Lage gewesen,</p>
    <p type="plain_text">das in deutscher Sprache abgefasste Gesuchsformular um Umtausch eines</p>
    <p type="plain_text">ausländischen Führerausweises auszufüllen (act. G 2 S. 5).</p>
    <p type="paragraph_mark">2.3.</p>
    <p type="plain_text">Der Beschwerdeführer wendet unter anderem ein, gemäss den Art. 42 ff. VZV seien im</p>
    <p type="plain_text">Zusammenhang mit der Umschreibung eines EU-Führerausweises keine Kurse</p>
    <p type="plain_text">notwendig und er sei auch explizit von den Kontrollfahrten ausgenommen gewesen.</p>
    <p type="plain_text">Die Vorinstanz gehe zu Unrecht davon aus, dass für ihn die Art. 27a-g VZV gelten</p>
    <p type="plain_text">würden, obwohl er vorab einen gültigen EU-Führerausweis in Portugal erworben habe.</p>
    <p type="plain_text">Unter Verweis auf Art. 42 ff. VZV, insbesondere Art. 44 und 44a VZV, seien die</p>
    <p type="plain_text">schweizerischen Behörden verpflichtet, nach Ablauf der Probezeit einen unbefristeten</p>
    <p type="plain_text">schweizerischen Führerausweis auszustellen, nachdem der Beschwerdeführer seinen</p>
    <p type="plain_text">EU-Führerausweis in einen schweizerischen Führerausweis umgetauscht habe. Weder</p>
    <p type="plain_text">in der VZV noch in einer anderen Rechtsgrundlage fänden sich Bestimmungen</p>
    <p type="plain_text">dahingehend, dass ausländische Fahrzeugführer im Fall des Umtausches eines EU-</p>
    <p type="plain_text">Führerausweises in einen CH-Führerausweis eine Zwei-Phasenausbildung zu</p>
    <p type="plain_text">absolvieren hätten. Indem auf den Fall des Beschwerdeführers gesetzliche Regelungen</p>
    <p type="plain_text">angewendet würden, welche hier nicht anwendbar seien, werde gegen direkt</p>
    <p type="plain_text">anwendbares EU-Recht verstossen. Die Vorinstanz setze sich mit seinen Ausführungen</p>
    <p type="plain_text">zu europarechtlichen Vorgaben nicht auseinander. Insoweit sei der angefochtene</p>
    <p type="plain_text">Entscheid auch mit einem erheblichen Begründungsmangel behaftet. Die Schweizer</p>
    <p type="plain_text">Behörden seien gestützt auf die Richtlinie 91/439 EWG verpflichtet, in der EU</p>
    <p type="plain_text">ausgestellte Führerausweise ohne Einschränkungen und ohne jede Bedingung</p>
    <p type="plain_text">vollumfänglich anzuerkennen. Die erwähnte Richtlinie stehe über den Bestimmungen</p>
    <p type="plain_text">der VZV. Die vollumfängliche Anerkennung des Führerausweises dürfe nicht von einer</p>
    <p type="plain_text">weiteren Ausbildung abhängig gemacht werden. Der Beschwerdeführer habe in</p>
    <p type="plain_text">Portugal einen gültigen EU-Fahrausweis erworben, der mit keinen Auflagen und</p>
    <p type="plain_text">Bedingungen verknüpft gewesen sei (act. G 1).</p>
    <p type="paragraph_mark">2.4.</p>
    <p type="paragraph_mark">2.4.1.</p>
    <p type="plain_text">Die grundsätzliche Pflicht einer Behörde, ihren Entscheid zu begründen, folgt aus dem</p>
    <p type="plain_text">Anspruch auf rechtliches Gehör. Dabei sind die Anforderungen an die</p>
    <p type="plain_text">Begründungsdichte unter Berücksichtigung aller Umstände des Einzelfalls sowie der</p>
    <p type="plain_text">Interessen der Betroffenen festzulegen. Die Begründung muss so abgefasst sein, dass</p>
    <p type="plain_text">der Betroffene den Entscheid gegebenenfalls sachgerecht anfechten kann. In diesem</p>
    <p type="plain_text">Sinn müssen wenigstens kurz die Überlegungen genannt werden, von denen sich die</p>
    <p type="plain_text">Behörde leiten liess und auf welche sich ihr Entscheid stützt. Je grösser der Spielraum</p>
    <p type="plain_text">der Behörde (unter anderem infolge Ermessen) und je stärker der Entscheid in die</p>
    <p type="plain_text">individuellen Rechte eingreift, desto höhere Anforderungen sind an dessen Begründung</p>
    <p type="plain_text">zu stellen (BGE 112 Ia 107 E. 2b mit Hinweisen; BGE 118 V 58). Die Verwaltung darf</p>
    <p type="plain_text">sich nicht damit begnügen, die von der betroffenen Person vorgebrachten</p>
    <p type="plain_text">Einwendungen zur Kenntnis zu nehmen und zu prüfen; sie hat ihre Überlegungen auch</p>
    <p type="plain_text">namhaft zu machen und sich dabei ausdrücklich mit den Einwendungen auseinander</p>
    <p type="plain_text">zu setzen oder zumindest die Gründe anzugeben, weshalb sie gewisse Gesichtspunkte</p>
    <p type="plain_text">nicht berücksichtigen kann (BGE 124 V 180 E. 2b). - Die Vorinstanz begründete den</p>
    <p type="plain_text">angefochtenen Entscheid im Wesentlichen mit dem Hinweis auf die einschlägigen</p>
    <p type="plain_text">rechtlichen Grundlagen des schweizerischen Rechts und den massgebenden</p>
    <p type="plain_text">Sachverhalt. Sie zeigte die Überlegungen, von denen sie sich leiten liess, in</p>
    <p type="plain_text">zureichender Weise auf und setzte sich mit den wesentlichen Gesichtspunkten auseinander. Eine Verpflichtung, sich mit jeder tatbeständlichen Behauptung oder jedem rechtlichen Einwand zu befassen, besteht nicht (vgl. BGE 124 V 180 E. 1a). Ein Begründungsmangel ist somit entgegen der Auffassung des Beschwerdeführers nicht ersichtlich, auch wenn die Vorinstanz zu seinen Hinweisen auf EU-rechtliche Gegebenheiten keine Stellung nahm.</p>
    <p type="paragraph_mark">2.4.2.</p>
    <p type="plain_text">War ein Gesuchsteller weniger als ein Jahr im Besitz des ausländischen Führerausweises, als er Wohnsitz in der Schweiz nahm, ist ihm der schweizerische Führerausweis nach dem klaren Wortlaut von Art. 44a Abs. 2 VZV auf Probe auszustellen. Dies anerkennt auch der Beschwerdeführer als korrekt bzw. EUrechtskonform (act. G 1 S. 5 Mitte). Dabei ist von der dreijährigen Probezeit die Zeitdauer zwischen dem Ausstellungsdatum des ausländischen Führerausweises und dem letzten regulären Umtauschtermin nach Art.42 Abs.3  lit. a VZV abzuziehen (Art.44a Abs.1 VZV). Vorliegend wurde, ausgehend vom Erwerb des ausländischen Führerausweises am 18. März 2011 und der Einreise des Beschwerdeführers in die Schweiz am 11. April 2011, die Gültigkeit des schweizerischen Führerausweises zu Recht bis zum 28.Oktober 2013 befristet (vgl. act.G 9/10/4+5; zur unbestritten gebliebenen Berechnung der Befristung vgl. act. G 9/10/5). Ist der schweizerische Führerausweis an eine Probezeit zu knüpfen, gelten die Weiterbildungspflichten nach der Regelung von Art.15a Abs.2  des Strassenverkehrsgesetzes (SR741.01, abgekürzt: SVG). Diese Regelung macht keinerlei Einschränkungen oder Ausnahmen für den hier streitigen Fall des Umtausches eines EU-Führerausweises in einen CHAusweis. Daran ändern die weiteren, für Inhaber ausländischer Führerausweise geltenden Voraussetzungen nach Art.44 VZV nichts (vgl. zum Ganzen Weissenberger, a.a.O., Art.15a Rz.10 mit Hinweisen und Rz. 14). Der unbefristete Führerausweis wird bis bis ausgestellt, sofern der Antragssteller die Weiterausbildung für Inhaber eines Führerausweises auf Probe gemäss Art.27a-g VZV besucht hat (Art. 15b Abs. 2 SVG; Weissenberger, a.a.O., Art.15b Rz.4 und 5).</p>
    <p type="paragraph_mark">2.4.3.</p>
    <p type="plain_text">Unbestritten wurde dem Beschwerdeführer der Führerausweis auf Probe mit einem standardisierten Schreiben des Beschwerdegegners zugestellt (act. G 9/10/6). Dieses enthielt den Hinweis, dass während der Probezeit die obligatorische Weiterausbildung zu absolvieren sei. Werde die Weiterausbildung während der Probezeit nicht besucht, verliere der Inhaber des Führerausweises grundsätzlich sämtliche im Ausweis eingetragenen Fahrberechtigungen und müsse ein neues Gesuch um einen Lernfahrausweis einreichen sowie die ordentliche Führerprüfung (Theorie- und praktische Führerprüfung) bestehen. Schliesslich wurde darauf hingewiesen, dass die Absolvierung der Kurse innerhalb der Probezeit in der Verantwortung des Betroffenen liege und vom Beschwerdegegner kein Erinnerungsschreiben ergehe (vgl. act.G 9/10/6). Nachdem der Beschwerdeführer die für die Ausstellung eines unbefristeten Führerausweises nötigen Weiterausbildungskurse unbestritten nicht besuchte, lässt sich der Schluss der Vorinstanz, wonach die Ausstellung eines unbefristeten schweizerischen Führerausweises vom Beschwerdegegner zu Recht verweigert worden sei, nicht beanstanden. Insbesondere trifft ihr Hinweis zu, dass eine ungerechtfertigte Besserstellung gegenüber inländischen Neulenkern (mit Erwerb des Fahrausweises in der Schweiz) resultieren würde, wenn ein Neulenker aus dem Ausland keine Weiterausbildungskurse besuchen müsste (act. G 2 S. 6). Der Beschwerdeführer wurde somit gleich behandelt wie ein Neulenker, der die Fahrberechtigung in der Schweiz erworben hat.</p>
    <p type="paragraph_mark">2.4.4.</p>
    <p type="plain_text">mit dem hier streitigen Sachverhalt nicht vergleichbar. Gemäss diesem war - was</p>
    <p type="plain_text">Der Beschwerdeführer verweist auf Art. 1 Abs. 2 in Verbindung mit Art. 7 Abs. 1 lit. b, Art. 8 Abs. 5 und Art. 9 der Richtlinie 91/439/EWG, wonach ein im EU-Ausland ausgestellter Führerausweis in der Schweiz ohne jede Formalität anzuerkennen sei; dies gelte auch dann, wenn der Führerscheininhaber dort im Zeitpunkt des Erwerbs des Führerscheins nicht seinen Wohnsitz gehabt habe (act. G 1 S. 6). Dazu ist vorweg festzuhalten, dass die Richtlinie 2006/126/EG als Neufassung die Richtlinie 91/439/ EWG ersetzte. Sie trat am 19.Januar 2007 in Kraft. Die darin enthaltenen Vorschriften mussten bis zum 19. Januar 2011 in nationales Recht umgesetzt und bis spätestens 19. Januar 2013 angewendet werden. Die Frage, ob - und wenn ja, ab wann - diese Anwendbarkeitsverpflichtung auch für die Schweiz gegeben war, kann - wie sich nachstehend ergeben wird - offenbleiben. Sowohl gemäss Art. 7 Abs. 4 der Richtlinie 91/439/EWG als auch Art. 11 Abs. 2 der Richtlinie 2006/126/EG kann der Mitgliedstaat des ordentlichen Wohnsitzes vorbehältlich der Einhaltung des straf- und polizeirechtlichen Territorialitätsgrundsatzes auf den Inhaber eines von einem anderen Mitgliedstaat ausgestellten Führerscheins seine innerstaatlichen Vorschriften über Einschränkung, Aussetzung, Entzug oder Aufhebung der Fahrerlaubnis anwenden. Indem dem Beschwerdeführer der CH-Führerausweis in Anwendung von Art.44a Abs. 2 VZV auf Probe ausgestellt und die Ausstellung eines unbefristeten Führerscheins an die Bedingung der fristgerechten Absolvierung von zwei Kurstagen geknüpft wurde, kam eine auch gemäss der erwähnten Richtlinienbestimmung zulässige innerstaatliche (zeitlich befristete) Einschränkung der Gültigkeit der Fahrerlaubnis zur Anwendung. Nichts anderes lässt sich auch dem vom Beschwerdeführer (act. G 1 S. 7) zitierten EUGH-Entscheid vom 29. April 2004 entnehmen. Dort war es um die Frage gegangen, ob ein Mitgliedstaat einem von einem anderen Mitgliedstaat ausgestellten Führerausweis die Anerkennung einzig deshalb versagen darf, weil der Führerscheininhaber zum Zeitpunkt der Ausstellung des Führerscheins seinen ordentlichen Wohnsitz nicht im Hoheitsgebiet des ausstellenden Mitgliedstaates gehabt hatte. Der EUGH verneinte diese Frage und hielt im Weiteren fest, dass ein Mitgliedstaat die Anerkennung der Gültigkeit des in einem anderen Mitgliedstaat ausgestellten Führerscheins nicht deshalb ablehnen darf, weil im Hoheitsgebiet des erstgenannten Mitgliedstaats auf den Inhaber des Führerscheins eine Massnahme des Entzugs der Fahrerlaubnis angewendet wurde, wenn die zusammen mit der Massnahme angeordnete Sperrfrist für die Neubeurteilung der Fahrerlaubnis in diesem Mitgliedstaat abgelaufen war, bevor der Führerschein vom anderen Mitgliedstaat ausgestellt wurde (EUGH C 476/01, HRRS 2004 Nr. 691). Diese Gegebenheiten sind allseits unbestritten blieb - zu Recht vorerst ein Führerausweis auf Probe ausgestellt worden, da der Beschwerdeführer als „Neulenker“ damals erst seit ein paar Monaten im Besitz der portugiesischen Fahrerlaubnis war. Für die Ausstellung eines unbefristeten Ausweises hätten vom Beschwerdeführer somit auch die vom schweizerischen Recht hierfür aufgestellten Voraussetzungen erfüllt werden müssen. Der vorinstanzliche Entscheid lässt sich auch von daher nicht beanstanden.</p>
    <p type="paragraph_mark">3.</p>
    <p type="plain_text">(…). Demnach erkennt das Verwaltungsgericht zu Recht:</p>
    <p type="paragraph_mark">1.</p>
    <p type="plain_text">Die Beschwerde wird abgewiesen. 2. Der Beschwerdeführer bezahlt amtliche Kosten von Fr. 1‘500.--, unter Verrechnung mit dem von ihm in gleicher Höhe geleisteten Kostenvorschuss. 3. Ausseramtliche Kosten werden nicht entschädigt. Der PräsidentDer Gerichtsschreiber Eugster Schmid Entscheid Verwaltungsgericht, 28.06.2016 Umtausch Führerausweis. Art. 10bis Abs. 1 VRP (sGS 951.1), Art. 15a Abs. 2bis SVG (SR 741.01), Art. 27a-g, Art. 42 Abs. 1, Art. 42 Abs. 3bis lit. a, Art. 44 Abs. 1, Art. 44a Abs. 1 und 2 VZV (SR 741.51). Richtlinie 91/439/EWG und 2006/126/EG.Ein portugiesischer Staatsangehöriger tauschte nach der Einreise in die Schweiz seinen kurz davor in Portugal erworbenen Führerausweis in einen schweizerischen Führerausweis auf Probe um. Da er seinen Weiterbildungsverpflichtungen nicht nachkam, wurde ihm der Umtausch in einen unbefristeten Führerausweis verweigert. Der Rekursentscheid, welcher dies als rechtmässig erachtet hatte, wurde vom Verwaltungsgericht bestätigt (Verwaltungsgericht, B2015/111).Entscheid vom 28. Juni 2016 2021-05-19T07:04:05+0200 "9001 St.Gallen" Publikationsplattform Kanton St.Gallen</p>
  </body>
  <body_footnote />
</text>