<?xml version='1.0' encoding='UTF-8'?>
<text author="" date="2020-11-04" decade="2020" description="Akteneinsicht" file="SO_VG_001_VWBES-2020-382_2020-11-04.html" id="SO_VG_001_VWBES-2020-382_2020-11-04" language="de" page="" source="https://entscheidsuche.ch" subtopics="" title="Solothurn Verwaltungsgericht 04.11.2020 VWBES.2020.382" topics="Solothurn Verwaltungsgericht" type="SO_VG_001" url="https://gerichtsentscheide.so.ch/cgi-bin/nph-omniscgi.exe?OmnisPlatform=WINDOWS&amp;WebServerUrl=https://gerichtsentscheide.so.ch&amp;WebServerScript=/cgi-bin/nph-omniscgi.exe&amp;OmnisLibrary=JURISWEB&amp;OmnisClass=rtFindinfoWebHtmlService&amp;OmnisServer=7001&amp;Parametername=WEB&amp;Schema=JGWEB&amp;Source=&amp;Aufruf=getMarkupDocument&amp;cSprache=DE&amp;nF30_KEY=145628&amp;W10_KEY=3677434&amp;nTrefferzeile=50&amp;Template=/simple/search_result_document.html" year="2020"><body><p type="plain_text">Verwaltungsgericht</p><p type="plain_text">Urteil vom 4. November 2020</p><p type="plain_text">Es wirken mit:</p><p type="plain_text">Präsidentin Scherrer Reber</p><p type="plain_text">Oberrichter Stöckli</p><p type="plain_text">Oberrichter Müller</p><p type="plain_text">Gerichtsschreiberin Kaufmann</p><p type="plain_text">In Sachen</p><p type="plain_text">A.___</p><p type="plain_text">Beschwerdeführer</p><p type="plain_text">gegen</p><p type="plain_text">KESB Olten-Gösgen,</p><p type="plain_text">Beschwerdegegnerin</p><p type="plain_text">betreffend Akteneinsicht</p><p type="plain_text">zieht das Verwaltungsgericht in Erwägung:</p><p type="paragraph_mark">I.</p><p type="paragraph_mark">1.</p><p type="plain_text">Mit Eingabe vom 19. September 2020 stellte A.___ bei der Kindes- und Erwachsenenschutzbehörde (KESB) Olten-Gösgen folgende Rechtsbegehren:</p><p type="plain_text">«Ich beantrage bei Ihnen die Herausgabe von anonymisierten Akten und/oder Einsicht in anonymisierte Akten der Sozialregion Unteres Niederamt betreffend Anzahl der Meldungen der Sozialregion Unteres Niederamt vom 1. Januar 2019 bis dato nach Alter und Grund der Meldung geordnet an die Kindes- und Erwachsenenschutzbehörde Olten-Gösgen bis Donnerstag, 24. September 2020.</p><p type="plain_text">Zudem beantrage ich die Herausgabe von und/oder Einsicht in die anonymisierten Akten der Sozialregion Unteres Niederamt betreffend der Anzahl der auf den erwähnten Meldungen durch die Kindes- und Erwachsenenschutzbehörde Olten-Gösgen verfügten Massnahmen und deren Auswirkungen auf Leistungen der sozialhilferechtlich durch die Sozialregion Unteres Niederamt unterstützten Klientinnen und Klienten ebenfalls bis Donnerstag, 24. September 2020.»</p><p type="paragraph_mark">2.</p><p type="plain_text">Mit Verfügung vom 1. Oktober 2020 wies die leitende Vizepräsidentin der KESB Olten-Gösgen das Gesuch um Einsicht in die Akten anderer Klienten ab. Zur Begründung wurde auf die Informations- und Datenschutzgesetzgebung verwiesen und die Herausgabe verneint, da es sich um sensible Daten handle und trotz Anonymisierung nicht gewährleistet werden könnte, dass nicht Rückschlüsse auf die jeweiligen Personen gemacht werden könnten.</p><p type="paragraph_mark">3.</p><p type="plain_text">Mit Beschwerde vom 2. Oktober 2020 gelangte A.___ (nachfolgend Beschwerdeführer genannt) an das Verwaltungsgericht und ersuchte um Aufhebung des angefochtenen Entscheids und Rückweisung an die Vorinstanz. Zudem seien die «beantragten anonymisierten Daten (Statistische Angaben/nummerische kumulierte Daten zu Fallzahlen einen definierten Zeitraum betreffend, {Belege})» zur Abholung bereitzuhalten und/oder dem Verwaltungsgericht des Kantons Solothurn unverzüglich direkt einzureichen.</p><p type="paragraph_mark">4.</p><p type="plain_text">Mit Vernehmlassung vom 12. Oktober 2020 beantragte die KESB die Abweisung der Beschwerde.</p><p type="paragraph_mark">5.</p><p type="plain_text">Der Beschwerdeführer nahm am 27. Oktober 2020 abschliessend Stellung.</p><p type="paragraph_mark">6.</p><p type="plain_text">Am 29. Oktober 2020 reichte der Beschwerdeführer eine weitere Beschwerde ein, da er eine identische Anfrage an die Sozialregion Unteres Niederamt gestellt hatte, welche abgewiesen wurde. Jenes Verfahren wird unter der Verfahrensnummer VWBES.2020.426 geführt.</p><p type="paragraph_mark">II.</p><p type="paragraph_mark">1.</p><p type="plain_text">Die Beschwerde ist frist- und formgerecht erhoben worden. Sie ist zulässiges Rechtsmittel und das Verwaltungsgericht zur Beurteilung zuständig (vgl. § 39 Informations- und Datenschutzgesetz, InfoDG, BGS 114.1). A.___ ist durch den angefochtenen Entscheid beschwert und damit zur Beschwerde legitimiert. Auf die Beschwerde ist einzutreten.</p><p type="paragraph_mark">2.1</p><p type="plain_text">Gemäss § 12 InfoDG hat jede Person das Recht auf Zugang zu amtlichen Dokumenten (Abs. 1). Würde der Zugang einen besonderen Aufwand der Behörde erfordern, kann er vom Nachweis eines schutzwürdigen Interesses abhängig gemacht werden (Abs. 2). Der Zugang zu amtlichen Dokumenten wird laut § 13 Abs. 1 InfoDG eingeschränkt, aufgeschoben oder verweigert, soweit ein Gesetz oder schützenswerte private oder wichtige öffentliche Interessen entgegenstehen (lit. a); der Zugang Informationen vermitteln würde, die der Behörde von Dritten freiwillig und unter Zusicherung der Geheimhaltung mitgeteilt worden sind. Als schützenswertes privates Interesse gilt insbesondere die Gewährleistung der Privatsphäre sowie des Berufs-, Geschäfts- und Fabrikationsgeheimnisses (§ 5 Abs. 1 InfoDG).</p><p type="paragraph_mark">2.2</p><p type="plain_text">Die Behörde führt nachvollziehbar aus, dass es sich bei den Akten der Sozialregion und der Erwachsenenschutzbehörde um sensible Daten handelt und trotz Anonymisierung nicht gewährleistet werden könnte, dass nicht Rückschlüsse auf die jeweiligen Personen gemacht werden könnten. Der Herausgabe stehen somit schützenswerte private Interessen entgegen.</p><p type="plain_text">Im Weiteren ist auch nicht ersichtlich, welches schutzwürdige Interesse der Beschwerdeführer an diesen Dokumenten haben könnte. Für das vor dem Verwaltungsgericht hängige Beschwerdeverfahren betreffend Ausstandsbegehren gegenüber einer Mitarbeiterin der Sozialregion, für welches er ausführt diese zu benötigen, sind sie jedenfalls nicht relevant. Sollte der Beschwerdeführer befürchten, dass in seinem Fall allfällig anzuordnende Erwachsenenschutzmassnahmen seinen Sozialhilfeanspruch schmälern könnten, ist dies zu verneinen. Das Vorliegen von Erwachsenenschutzmassnahmen ist kein Kriterium bei der Berechnung von Sozialhilfeleistungen.</p><p type="paragraph_mark">2.3</p><p type="plain_text">Das Gesuch um Herausgabe oder Einsicht in die Akten der Gefährdungsmeldungen und angeordneten Kindes- und Erwachsenenschutzmassnahmen wurde daher zu Recht abgewiesen.</p><p type="paragraph_mark">2.4</p><p type="plain_text">Soweit es dem Beschwerdeführer um eine statistische Erhebung geht, wie viele Gefährdungsmeldungen die Sozialregion Unteres Niederamt seit 1. Januar 2019 an die KESB eingereicht hat und zu welchen Kindes- und Erwachsenenschutzmassnahmen diese geführt haben, unterliegt eine solche Statistik dem Öffentlichkeitsgrundsatz. Die Vorinstanz hat über die Herausgabe der statistischen Daten keinen Entscheid getroffen. Es ist unklar, ob die Vorinstanz über eine entsprechende Statistik verfügt oder ob sie die Daten zumindest einfach eruieren könnte.</p><p type="paragraph_mark">3.</p><p type="plain_text">Die Angelegenheit wird daher in teilweiser Gutheissung zu (ergänzendem) neuem Entscheid an die KESB Olten-Gösgen zurückgewiesen. Diese hat entweder die verlangten statistischen Daten, wie viele (Gefährdungs-)Meldungen die Sozialregion Unteres Niederamt seit 1. Januar 2019 eingereicht hat und wie viele davon zu Massnahmen geführt haben, unterteilt nach Anzahl Massnahmen im Kindesschutz und Anzahl Massnahmen im Erwachsenenschutz, herauszugeben oder zu begründen, weshalb sie die Herausgabe dieser Daten ablehnt.</p><p type="paragraph_mark">4.</p><p type="plain_text">Bei diesem Ausgang und unter Berücksichtigung des Umstands, dass der Beschwerdeführer von der Sozialhilfe abhängig ist, sind für das vorliegende Verfahren keine Kosten zu erheben. Das gestellte Gesuch um unentgeltliche Rechtspflege ist daher als gegenstandslos abzuschreiben.</p><p type="plain_text">Demnach wird erkannt:</p><p type="paragraph_mark">1.</p><p type="plain_text">Die Beschwerde wird teilweise gutgeheissen: Die Angelegenheit wird zu neuem Entscheid im Sinne von Erw. 2.4 und 3 an die KESB Olten-Gösgen zurückgewiesen.</p><p type="paragraph_mark">2.</p><p type="plain_text">Der Kanton Solothurn hat die Kosten des Verfahrens vor Verwaltungsgericht zu tragen.</p><p type="paragraph_mark">3.</p><p type="plain_text">Das Gesuch um unentgeltliche Rechtspflege wird als gegenstandslos abgeschrieben.</p><p type="plain_text">Rechtsmittel: Gegen diesen Entscheid kann innert 30 Tagen seit Eröffnung des begründeten Urteils beim Bundesgericht Beschwerde in öffentlichrechtlichen Angelegenheiten eingereicht werden (Adresse: 1000 Lausanne 14). Die Frist wird durch rechtzeitige Aufgabe bei der Schweizerischen Post gewahrt. Die Frist ist nicht erstreckbar. Die Beschwerdeschrift hat die Begehren, deren Begründung mit Angabe der Beweismittel und die Unterschrift des Beschwerdeführers oder seines Vertreters zu enthalten. Für die weiteren Voraussetzungen sind die Bestimmungen des Bundesgerichtsgesetzes massgeblich.</p><p type="plain_text">Im Namen des Verwaltungsgerichts</p><p type="plain_text">Die Präsidentin Die Gerichtsschreiberin</p><p type="plain_text">Scherrer Reber Kaufmann</p></body></text>