<?xml version='1.0' encoding='UTF-8'?>
<text id="SZ_KG_002_ZK2-2017-21_2017-06-21" author="" title="Schwyz Kantonsgericht 2. Zivilkammer 21.06.2017 ZK2 2017 21" source="https://entscheidsuche.ch" page="1–4" topics="Schwyz Kantonsgericht 2. Zivilkamme" subtopics="" language="de" date="2017-06-21" description="Kollokationsklage | SchKG-Klagen §§ 13 f. EVSchKG" type="SZ_KG_002" file="SZ_KG_002_ZK2-2017-21_2017-06-21.pdf" year="2017" decade="2010">
  <body>
    <p type="plain_text">Kantonsgericht Schwyz</p>
    <p type="plain_text">Verfügung vom 21. Juni 2017</p>
    <p type="plain_text">ZK2 2017 21</p>
    <p type="plain_text">Mitwirkend Kantonsgerichtspräsident Dr. Urs Tschümperlin.</p>
    <p type="plain_text">In Sachen A.________</p>
    <p type="plain_text">Klägerin und Beschwerdeführerin,</p>
    <p type="plain_text">gegen</p>
    <p type="plain_text">Konkursmasse B.________ in Liquidation,</p>
    <p type="plain_text">Beklagte und Beschwerdegegnerin,</p>
    <p type="plain_text">vertreten durch Konkursamt Höfe, Roosstrasse 3, 8832 Wollerau,</p>
    <p type="plain_text">betreffend Kollokationsklage</p>
    <p type="plain_text">(Beschwerde gegen die Verfügung des Einzelrichters am Bezirksgericht Höfe</p>
    <p type="plain_text">vom 20. Februar 2017, ZEV 2017 1);-</p>
    <p type="plain_text">hat der Kantonsgerichtspräsident,</p>
    <p type="plain_text">nachdem sich ergeben und in Erwägung:</p>
    <p type="plain_text">- dass das Konkursamt Höfe am 9. November 2016 eine Forderung der Beschwerdeführerin im Betrag von Fr. 130'000.00 (Kollokationsplan Nr. 10) abgewiesen hat (Vi-act. I Beilage); - dass die Beschwerdeführerin dagegen mit Schreiben vom 14. November 2016 "Rekurs" erhoben hat (VI-act. I), welcher vom Einzelrichter am Bezirksgericht Höfe als Kollokationsklage im Sinne von Art. 250 SchKG entgegengenommen worden ist (vgl. Vi-act. 1 sowie Vi-act. A); - dass der Einzelrichter am Bezirksgericht Höfe mit Verfügung vom 20. Februar 2017 auf die Klage nicht eingetreten ist, nachdem die Beschwerdeführerin den von ihr verlangten Kostenvorschuss von Fr. 2'000.00 trotz Ansetzung einer Nachfrist nicht bezahlt hatte (Vi-act. A in Verbindung mit Vi-act. 2 und 3); - dass die Beschwerdeführerin diese Verfügung mit Eingabe vom 4. Januar 2017 an das Bezirksgericht Höfe angefochten und das Bezirksgericht Höfe die Eingabe als Beschwerde zuständigkeitshalber dem Kantonsgericht überwiesen hat (KG-act. 1+2); - dass der unterzeichnende Kantonsgerichtspräsident mit Verfügung vom 13. April 2017 das Gesuch der Beschwerdeführerin um Gewährung der unentgeltlichen Rechtspflege für das Beschwerdeverfahren abgewiesen (KGact. 6) und der Beschwerdeführerin mit separater Kostenvorschussverfügung vom gleichen Tag Frist bis Montag, 1. Mai 2017 zur Zahlung eines Kostenvorschusses von Fr. 1'500.00 gesetzt hat (KG-act. 7); - dass die beiden Verfügungen betreffend Abweisung der unentgeltlichen Rechtspflege und Leistung eines Kostenvorschusses der Beschwerdeführerin am 19. April 2017 postalisch zugestellt worden sind (vgl. Beilagen zu KGact. 6+7) und innert der 30-tägigen Frist dagegen keine Beschwerde beim Bundesgericht eingereicht worden ist; - dass die Beschwerdeführerin den Kostenvorschuss innert Frist nicht bezahlt hat, weshalb ihr mit Verfügung vom 29. Mai 2017 gestützt auf Art. 101 Abs. 3 ZPO unter Androhung des Nichteintretens eine Nachfrist bis Dienstag, 13. Juni 2017 zur Zahlung des Kostenvorschusses gesetzt worden ist (KGact. 10); - dass der Kostenvorschuss auch innert der angesetzten Nachfrist nicht bezahlt worden ist, weshalb androhungsgemäss auf die Beschwerde nicht einzutreten ist; - dass bei diesem Ausgang des Verfahrens die Gerichtskosten gestützt auf Art. 106 Abs. 1 ZPO der Beschwerdeführerin aufzuerlegen sind; - dass die Beschwerdegegnerin wohl eine Parteientschädigung beantragt, diesen Anspruch jedoch nicht im Sinne von Art. 95 Abs. 3 lit. c ZPO näher begründet, weshalb mit der bundesgerichtlichen Rechtsprechung davon auszugehen ist, dass eine Amtsstelle ohne Beizug eines Anwaltes im konkreten Fall keinen Anspruch auf eine Parteientschädigung hat (Urteil BGer 5D_229/2011 vom 16. April 2012, E. 3.3); - dass das Nichteintreten auf eine Beschwerde gestützt auf § 40 Abs. 2 JG in die Kompetenz des Präsidenten fällt;- verfügt:</p>
    <p type="paragraph_mark">1.</p>
    <p type="plain_text">Auf die Beschwerde wird nicht eingetreten.</p>
    <p type="paragraph_mark">2.</p>
    <p type="plain_text">Die zweitinstanzlichen Kosten von Fr. 300.00 werden der Beschwerdeführerin auferlegt.</p>
    <p type="paragraph_mark">3.</p>
    <p type="plain_text">Es werden keine Parteientschädigungen zugesprochen.</p>
    <p type="paragraph_mark">4.</p>
    <p type="plain_text">Gegen diesen Entscheid kann innert 30 Tagen seit Zustellung nach Massgabe von Art. 72 ff. des Bundesgerichtsgesetzes Beschwerde in Zivilsachen beim Bundesgericht in Lausanne eingereicht werden; die Beschwerdeschrift muss den Anforderungen von Art. 42 BGG entsprechen. Der Streitwert beträgt Fr. 130'000.00.</p>
    <p type="paragraph_mark">5.</p>
    <p type="plain_text">Zufertigung an A.________ (1/R), das Konkursamt Höfe (1/R), die Vor- instanz (1/A) sowie nach definitiver Erledigung an die Vorinstanz (1/R, mit den Akten) und an die Kantonsgerichtskasse (1/ü, im Dispositiv). Der Kantonsgerichtspräsident Versand 21. Juni 2017  rfl</p>
  </body>
  <body_footnote />
</text>