<?xml version='1.0' encoding='UTF-8'?>
<text author="" date="2014-03-06" decade="2010" description="Bei Freispruch oder Verfahrenseinstellung sei der amtliche Verteidiger mit dem Stundenansatz von Fr. – dieser Entscheid betraf den Kanton Graubünden – stellte das Bundesgericht klar, die amtliche Verteidigung werde gemäss Art. Entgegen der früher vertretenen Auffassung lässt sich eine volle Entschädigung bei Freispruch beziehungsweise Verfahrenseinstellung gemäss Bundesgericht auch nicht mit Art." file="TG_OG_001_RBOG-2014-Nr--18_2014-03-06.html" id="TG_OG_001_RBOG-2014-Nr--18_2014-03-06" language="de" page="" source="https://entscheidsuche.ch" subtopics="" title="Thurgau Obergericht Rechenschaftsbericht 06.03.2014 RBOG 2014 Nr. 18 (SW.2014.14)" topics="Thurgau Obergericht Rechenschaftsberich" type="TG_OG_001" url="http://ogbuch.tg.ch/html/1E1F87CE-A216-CFE5-1CB1F60D7DA701DA.html" year="2014"><body><p type="plain_text">RBOG 2014 Nr. 18</p><p type="plain_text">Der reduzierte Honoraransatz für den Offizialverteidiger gilt unabhängig vom Verfahrensausgang; Praxisänderung</p><p type="plain_text">(Art. 135 Abs. 1 StPO; § 13 Abs. 2 AnwT)</p><p type="paragraph_mark">1.</p><p type="plain_text">Der Beschwerdeführer wird durch einen Offizialverteidiger vertreten. Das Obergericht schützte die Beschwerde.</p><p type="paragraph_mark">2. a)</p><p type="plain_text">Bei diesem Verfahrensausgang trägt der Staat die Kosten des Beschwerdeverfahrens, und der amtliche Verteidiger ist zu entschädigen[1].</p><p type="paragraph_mark">b)</p><p type="plain_text">In einem Entscheid aus dem Jahr 2013 erwog das Obergericht, der Offizialanwalt sei unterschiedlich zu entschädigen, je nach dem, ob sein Klient verurteilt oder freigesprochen beziehungsweise ob das Verfahren eingestellt werde. Bei Freispruch oder Verfahrenseinstellung sei der amtliche Verteidiger mit dem Stundenansatz von Fr. 250.00 (anstatt von Fr. 200.00) zu entschädigen. Mit der Ernennung eines amtlichen Verteidigers entstehe ein besonderes Rechtsverhältnis öffentlich-rechtlicher Art zwischen dem Staat und dem betreffenden Anwalt. Der Offizialverteidiger stehe deshalb zu seinem Mandanten nicht in einem privatrechtlichen Verhältnis. Anders präsentiere sich die Rechtslage bei einem Freispruch der beschuldigten Person oder bei einer Verfahrenseinstellung. Die Parteientschädigung diene hier dem Ausgleich des durch staatliches Handeln entstandenen Schadens im haftpflichtrechtlichen Sinn. Von diesem Standpunkt aus betrachtet, bestehe bei einem Freispruch oder einer Verfahrenseinstellung sowohl bei einer privaten als auch bei einer amtlichen Verteidigung Anspruch auf vollumfänglichen Ersatz des Schadens, mithin Anspruch auf eine volle Parteientschädigung.</p><p type="paragraph_mark">c)</p><p type="plain_text">Diese Argumentation lässt sich vor dem Hintergrund der jüngsten Rechtsprechung des Bundesgerichts nicht mehr halten. In BGE 139 IV 262 ff. – dieser Entscheid betraf den Kanton Graubünden – stellte das Bundesgericht klar, die amtliche Verteidigung werde gemäss Art. 135 Abs. 1 StPO nach dem Anwaltstarif des Bundes oder desjenigen Kantons entschädigt, in dem das Strafverfahren geführt worden sei. Rechtsgrundlage für die Entschädigung bilde das öffentlich-rechtliche Verhältnis zwischen Bund oder Kanton und amtlicher Verteidigung. Für die Entschädigung hafte allein der Staat. Die Verteidigung erhalte das tariflich festgelegte Honorar für die Übernahme einer öffentlichen Aufgabe und trage nicht das Risiko der Uneinbringlichkeit. Mit dem Freispruch oder der Verfahrenseinstellung wandle sich das öffentlich-rechtliche Verhältnis zwischen Staat und amtlicher Verteidigung nicht in ein Privatrechtsverhältnis zwischen Verteidigung und Mandanten um. Die Entschädigung der amtlichen Verteidigung richte sich allein nach Art. 135 StPO, weshalb die Rechtsprechung zu den kantonalen Strafprozessgesetzen insoweit überholt sei. Entgegen der früher vertretenen Auffassung lässt sich eine volle Entschädigung bei Freispruch beziehungsweise Verfahrenseinstellung gemäss Bundesgericht auch nicht mit Art. 135 Abs. 4 lit. b StPO begründen, wonach die zu den Verfahrenskosten verurteilte beschuldigte Person bei wirtschaftlicher Besserstellung "der Verteidigung die Differenz zwischen der amtlichen Entschädigung und dem vollen Honorar zu erstatten hat". Das Bundesgericht führte in diesem Zusammenhang aus, Art. 135 Abs. 4 lit. b StPO wolle nach der gesetzgeberischen Konzeption sicherstellen, dass eine beschuldigte Person mit amtlicher Verteidigung finanziell nicht besser gestellt werde als eine mit privater Verteidigung. Es gehe um eine Gleichstellung der zu den Verfahrenskosten verurteilten Person und nicht um eine Gleichstellung der amtlichen mit der privaten Verteidigung. Dass die amtliche Verteidigung bei Verurteilung des Mandanten zu den Verfahrenskosten im Prinzip finanziell besser gestellt werde (weil sie die "Differenz" einfordern könne) als bei Freispruch oder Verfahrenseinstellung, wo in der Regel keine Kosten auferlegt würden (und entsprechend die "Differenz" nicht zu erstatten sei), müsse als gesetzliche Konsequenz hingenommen werden. Abschliessend hält das Bundesgericht fest, der Gesetzgeber habe auf eine Durchsetzung der vollen Entschädigung in der StPO verzichtet[2].</p><p type="paragraph_mark">d)</p><p type="plain_text">Damit richtet sich die Antwort auf die Frage, ob der amtliche Verteidiger im Fall des Obsiegens im Beschwerdeverfahren zum Stundenansatz von Fr. 200.00 oder Fr. 250.00 zu entschädigen ist, allein nach dem kantonalen Recht[3]. Sieht das kantonale Recht ein reduziertes Honorar vor, gelangt es unabhängig vom Prozessausgang zur Anwendung[4]. Im Kanton Thurgau legt § 13 Abs. 2 AnwT den Honoraransatz von Offizialverteidigern auf Fr. 200.00 pro Stunde fest. Damit unterscheidet der Anwaltstarif nicht nach Obsiegen oder Unterliegen; er trifft auch keine (besondere) Regelung für den Fall einer Verfahrenseinstellung[5]. Der Ansatz für die Entschädigung des amtlichen Verteidigers beträgt somit in jedem Fall Fr. 200.00 pro Stunde. Folglich ist die Praxis des Obergerichts, wonach bei Obsiegen die amtliche Verteidigung mit dem (höheren) Ansatz von Fr. 250.00 pro Stunde zu entschädigen ist, überholt.</p><p type="plain_text">Obergericht, 2. Abteilung, 6. März 2014, SW.2014.14</p><p type="plain_text">[1] Art. 428 Abs. 1 StPO</p><p type="plain_text">[2] BGE 139 IV 264</p><p type="plain_text">[3] Art. 135 Abs. 1 StPO</p><p type="plain_text">[4] BGE 139 IV 261 (Regeste)</p><p type="plain_text">[5] Gleich verhält es sich mit der Regelung im Kanton Graubünden, worauf sich BGE 139 IV 261 ff. bezog.</p></body></text>