<?xml version='1.0' encoding='UTF-8'?>
<text id="ZG_VG_004_V-2019-86_2020-06-15" author="" title="Zug Verwaltungsgericht Vergabekammer 15.06.2020 V 2019 86" source="https://entscheidsuche.ch" page="1–20" topics="Zug Verwaltungsgericht Vergabekamme" subtopics="" language="de" date="2020-06-15" description="Grundschulunterricht (Sprungbeschwerde) | Schulrecht/Bildungswesen" type="ZG_VG_004" file="ZG_VG_004_V-2019-86_2020-06-15.pdf" year="2020" decade="2020">
  <body>
    <p type="plain_text">Normal.dot</p>
    <p type="plain_text">VERWALTUNGSGERICHT DES KANTONS ZUG</p>
    <p type="plain_text">VERWALTUNGSRECHTLICHE KAMMER</p>
    <p type="plain_text">Verfahren gemäss § 29 der Geschäftsordnung des Verwaltungsgerichtes</p>
    <p type="plain_text">Mitwirkende Richter: Dr. iur. Aldo Elsener, Vorsitz</p>
    <p type="plain_text">lic. iur. Jacqueline Iten-Staub, Dr. iur. Matthias Suter</p>
    <p type="plain_text">lic. iur. Ivo Klingler und lic. iur. Adrian Willimann</p>
    <p type="plain_text">Gerichtsschreiberin: lic. iur. Claudia Meier</p>
    <p type="plain_text">U R T E I L  vom 15. Juni 2020 [rechtskräftig]</p>
    <p type="plain_text">in Sachen</p>
    <p type="plain_text">A.________</p>
    <p type="plain_text">Beschwerdeführer</p>
    <p type="plain_text">vertreten durch RA MLaw B.________</p>
    <p type="plain_text">gegen</p>
    <p type="plain_text">1. Schulrektorat C.________</p>
    <p type="plain_text">2. Direktion für Bildung und Kultur des Kantons Zug</p>
    <p type="plain_text">Beschwerdegegner</p>
    <p type="plain_text">betreffend</p>
    <p type="plain_text">Grundschulunterricht (Sprungbeschwerde)</p>
    <p type="plain_text">V 2019 86 / V 2019 106</p>
    <p type="plain_text">Urteil V 2019 86 und V 2019 106</p>
    <p type="paragraph_mark">A.</p>
    <p type="plain_text">a) D.________ wurde am ________ beidseits gehörlos geboren. Im Alter von zwei</p>
    <p type="plain_text">Jahren wurde er rechts mit einem Cochleaimplantat versorgt. Nach dem Besuch des</p>
    <p type="plain_text">Kindergartens in seiner Wohngemeinde C.________ besuchte D.________ infolge eines</p>
    <p type="plain_text">erheblichen Spracherwerbsrückstands 2016 bis 2018 die Sonderschule E.________ in</p>
    <p type="plain_text">F.________. Aus verschiedenen Gründen wurden danach neue Möglichkeiten zur</p>
    <p type="plain_text">weiteren schulischen Förderung von D.________ geprüft.</p>
    <p type="plain_text">Mit Zuweisungsentscheid vom 9. Juli 2018 (BG 2-act. 1 Beilage 2 im Verfahren V 2019 21)</p>
    <p type="plain_text">entschied das Schulrektorat C.________ (nachfolgend Rektorat), dass D.________ ab</p>
    <p type="plain_text">Schuljahr 2018/2019 die öffentliche Schule mit integrativer Sonderschulung in seiner</p>
    <p type="plain_text">Wohngemeinde C.________ besuchen soll. Für die integrative Sonderschulung wurden</p>
    <p type="plain_text">ihm wöchentlich sechs Zeiteinheiten audiopädagogische Beratung und Unterstützung</p>
    <p type="plain_text">sowie eine Zeiteinheit Logopädie mit einer Kostenbeteiligung des Kantons von je 50 %</p>
    <p type="plain_text">zugesprochen. Im Herbst 2018 wäre eine Evaluation dieser bis 31. Dezember 2018</p>
    <p type="plain_text">angeordneten Massnahme vorgesehen gewesen. Im Verlauf der Abklärungen hatten sich</p>
    <p type="plain_text">die Eltern von D.________, A.________, aber entschieden, ihren Sohn in der Privatschule</p>
    <p type="plain_text">G.________ in H.________ beschulen zu lassen, weshalb sie gegen den</p>
    <p type="plain_text">Zuweisungsentscheid Verwaltungsbeschwerde erhoben (BG 2-act. 1 sowie Beilage 9 im</p>
    <p type="plain_text">Verfahren V 2019 21). Sie beantragten die Zuweisung ihres Sohnes in die G.________</p>
    <p type="plain_text">"für die separative Sonderschulung" vom 1. August 2018 bis 31. Juli 2020. Für den</p>
    <p type="plain_text">gleichen Zeitraum ersuchten sie sodann um Übernahme der Kosten für wöchentlich sechs</p>
    <p type="plain_text">Zeiteinheiten audiopädagogische Beratung und Unterstützung sowie eine Zeiteinheit</p>
    <p type="plain_text">Logopädie im Umfang von je 50 % durch Kanton und Gemeinde. Mit Verfügung vom</p>
    <p type="plain_text">16. Januar 2019 (BF-act. 14 im Verfahren V 2019 21) wies die Direktion für Bildung und</p>
    <p type="plain_text">Kultur (nachfolgend Bildungsdirektion) die Beschwerde ab. Auf die von A.________</p>
    <p type="plain_text">dagegen erhobene Verwaltungsgerichtsbeschwerde trat das Verwaltungsgericht des</p>
    <p type="plain_text">Kantons Zug mit Urteil V 2019 21 vom 13. Juni 2019 wegen fehlender Rechtzeitigkeit nicht</p>
    <p type="plain_text">ein.</p>
    <p type="plain_text">b) Mit Blick auf das neue Schuljahr gelangten A.________ am 21. Juni 2019 erneut</p>
    <p type="plain_text">an das Rektorat und stellten folgende Anträge (BF-act. 11 im Verfahren V 2019 71):</p>
    <p type="plain_text">1. Es seien 6 Zeiteinheiten audiopädagogische Beratung und Unterstützung pro Woche</p>
    <p type="plain_text">sowie 1 Zeiteinheit Logopädie pro Woche für den Zeitraum 1. August 2019 bis</p>
    <p type="plain_text">31. Juli 2020 unabhängig der Zuweisung in eine öffentliche oder private Schule</p>
    <p type="plain_text">anzuordnen.</p>
    <p type="plain_text">Urteil V 2019 86 und V 2019 106</p>
    <p type="plain_text">2. D.________ sei für den Zeitraum 1. August 2019 bis 31. Juli 2020 (3. Primarklasse)</p>
    <p type="plain_text">für die separative Sonderschulung extern der Tagesschule G.________,</p>
    <p type="plain_text">H.________, zuzuweisen.</p>
    <p type="plain_text">3. Die Anträge gemäss Ziffer 1 und 2 seien im Rahmen einer vorsorglichen</p>
    <p type="plain_text">Massnahme anzuordnen.</p>
    <p type="plain_text">4. Es seien die Massnahmen der Sonderschulung für D.________, nämlich</p>
    <p type="plain_text">audiopädagogische Beratung und Unterstützung sowie Logopädie, ab 1. August</p>
    <p type="plain_text">2020 bis zum Abschluss der obligatorischen Schulzeit unabhängig der Beschulung</p>
    <p type="plain_text">in einer öffentlichen oder privaten Schule zuzusprechen, wobei die Anzahl der</p>
    <p type="plain_text">Zeiteinheiten pro Schuljahr unter Beizug des schulpsychologischen Dienstes des</p>
    <p type="plain_text">Kantons Zug (SPD) sowie des audiopädagogischen Dienstes Luzern (APD)</p>
    <p type="plain_text">festzulegen seien.</p>
    <p type="plain_text">5. Es sei bis spätestens 31. März 2020 eine Evaluation der getroffenen Massnahmen</p>
    <p type="plain_text">(Zuweisung, audiopädagogische Beratung und Unterstützung, Logopädie) unter</p>
    <p type="plain_text">Einbezug des SPD, des APD, der D.________ betreuenden Fachpersonen im Spital</p>
    <p type="plain_text">I.________ (Frau J.________ und Herr Prof. Dr. K.________), der Eltern, und von</p>
    <p type="plain_text">D.________ selbst sowie der Klassenlehrperson durchzuführen.</p>
    <p type="plain_text">6. D.________ sei rückwirkend für den Zeitraum 1. August 2018 bis 31. Juli 2019</p>
    <p type="plain_text">(2. Primarklasse) für die separative Sonderschulung extern der Tagesschule</p>
    <p type="plain_text">G.________, H.________, zuzuweisen.</p>
    <p type="plain_text">7. Alle Massnahmen seien im Sinne des Schulgesetzes des Kantons Zug durch den</p>
    <p type="plain_text">Staat (Wohnsitzgemeinde C.________ und Kanton Zug) zu finanzieren.</p>
    <p type="plain_text">8. Es seien die Unterlagen des Verfahrens V 2019 21 vor dem Verwaltungsgericht des</p>
    <p type="plain_text">Kantons Zug beizuziehen und es sei die Korrespondenz mittels Einschreiben zu</p>
    <p type="plain_text">führen.</p>
    <p type="plain_text">9. Es sei davon Vermerk zu nehmen, dass die Antragssteller sich ausdrücklich</p>
    <p type="plain_text">vorbehalten, die aufgelaufenen Kosten im Zusammenhang mit dem Verfahren V</p>
    <p type="plain_text">2019 21 vor dem Verwaltungsgericht des Kantons Zug (inkl. Kosten für das</p>
    <p type="plain_text">Verfahren vor der Direktion für Bildung und Kultur) rechtlich einzufordern.</p>
    <p type="plain_text">Am 28. Juni 2019 beschloss das Rektorat die Zuweisung von D.________ in die</p>
    <p type="plain_text">gemeindliche Schule C.________ für das Schuljahr 2019/20 (Dispositiv-Ziff. 1) und sprach</p>
    <p type="plain_text">für die integrative Sonderschulung in C.________ sechs Zeiteinheiten audiopädagogische</p>
    <p type="plain_text">Beratung und Unterstützung pro Woche sowie eine Zeiteinheit Logopädie zu (Dispositiv-</p>
    <p type="plain_text">Ziff. 2). Mit Bezug auf die übrigen Anträge (Ziff. 4-9) verwies es auf einen späteren</p>
    <p type="plain_text">Entscheid (Dispositiv-Ziff. 3; act. 8 im Verfahren V 2019 71). Gegen diesen Entscheid</p>
    <p type="plain_text">erhoben A.________ am 5. Juli 2019 Verwaltungsbeschwerde an die Bildungsdirektion</p>
    <p type="plain_text">und beantragten mit Bezug auf das Schuljahr 2019/20 die Zuweisung in die G.________</p>
    <p type="plain_text">sowie die Zusprechung von verstärkten Massnahmen unabhängig von der</p>
    <p type="plain_text">Schulzuweisung, vorab im Rahmen vorsorglicher Massnahmen. Weiter beantragten sie</p>
    <p type="plain_text">die Zusprechung von verstärkten Massnahmen bis zum Abschluss der obligatorischen</p>
    <p type="plain_text">Schulzeit, um Evaluation der getroffenen Massnahmen bis spätestens 31. März 2020</p>
    <p type="plain_text">sowie rückwirkend um Zuweisung von D.________ für das Schuljahr 2018/19 in die</p>
    <p type="plain_text">G.________ (BF-act. 14 im Verfahren V 2019 71).</p>
    <p type="plain_text">Urteil V 2019 86 und V 2019 106</p>
    <p type="plain_text">Mit einem als "Zwischenentscheid betreffend Sprungbeschwerde und vorsorgliche</p>
    <p type="plain_text">Massnahmen" betitelten Entscheid vom 25. Juli 2019 wies die Bildungsdirektion das</p>
    <p type="plain_text">Gesuch um Weiterleitung der Beschwerde an das Verwaltungsgericht ab. Weiter lehnte</p>
    <p type="plain_text">sie das Begehren um Erlass vorsorglicher Massnahmen ab und trat auf die übrigen</p>
    <p type="plain_text">Anträge nicht ein. Mit Bezug auf die die Verfahrenskosten verwies sie auf den (späteren)</p>
    <p type="plain_text">Entscheid in der Hauptsache (BF-act. 10 im Verfahren V 2019 71). Die von A.________</p>
    <p type="plain_text">am 6. August 2019 dagegen erhobene Verwaltungsgerichtsbeschwerde (act. 1 im</p>
    <p type="plain_text">Verfahren V 2019 71) wurde vom Verwaltungsgericht des Kantons Zug mit Urteil V 2019</p>
    <p type="plain_text">71 vom 21. Oktober 2019 abgewiesen, soweit darauf eingetreten werden konnte.</p>
    <p type="paragraph_mark">B.</p>
    <p type="plain_text">a) Am 26. August 2019 erliess das Rektorat einen Entscheid über die am 28. Juni</p>
    <p type="plain_text">2019 offen gelassenen Anträge (BF-act. 2 im Verfahren V 2019 86). Dagegen erhoben</p>
    <p type="plain_text">A.________ am 9. September 2019 Verwaltungsbeschwerde (act. 1 im Verfahren V 2019</p>
    <p type="plain_text">86). Mit Entscheid vom 30. September 2019 leitete die Bildungsdirektion diese</p>
    <p type="plain_text">Beschwerde als Sprungbeschwerde an das Verwaltungsgericht weiter (BG-act. 2-act. 1 im</p>
    <p type="plain_text">Verfahren V 2019 86), wo sie unter der Verfahrensnummer V 2019 86 registriert wurde.</p>
    <p type="plain_text">In ihrer neuen Beschwerde stellten A.________ folgende Anträge (act. 1 S. 2 f. im</p>
    <p type="plain_text">Verfahren V 2019 86):</p>
    <p type="plain_text">1. Der Entscheid des Schulrektorats C.________ vom 26. August 2019 betreffend</p>
    <p type="plain_text">D.________ sei aufzuheben.</p>
    <p type="plain_text">2. Es seien 6 Zeiteinheiten audiopädagogische Beratung und Unterstützung pro Woche</p>
    <p type="plain_text">sowie 1 Zeiteinheit Logopädie pro Woche für den Zeitraum 1. August 2019 bis</p>
    <p type="plain_text">31. Juli 2020 unabhängig der Zuweisung in eine öffentliche oder private Schule</p>
    <p type="plain_text">anzuordnen.</p>
    <p type="plain_text">3. D.________, geb. ________, A.________, sei für den Zeitraum 1. August 2019 bis</p>
    <p type="plain_text">31. Juli 2020 (3. Primarklasse) für die separative Sonderschulung extern der</p>
    <p type="plain_text">Tagesschule G.________, H.________, zuzuweisen.</p>
    <p type="plain_text">4. Es seien die Massnahmen der Sonderschulung für D.________, nämlich</p>
    <p type="plain_text">audiopädagogische Beratung und Unterstützung sowie Logopädie, ab 1. August</p>
    <p type="plain_text">2020 bis zum Abschluss der obligatorischen Schulzeit unabhängig der Beschulung</p>
    <p type="plain_text">in einer öffentlichen oder privaten Schule zu zusprechen, wobei die Anzahl der</p>
    <p type="plain_text">Zeiteinheiten pro Schuljahr unter Beizug des schulpsychologischen Dienstes des</p>
    <p type="plain_text">Kantons Zug (SPD) sowie des audiopädagogischen Dienstes Luzern (APD)</p>
    <p type="plain_text">festzulegen seien.</p>
    <p type="plain_text">5. Es sei bis spätestens 31. März 2020 eine Evaluation der getroffenen Massnahmen</p>
    <p type="plain_text">(Zuweisung, audiopädagogische Beratung und Unterstützung, Logopädie) unter</p>
    <p type="plain_text">Einbezug des SPD, des APD, der D.________ betreuenden Fachpersonen im Spital</p>
    <p type="plain_text">I.________ (Frau J.________ und Herr Prof. Dr. K.________), der Eltern und von</p>
    <p type="plain_text">D.________ selbst sowie der Klassenlehrperson durchzuführen.</p>
    <p type="plain_text">Urteil V 2019 86 und V 2019 106</p>
    <p type="plain_text">6. D.________ sei rückwirkend für den Zeitraum 1. August 2018 bis 31. Juli 2019</p>
    <p type="plain_text">(2. Primarklasse) für die separative Sonderschulung extern der Tagesschule</p>
    <p type="plain_text">G.________, H.________, zuzuweisen.</p>
    <p type="plain_text">7. Alle Massnahmen seien im Sinne des Schulgesetzes des Kantons Zug durch den</p>
    <p type="plain_text">Staat (Wohnsitzgemeinde C.________ und Kanton Zug) zu finanzieren.</p>
    <p type="plain_text">8. Alles unter Kosten- und Entschädigungsfolgen (zuzüglich Mehrwertsteuer) zu Lasten</p>
    <p type="plain_text">des Beschwerdegegners.</p>
    <p type="plain_text">b) Am 7. Oktober 2019 erklärten sich die Beschwerdeführer mit der Behandlung ihrer</p>
    <p type="plain_text">Verwaltungsbeschwerde als Sprungbeschwerde einverstanden (act. 4 im Verfahren</p>
    <p type="plain_text">V 2019 86).</p>
    <p type="plain_text">c) Mit Vernehmlassung vom 25. Oktober 2019 beantragte das Rektorat eine</p>
    <p type="plain_text">Abweisung der Beschwerde (act. 6 im Verfahren V 2019 86). Die Bildungsdirektion</p>
    <p type="plain_text">hingegen schloss in ihrer Vernehmlassung vom 28. November 2019 auf Nichteintreten,</p>
    <p type="plain_text">eventualiter auf Abweisung der Beschwerde soweit darauf einzutreten sei (act. 8 im</p>
    <p type="plain_text">Verfahren V 2019 86).</p>
    <p type="plain_text">d) Mit Zustellung der Vernehmlassungen an die Beschwerdeführer am 2. Dezember</p>
    <p type="plain_text">2019 wurden die Parteien über die Absicht des Gerichts orientiert, im Januar 2020 bzw.</p>
    <p type="plain_text">nach einem allfälligen zweiten Schriftenwechsel, eine Referentenaudienz durchzuführen</p>
    <p type="plain_text">(act. 9 im Verfahren V 2019 86).</p>
    <p type="plain_text">Im Rahmen des von den Beschwerdeführern angestrebten zweiten Schriftenwechsels</p>
    <p type="plain_text">hielten diese und die Bildungsdirektion an den gestellten Anträgen fest (Replik vom</p>
    <p type="plain_text">24. Januar 2020 und Duplik vom 24. Februar 2020 [act. 11 und16 im Verfahren V 2019</p>
    <p type="plain_text">86]), während das Rektorat auf eine Duplik verzichtete (act. 15 im Verfahren V 2019 86).</p>
    <p type="plain_text">Am 2. März 2020 folgte eine erneute Stellungnahme, worin die Beschwerdeführer ihr</p>
    <p type="plain_text">Festhalten an den gestellten Anträgen erklärten (act. 18 im Verfahren V 2019 86). Darüber</p>
    <p type="plain_text">wurden die Beschwerdegegner orientiert (act. 19 im Verfahren V 2019 86).</p>
    <p type="paragraph_mark">C.</p>
    <p type="plain_text">a) Nach Erhalt des Urteils V 2019 71 leitete die Bildungsdirektion mit Endentscheid</p>
    <p type="plain_text">betreffend Sprungbeschwerde vom 3. Dezember 2019 die von den Beschwerdeführern mit</p>
    <p type="plain_text">Verwaltungsbeschwerde vom 5. Juli 2019 gestellten Anträgen betreffend Zuweisung in die</p>
    <p type="plain_text">G.________ für das Schuljahr 2019/20 sowie Zusprechung von verstärkten Massnahmen</p>
    <p type="plain_text">unabhängig von der Schulzuweisung (BF-act. 14 im Verfahren V 2019 71; vgl. dazu</p>
    <p type="plain_text">E. A.b) mittels Sprungbeschwerde an das Verwaltungsgericht zur direkten Beurteilung</p>
    <p type="plain_text">Urteil V 2019 86 und V 2019 106</p>
    <p type="plain_text">weiter. Daraufhin wurde das Verfahren V 2019 106 angelegt (act. 3 im Verfahren V 2019</p>
    <p type="plain_text">106).</p>
    <p type="plain_text">b) Während die Bildungsdirektion in der Folge auf eine Vernehmlassung verzichtete,</p>
    <p type="plain_text">schloss das Rektorat mit Eingabe vom 27. Januar 2020 auf Abweisung der Beschwerde</p>
    <p type="plain_text">(act. 5 und 7 im Verfahren V 2019 106). In ihrer Stellungnahme vom 24. Januar 2020</p>
    <p type="plain_text">hielten die Beschwerdeführer an den mit Beschwerde vom 5. Juli 2019 gestellten Anträgen</p>
    <p type="plain_text">fest (act. 6 im Verfahren V 2019 106).</p>
    <p type="plain_text">D. Infolge der vom Bundesrat im März 2020 erlassenen Massnahmen zur</p>
    <p type="plain_text">Bekämpfung des Coronavirus erwies sich die baldige Durchführung einer</p>
    <p type="plain_text">Referentenaudienz angesichts der Anzahl Teilnehmer und der dem Gericht zur Verfügung</p>
    <p type="plain_text">stehenden Räumlichkeiten als nicht mehr realisierbar, weshalb darauf mit Blick auf eine</p>
    <p type="plain_text">Erledigung des Verfahrens vor Ende des Schuljahres verzichtet werden musste.</p>
    <p type="plain_text">Das Verwaltungsgericht erwägt:</p>
    <p type="plain_text">1. In den Verfahren V 2019 86 und V 2019 106 stehen sich dieselben Parteien</p>
    <p type="plain_text">gegenüber. Auch besteht zwischen den beiden Verfahren ein enger sachlicher und</p>
    <p type="plain_text">rechtlicher Zusammenhang, denn streitig ist der Anspruch von D.________ auf Besuch</p>
    <p type="plain_text">einer Privatschule und Unterstützung durch verstärkte Massnahmen im Rahmen der von</p>
    <p type="plain_text">Gemeinde und Kanton mitfinanzierten integrativen Sonderschulung. Da keine der Parteien</p>
    <p type="plain_text">durch die Verfahrensvereinigung irgendwelche Nachteile erleidet, rechtfertigt es sich, die</p>
    <p type="plain_text">beiden Verfahren V 2019 86 und V 2019 106 zu vereinigen und in einem einzigen Urteil zu</p>
    <p type="plain_text">erledigen.</p>
    <p type="plain_text">2. Gemäss § 83 des Schulgesetzes (SchulG; BGS 412.11) richtet sich die</p>
    <p type="plain_text">Rechtspflege grundsätzlich nach den Bestimmungen des</p>
    <p type="plain_text">Verwaltungsrechtspflegegesetzes (VRG; BGS 162.1). Gegen Entscheide der</p>
    <p type="plain_text">Wohnsitzgemeinde betreffend Zuweisung oder Nichtzuweisung zu einer Sonderschulung</p>
    <p type="plain_text">kann innert zehn Tagen seit deren Mitteilung bei der Bildungsdirektion</p>
    <p type="plain_text">Verwaltungsbeschwerde erhoben werden (§ 85 Abs. 1 lit. a Ziff. 4 SchulG). Gegen in</p>
    <p type="plain_text">diesem Zuständigkeitsbereich gefällte Entscheide der Direktion für Bildung und Kultur sind</p>
    <p type="plain_text">Urteil V 2019 86 und V 2019 106</p>
    <p type="plain_text">die Beschwerden innert 30 Tagen direkt beim Verwaltungsgericht einzureichen (§ 86</p>
    <p type="plain_text">SchulG). Bei Zustimmung des Beschwerdeführers kann der Regierungsrat eine</p>
    <p type="plain_text">Verwaltungsstreitsache unter Verzicht auf einen Entscheid an das Verwaltungsgericht zur</p>
    <p type="plain_text">direkten Beurteilung überweisen (Sprungbeschwerde, § 61 Abs. 2 VRG). Bei der</p>
    <p type="plain_text">Beurteilung einer Sprungbeschwerde wird vom Verwaltungsgericht neben</p>
    <p type="plain_text">Rechtsverletzungen auch die Handhabung des Ermessens überprüft (§ 63 Abs. 1 und 3</p>
    <p type="plain_text">VRG).</p>
    <p type="plain_text">In ihrer Beschwerde vom 5. Juli 2019 gegen den Entscheid des Rektorats vom 28. Juni</p>
    <p type="plain_text">2019 ersuchten die Beschwerdeführer, die Verwaltungsbeschwerde als</p>
    <p type="plain_text">Sprungbeschwerde zur direkten Beurteilung an das Verwaltungsgericht zu überweisen</p>
    <p type="plain_text">(BF-act. 14 S. 3 im Verfahren V 2019 71). Diesem Begehren ist die Bildungsdirektion nach</p>
    <p type="plain_text">rechtskräftiger Abweisung der ebenfalls beantragten vorsorglichen Massnahmen (vgl.</p>
    <p type="plain_text">Verfahren V 2019 71) nachgekommen und hat die Überweisung mit Verfügung vom</p>
    <p type="plain_text">3. Dezember 2019 vorgenommen (act. 3 im Verfahren V 2019 106). Im Verfahren V 2019</p>
    <p type="plain_text">86 erklärten sich die Beschwerdeführer am 7. Oktober 2019 mit der Behandlung ihrer am</p>
    <p type="plain_text">9. September 2019 gegen den Entscheid des Rektorats vom 26. August 2019 erhobenen</p>
    <p type="plain_text">Beschwerde als Sprungbeschwerde nachträglich einverstanden (act. 4 im Verfahren</p>
    <p type="plain_text">V 2019 86). Die beiden Beschwerden waren beim Regierungsrat frist- und formgerecht</p>
    <p type="plain_text">eingereicht worden. Die Beschwerdeführer sind als Eltern des schulpflichtigen</p>
    <p type="plain_text">D.________ von den angefochtenen Entscheiden direkt betroffen und zur Beschwerde</p>
    <p type="plain_text">legitimiert. Ihre Beschwerden sind somit zu prüfen.</p>
    <p type="paragraph_mark">3.</p>
    <p type="plain_text">3.1 Niemand darf unter anderem wegen einer körperlichen, geistigen oder</p>
    <p type="plain_text">psychischen Behinderung diskriminiert werden (Art. 8 Abs. 2 BV). Dies begründet jedoch</p>
    <p type="plain_text">keinen individualrechtlichen, gerichtlich durchsetzbaren Anspruch darauf, dass eine</p>
    <p type="plain_text">faktische Gleichheit hergestellt wird. Für die Beseitigung faktischer Benachteiligungen</p>
    <p type="plain_text">behinderter Personen besteht vielmehr ein eigenständiger verfassungsrechtlicher</p>
    <p type="plain_text">Beseitigungsauftrag (Art. 8 Abs. 4 BV), welchen der Gesetzgeber zu konkretisieren hat</p>
    <p type="plain_text">(BGE 141 I 9 E. 3.1).</p>
    <p type="plain_text">3.2 Für das Schulwesen sind die Kantone zuständig (Art. 62 Abs. 1 BV). Sie haben</p>
    <p type="plain_text">einen ausreichenden und unentgeltlichen Grundschulunterricht zu gewähren (Art. 19 und</p>
    <p type="plain_text">Art. 62 Abs. 2 BV). Behinderte haben in diesem Rahmen einen Anspruch auf geeignete</p>
    <p type="plain_text">Sonderschulung. Die Kantone sorgen für eine ausreichende Sonderschulung aller</p>
    <p type="plain_text">Urteil V 2019 86 und V 2019 106</p>
    <p type="plain_text">behinderten Kinder und Jugendlichen bis längstens zum vollendeten 20. Lebensjahr</p>
    <p type="plain_text">(Art. 62 Abs. 3 BV). Gemäss Art. 20 des Bundesgesetzes über die Beseitigung von</p>
    <p type="plain_text">Benachteiligungen von Menschen mit Behinderungen (Behindertengleichstellungsgesetz,</p>
    <p type="plain_text">BehiG; SR 151.3) sorgen die Kantone dafür, dass behinderte Kinder und Jugendliche eine</p>
    <p type="plain_text">Grundschulung erhalten, die ihren besonderen Bedürfnissen angepasst ist (Art. 20 Abs. 1</p>
    <p type="plain_text">BehiG). Sie fördern, soweit dies möglich ist und dem Wohl des behinderten Kindes oder</p>
    <p type="plain_text">Jugendlichen entspricht, mit entsprechenden Schulungsformen die Integration behinderter</p>
    <p type="plain_text">Kinder und Jugendlicher in die Regelschule (Art.  20 Abs. 2 BehiG). Diese Bestimmung</p>
    <p type="plain_text">konkretisiert die verfassungsrechtlichen Grundsätze, geht aber kaum über sie hinaus</p>
    <p type="plain_text">(BGE 141 I 9 E. 3.2).</p>
    <p type="plain_text">Im Rahmen dieser Grundsätze verfügen die Kantone praxisgemäss über einen</p>
    <p type="plain_text">erheblichen Gestaltungsspielraum. Das gilt auch für die Sonderschulung. Die Ausbildung</p>
    <p type="plain_text">muss für den Einzelnen angemessen und geeignet sein und genügen, um die Schüler</p>
    <p type="plain_text">sachgerecht auf ein selbstverantwortliches Leben im modernen Alltag vorzubereiten.</p>
    <p type="plain_text">Art. 19 BV verschafft einen Anspruch auf eine den individuellen Fähigkeiten des Kindes</p>
    <p type="plain_text">und seiner Persönlichkeitsentwicklung entsprechende, unentgeltliche</p>
    <p type="plain_text">Grundschulausbildung auch für behinderte Kinder. Gerade für diese ist es im Rahmen des</p>
    <p type="plain_text">ausreichenden Grundschulunterrichts regelmässig erforderlich, einen höheren Aufwand zu</p>
    <p type="plain_text">betreiben, um ihre behinderungsbedingten Nachteile auszugleichen und eine möglichst</p>
    <p type="plain_text">weitgehende gesellschaftliche Chancengleichheit herzustellen. Der Anspruch ist verletzt,</p>
    <p type="plain_text">wenn die Ausbildung des Kindes in einem Masse eingeschränkt wird, dass die</p>
    <p type="plain_text">Chancengleichheit nicht mehr gewahrt ist bzw. wenn es Lehrinhalte nicht vermittelt erhält,</p>
    <p type="plain_text">die in der hiesigen Wertordnung als unverzichtbar gelten. Der verfassungsrechtliche</p>
    <p type="plain_text">Anspruch umfasst somit nur ein angemessenes, erfahrungsgemäss ausreichendes</p>
    <p type="plain_text">Bildungsangebot an öffentlichen Schulen. Ein darüberhinausgehendes Mass an</p>
    <p type="plain_text">individueller Betreuung, das theoretisch immer möglich wäre, kann mit Rücksicht auf das</p>
    <p type="plain_text">staatliche Leistungsvermögen nicht gefordert werden. Der verfassungsmässige Anspruch</p>
    <p type="plain_text">auf unentgeltlichen Grundschulunterricht ist also nicht gleichbedeutend mit dem Anspruch</p>
    <p type="plain_text">auf die optimale bzw. geeignetste Schulung eines (behinderten) Kindes. Das bedeutet,</p>
    <p type="plain_text">dass auch für Kinder mit einer Behinderung die jeweiligen staatlichen Betreuungspflichten</p>
    <p type="plain_text">aufwandmässig nicht unbegrenzt sind. Eine Abweichung vom "idealen" Bildungsangebot</p>
    <p type="plain_text">ist zulässig, wenn sie der Vermeidung einer erheblichen Störung des Unterrichts, der</p>
    <p type="plain_text">Berücksichtigung der finanziellen Interessen des Gemeinwesens oder dem Bedürfnis der</p>
    <p type="plain_text">Schule an der Vereinfachung der organisatorischen Abläufe dient und die entsprechenden</p>
    <p type="plain_text">Urteil V 2019 86 und V 2019 106</p>
    <p type="plain_text">Massnahmen verhältnismässig bleiben (Urteile BGer 2C_713/2018 vom 27. Mai 2019</p>
    <p type="plain_text">E. 3.1.1 sowie 2C_364/2016 vom 2. Februar 2017 E. 4.1.1; BGE 141 I 9 E. 3.3 und 4.2.2).</p>
    <p type="plain_text">Die Konkretisierungen des Anspruchs aus Art. 62 Abs. 2 BV durch den kantonalen</p>
    <p type="plain_text">Gesetzgeber sind daran zu messen, ob sie mit dem verfassungsrechtlich garantierten</p>
    <p type="plain_text">Minimalgehalt zu vereinbaren sind (BGE 144 I 1 E. 2.3).</p>
    <p type="plain_text">3.3 Die Garantie auf ausreichenden und unentgeltlichen Grundschulunterricht im</p>
    <p type="plain_text">Sinne von Art. 19 BV beschränkt sich auf die öffentlichen Schulen (Art. 62 Abs. 2 BV). Der</p>
    <p type="plain_text">Besuch einer Privatschule ist ausnahmsweise unentgeltlich, wenn an öffentlichen Schulen</p>
    <p type="plain_text">im spezifischen Fall kein ausreichendes schulisches Angebot zur Verfügung steht.</p>
    <p type="plain_text">Unterhält der Staat ein geeignetes und zumutbares Angebot, ist er selbst dann nicht</p>
    <p type="plain_text">verpflichtet, eine private Lösung zu finanzieren, wenn dort ein noch besserer Unterricht zur</p>
    <p type="plain_text">Verfügung stünde (Urteile BGer 2C_713/2018 vom 27. Mai 2019 E. 3.1.2; 2C_364/2016</p>
    <p type="plain_text">vom 2. Februar 2017 E. 4.1.2 und 2C_405/2016 vom 9. Januar 2017 E. 4.2). Es besteht</p>
    <p type="plain_text">insofern kein Anspruch auf rechtsgleichen Zugang zu privaten und öffentlichen Schulen.</p>
    <p type="paragraph_mark">3.4</p>
    <p type="plain_text">3.4.1 Das Zuger Schulgesetz sieht grundsätzlich den Aufenthaltsort des Schülers als</p>
    <p type="plain_text">Schulort vor (§ 9 Abs. 1 SchulG).</p>
    <p type="plain_text">3.4.2 Mit Bezug auf die Sonderpädagogik wird zunächst in § 33 SchulG auf das</p>
    <p type="plain_text">kantonale Konzept Sonderpädagogik hingewiesen, welches die sonderpädagogischen</p>
    <p type="plain_text">Angebote der gemeindlichen Schulen, die Angebote der Sonderschulung, die</p>
    <p type="plain_text">Qualitätssicherung sowie den Finanzierungsmodus regelt. Darin wird festgehalten, dass</p>
    <p type="plain_text">für alle Lernenden und Schulformen eine weitgehend integrative Schulung angestrebt wird</p>
    <p type="plain_text">(Konzept Sonderpädagogik KOSO, vom Regierungsrat am 13. Mai 2008 in 2. Lesung</p>
    <p type="plain_text">beschlossen, S. 4).</p>
    <p type="plain_text">3.4.3 Die Sonderschulung wird in § 34 SchulG geregelt. Demgemäss sorgen die</p>
    <p type="plain_text">Gemeinden dafür, dass Kinder, die aus intellektuellen, sozialen, psychischen, physischen</p>
    <p type="plain_text">Gründen in den gemeindlichen Schulen nicht angemessen gefördert werden können, eine</p>
    <p type="plain_text">entsprechende Sonderschulung erhalten (Abs. 1). Der Schulpsychologische Dienst des</p>
    <p type="plain_text">Kantons Zug trifft, allenfalls unter Beizug weiterer Fachpersonen, die notwendigen</p>
    <p type="plain_text">Abklärungen. Er bezieht alle Beteiligten, insbesondere den Rektor und die</p>
    <p type="plain_text">Erziehungsberechtigten, in eine Gesamtbeurteilung mit ein und stellt der Bildungsdirektion</p>
    <p type="plain_text">Urteil V 2019 86 und V 2019 106</p>
    <p type="plain_text">Antrag für eine Mitfinanzierung (Abs. 2). Nachdem der Kanton über die Mitfinanzierung der</p>
    <p type="plain_text">Sonderschulung entschieden hat, und in Kenntnis des Antrags des Schulpsychologischen</p>
    <p type="plain_text">Dienstes verfügt die Wohnsitzgemeinde die Zuweisung eines Kindes zu einer integrativen</p>
    <p type="plain_text">Sonderschulung oder in eine Sonderschule (Abs. 3-5).</p>
    <p type="plain_text">Die Kantons- und Gemeindebeiträge werden in Form von Pauschalen gewährt. Die Höhe</p>
    <p type="plain_text">der Pauschalen und der Zahlungsmodus werden in den Leistungsvereinbarungen</p>
    <p type="plain_text">geregelt. Die Pauschale wird erstmalig vom Regierungsrat festgelegt. Die</p>
    <p type="plain_text">Bildungsdirektion stellt den Gemeinden deren Anteil in Rechnung (§ 11bis Abs. 1 der</p>
    <p type="plain_text">Verordnung zum Schulgesetz [SchulV; BGS 412.111]). Erfolgt die Zuweisung in eine</p>
    <p type="plain_text">Sonderschule direkt durch die Erziehungsberechtigten, jedoch ohne Entscheid durch die</p>
    <p type="plain_text">Gemeinde und ohne kantonalen Mitfinanzierungsentscheid, entfällt der Kantonsbeitrag</p>
    <p type="plain_text">(Abs. 3).</p>
    <p type="plain_text">3.4.4 Die in § 34bis geregelte integrative Sonderschulung sieht vor, dass Kinder mit</p>
    <p type="plain_text">einem Bedarf an verstärkten Massnahmen, soweit dies dem Wohle des Kindes dient und</p>
    <p type="plain_text">unter Berücksichtigung der Rahmenbedingungen möglich ist, in der Regelklasse</p>
    <p type="plain_text">unterrichtet werden, solange die schulische Qualität in der Regelklasse erhalten bleibt</p>
    <p type="plain_text">(Abs. 1). Die Wohnsitzgemeinde des entsprechenden Kindes trägt 50 % der Kosten, die</p>
    <p type="plain_text">der Kanton für die Schüler aus der betreffenden Gemeinde gemäss</p>
    <p type="plain_text">Leistungsvereinbarung aufzuwenden hat. Lehnt die Direktion für Bildung und Kultur eine</p>
    <p type="plain_text">Mitfinanzierung ab, so hat die Gemeinde 100 % der Kosten zu tragen (Abs. 3).</p>
    <p type="plain_text">3.4.5 Aus sozialen Gründen können Schüler einer Privatschule zugewiesen werden, die</p>
    <p type="plain_text">nicht als Sonderschule im Sinne der entsprechenden interkantonalen Vereinbarung</p>
    <p type="plain_text">anerkannt ist. In diesem Fall regelt die Gemeinde mit der Schule die Leistungsabgeltung</p>
    <p type="plain_text">im Sinne von § 36 SchulG über die ausserkantonalen Sonderschulen (§ 35 Abs. 4</p>
    <p type="plain_text">SchulG). Auch hier trägt sie 50 % der Kosten, sofern die Bildungsdirektion die</p>
    <p type="plain_text">Mitfinanzierung für die Sonderschulung gutgeheissen hat, andernfalls 100 % (§ 36 Abs. 3</p>
    <p type="plain_text">SchulG).</p>
    <p type="plain_text">Mit Bezug auf Beiträge des Kantons beim Besuch einer Privatschule sieht § 78 SchulG</p>
    <p type="plain_text">vor, dass der Kanton der Gemeinde die Normpauschale gewährt, wenn letztere Kinder zur</p>
    <p type="plain_text">Erfüllung der Schulpflicht einer Privatschule zuweist (Abs. 1). Weiter können die</p>
    <p type="plain_text">Privatschulen die obligatorischen kantonalen Lehrmittel für die Zuger Schüler zu den</p>
    <p type="plain_text">gleichen Bedingungen beziehen wie die gemeindlichen Schulen (Abs. 3).</p>
    <p type="plain_text">Urteil V 2019 86 und V 2019 106</p>
    <p type="plain_text">4. Mit Verweis auf E. 6 des Urteils V 2019 71 vom 21. Oktober 2019 ist zunächst</p>
    <p type="plain_text">festzuhalten, dass über die rückwirkende Zuweisung von D.________ in die G.________</p>
    <p type="plain_text">für das Schuljahr 2018/19 bereits rechtskräftig entschieden wurde. Weitere Ausführungen</p>
    <p type="plain_text">zum entsprechenden Antrag der Beschwerdeführer erübrigen sich somit.</p>
    <p type="paragraph_mark">5.</p>
    <p type="plain_text">5.1 Mit Bezug auf die beantragte Zuweisung von D.________ "für die separative</p>
    <p type="plain_text">Sonderschulung" in die G.________ für das Schuljahr 2019/20 ist zunächst festzuhalten,</p>
    <p type="plain_text">dass die G.________ eine vom Kanton anerkannte Tagesschule mit privater Trägerschaft</p>
    <p type="plain_text">gemäss § 74 Abs. 1 SchulG ist. Sie ist allerdings keine Sonderschule im Sinne von § 35</p>
    <p type="plain_text">SchulG, weshalb eine Zuweisung in die G.________ zur separativen Sonderschulung</p>
    <p type="plain_text">gemäss § 35 Abs. 4 SchulG nur aus sozialen Gründen erfolgen kann (vgl. E. 3.4.5 hievor),</p>
    <p type="plain_text">was bei D.________ unbestrittenermassen nicht der Fall ist. Zudem wird D.________</p>
    <p type="plain_text">gemäss den Akten in der G.________ offensichtlich nicht separativ geschult und führt die</p>
    <p type="plain_text">G.________ auch gar keine separativen Sonderschulformen, wie sie spezialisierte</p>
    <p type="plain_text">Institutionen mit Anerkennung des Kantons anbieten können. Vielmehr stellt sich die Frage</p>
    <p type="plain_text">der (integrativen) Sonderschulung eines behinderten Kindes in einer Privatschule auf</p>
    <p type="plain_text">Kosten des Staates. Eine solche schulische Laufbahn wird von der Bildungsdirektion</p>
    <p type="plain_text">gemäss Merkblatt betreffend Zuweisung von Kindern und Jugendlichen in eine</p>
    <p type="plain_text">Sonder-/Privatschule (§§ 33-36 SchulG) offenbar nicht ausgeschlossen (BG-act. 1-act. 4</p>
    <p type="plain_text">im Verfahren V 2019 21). Diese Praxis entspricht der bundesgerichtlichen</p>
    <p type="plain_text">Rechtsprechung, wonach integrierte Sonderschulung sowohl an einer öffentlichen Schule</p>
    <p type="plain_text">als auch an einer Privatschule stattfinden kann, handelt es sich doch um Unterricht in</p>
    <p type="plain_text">Regelklassen unter Beizug heilpädagogischer Dienste (Urteil BGer 2C_405/2016 vom</p>
    <p type="plain_text">9. Januar 2017 E. 4.1).</p>
    <p type="plain_text">5.2 In der vom Kanton Zug anerkannten Sonderschule E.________ besuchte</p>
    <p type="plain_text">D.________ die ersten zwei Primarschulklassen. Danach strebten die Beschwerdeführer</p>
    <p type="plain_text">den Wechsel von der separativen Form der Sonderschulung im E.________ (§ 35 SchulG)</p>
    <p type="plain_text">zur integrativen Sonderschulung mit verstärkten Massnahmen an (§ 34bis SchulG). Sie</p>
    <p type="plain_text">entschieden sich jedoch gegen eine Einschulung in der Regelklasse in C.________ und</p>
    <p type="plain_text">zogen die Beschulung in der Privatschule G.________ vor. Dies begründen sie mit dem</p>
    <p type="plain_text">dortigen Angebot an Kleinklassen mit intensiver Betreuung durch geschulte Lehrpersonen,</p>
    <p type="plain_text">der vorhandenen baulichen Voraussetzungen, insbesondere Schallschutzdecken, der</p>
    <p type="plain_text">nötigen Infrastruktur mit unter anderem Handmikrofon und Sprachprozessor. Dies alles</p>
    <p type="plain_text">Urteil V 2019 86 und V 2019 106</p>
    <p type="plain_text">ermögliche D.________, trotz seiner Hörbehinderung dem Schulunterricht zu folgen (act. 1</p>
    <p type="plain_text">S. 5-7 und 9 sowie act. 11 S. 4 f. im Verfahren V 2019 86; act. 6 S. 4, 8 und 10 f. im</p>
    <p type="plain_text">Verfahren V 2019 106). Weiter machen die Beschwerdeführer geltend, gemäss den</p>
    <p type="plain_text">neusten medizinischen Befunden sei für D.________ ein ausreichendes Verstehen der</p>
    <p type="plain_text">Unterrichtssprache und eine Teilnahme am Unterricht an einer öffentlichen Schule nicht</p>
    <p type="plain_text">möglich (act. 6 S. 6 im Verfahren V 2019 106). Indem die Behörden ihrer Abklärungspflicht</p>
    <p type="plain_text">nicht bzw. nicht fristgerecht nachgekommen seien, seien die Beschwerdeführer genötigt</p>
    <p type="plain_text">worden, D.________ in die G.________ einzuschulen (act. 1 S. 8 sowie act. 18 im</p>
    <p type="plain_text">Verfahren V 2019 86 S. 3; act. 2 im Verfahren V 2019 106).</p>
    <p type="plain_text">5.3 Vorliegend ist unbestritten und aufgrund der Akten belegt, dass D.________ als</p>
    <p type="plain_text">behindert gilt. Für die Kindergartenzeit wurde er in der öffentlichen Schule in C.________</p>
    <p type="plain_text">mit verstärkten Massnahmen integrativ geschult. Im Hinblick auf den Wechsel in die</p>
    <p type="plain_text">Primarschule erfolgte eine Abklärung beim Schulpsychologischen Dienst. Laut Bericht</p>
    <p type="plain_text">vom 23. März 2016 (BF-act. 16 im Verfahren V 2019 21) benötigte D.________ damals</p>
    <p type="plain_text">eine Schulung in der Kleinstgruppe, einen Klassenraum mit günstigen akustischen</p>
    <p type="plain_text">Eigenschaften und technischen Voraussetzungen, um der Lehrperson folgen und die</p>
    <p type="plain_text">Mitschüler verstehen zu können. Da D.________ die anderen Kinder kaum und auch die</p>
    <p type="plain_text">schulischen Fachpersonen nur begrenzt hören konnte, hatte er noch zu wenig gelernt,</p>
    <p type="plain_text">über die Sprache zu kommunizieren und am sozialen Geschehen teilzuhaben. Es war für</p>
    <p type="plain_text">ihn eine grosse Herausforderung, sich in einer grösseren Gruppe im Stimmengewirr und in</p>
    <p type="plain_text">der Geräuschkulisse eines Kindergartens zu orientieren. Gestützt auf ihre Beobachtungen</p>
    <p type="plain_text">kamen die Fachleute des schulpsychologischen Dienstes zum Schluss, dass die</p>
    <p type="plain_text">Regelschule die notwendigen baulichen und technischen Voraussetzungen nicht bieten</p>
    <p type="plain_text">und dem hohen Förderbedarf nicht gerecht werden konnte. D.________ brauchte eine</p>
    <p type="plain_text">sehr kleine Lerngruppe, optimierte akustische Raumverhältnisse, eine audiopädagogisch</p>
    <p type="plain_text">ausgerichtete Methodik und Didaktik und entsprechende technische Hilfsmittel und</p>
    <p type="plain_text">Medien, weshalb eine separative Sonderschulung in der hörbehindertenspezifischen</p>
    <p type="plain_text">Sonderschule E.________ eingeleitet wurde.</p>
    <p type="plain_text">Im Rahmen eines Standortsgesprächs in der Sonderschule E.________ am 11. Juni 2018</p>
    <p type="plain_text">teilten die Beschwerdeführer der Schule mit, dass D.________ ab dem Schuljahr 2018/19</p>
    <p type="plain_text">in eine Privatschule in Zug wechseln würde (BG 2-act. 17.01 im Verfahren V 2019 21).</p>
    <p type="plain_text">Demgegenüber empfahl der Schulpsychologische Dienst eine probeweise integrative</p>
    <p type="plain_text">Sonderschulung, vorläufig bis 31. Dezember 2018. Im Rahmen der Reintegration hätte</p>
    <p type="plain_text">D.________ die Möglichkeit erhalten, in der Schule vor Ort "zu schnuppern". In dieser Zeit</p>
    <p type="plain_text">Urteil V 2019 86 und V 2019 106</p>
    <p type="plain_text">hätten die notwendigen Erfahrungen gemacht und Vorkehrungen getroffen werden</p>
    <p type="plain_text">können, um eine langfristige Integration zu ermöglichen (BG-act. 2-act. 12 im Verfahren V</p>
    <p type="plain_text">2019 21).</p>
    <p type="plain_text">5.4 Somit bestand zu Beginn des Schuljahres 2018/19 die Möglichkeit einer</p>
    <p type="plain_text">probeweisen integrativen Beschulung von D.________ in der öffentlichen Schule. Im</p>
    <p type="plain_text">Bewusstsein, dass die Regelklasse den Bedürfnissen von D.________ möglicherwiese</p>
    <p type="plain_text">nicht gerecht werde, empfahlen die Fachleute eine längere Probezeit, um den</p>
    <p type="plain_text">Anpassungsbedarf abzuklären und die nötigen Vorkehrungen zu treffen. Damit zeigte die</p>
    <p type="plain_text">Schule ihre Bereitschaft, die Integration von D.________ durch verstärkte Massnahmen</p>
    <p type="plain_text">und Anpassungen im Schulalltag zu versuchen. Indem die Beschwerdeführer ihren Sohn</p>
    <p type="plain_text">vor Beginn des neuen Schuljahres bei einer Privatschule anmeldeten (vgl. BG 2-act. 1.09</p>
    <p type="plain_text">im Verfahren V 2019 21), verhinderten sie die von der öffentlichen Schule (weiterhin)</p>
    <p type="plain_text">angebotene Integration. Das Vorgehen der Beschwerdeführer mag aufgrund der bei den</p>
    <p type="plain_text">grösseren Geschwistern erlebten Anpassungsschwierigkeiten beim Wechsel vom</p>
    <p type="plain_text">internationalen Schulsystem zur öffentlichen Kantonsschule und der guten Erfahrungen</p>
    <p type="plain_text">mit der Beschulung ihres Sohnes L.________ in der G.________ im Hinblick auf einen</p>
    <p type="plain_text">reibungslosen Übertritt in die Kantonsschule (act. 6 S. 15 f. im Verfahren V 2019 106)</p>
    <p type="plain_text">verständlich sein. Dies befreit sie jedoch nicht von der Obliegenheit, das gesetzlich</p>
    <p type="plain_text">vorgesehene Prozedere zu durchlaufen, wenn sie für D.________s Beschulung staatliche</p>
    <p type="plain_text">Leistungen zu beziehen beabsichtigten. Das vom Schulpsychologischen Dienst skizzierte</p>
    <p type="plain_text">Abklärungsverfahren war im damaligen Zeitpunkt weder für die Eltern noch für das Kind</p>
    <p type="plain_text">unzumutbar und gewährleistete nicht nur ein gesetzesmässiges Vorgehen, sondern auch</p>
    <p type="plain_text">eine rechtsgleiche Behandlung aller behinderten Zuger Schüler. Daran vermag auch der</p>
    <p type="plain_text">Umstand nichts zu ändern, dass die Einschulung in der Regelklasse 2016 als nicht</p>
    <p type="plain_text">möglich erachtet wurde (vgl. Bericht des Schulpsychologischen Dienstes vom 23. März</p>
    <p type="plain_text">2016 [BF-act. 16 im Verfahren V 2019 21]). Denn damals brachte D.________ andere</p>
    <p type="plain_text">Voraussetzungen mit, welche eine gezielte und intensive Förderung in einer</p>
    <p type="plain_text">spezialisierten Bildungseinrichtung verlangten, um ihm zu ermöglichen, dem</p>
    <p type="plain_text">Schulunterricht zu folgen. Angesichts der in diesen ersten zwei Schuljahren im</p>
    <p type="plain_text">E.________ erreichten Fortschritte und des von D.________ und seiner Familie</p>
    <p type="plain_text">gewünschten Schulwechsels war die Zeit für eine erneute Überprüfung der</p>
    <p type="plain_text">Integrationsmöglichkeiten in der öffentlichen Schule reif.</p>
    <p type="plain_text">Es mag zutreffen, dass die integrative Beschulung in der Regelklasse nicht die optimale</p>
    <p type="plain_text">Lösung für D.________ darstellte, doch es ist davon auszugehen, dass eine solche im</p>
    <p type="plain_text">Urteil V 2019 86 und V 2019 106</p>
    <p type="plain_text">Rahmen der Abklärungsphase zumindest vorübergehend geeignet gewesen wäre, seinen</p>
    <p type="plain_text">spezifischen Bedürfnissen in ausreichender Weise Rechnung zu tragen. Selbst wenn die</p>
    <p type="plain_text">von den Beschwerdeführern gewählte Privatschule den Bedürfnissen von D.________</p>
    <p type="plain_text">besser Rechnung tragen sollte als die integrative Sonderschulung in der öffentlichen</p>
    <p type="plain_text">Schule, würde dies per se noch keine Verpflichtung des Gemeinwesens begründen, dafür</p>
    <p type="plain_text">aufzukommen. Denn dieses ist gestützt auf Art. 19 i.V.m. Art. 62 BV selbst bei behinderten</p>
    <p type="plain_text">Kindern nicht verpflichtet, die bestmögliche individuelle Lösung, unabhängig von</p>
    <p type="plain_text">finanziellen Überlegungen, zu ermöglichen (vgl. E. 3.2 hiervor). Folglich reicht der</p>
    <p type="plain_text">Umstand, dass an einer privaten Schule ein besserer Unterricht zur Verfügung stehen</p>
    <p type="plain_text">könnte, nicht aus, um eine Finanzierungspflicht des Gemeinwesens auszulösen.</p>
    <p type="plain_text">Im Ergebnis ist davon auszugehen, dass zu Beginn des Schuljahres 2018/19 die</p>
    <p type="plain_text">integrative Sonderschulung von D.________ in der öffentlichen Schule zumindest</p>
    <p type="plain_text">vorübergehend eine geeignete und zumutbare Lösung dargestellt hätte. Durch Ablehnung</p>
    <p type="plain_text">der angebotenen Probezeit in der Regelklasse konnte die Eignung der öffentlichen Schule</p>
    <p type="plain_text">zur langfristigen Integration von D.________ sowie den Bedarf an Anpassungen bzw.</p>
    <p type="plain_text">deren Realisierbarkeit im Rahmen einer öffentlichen Schule nicht erhoben werden. Dabei</p>
    <p type="plain_text">wären schallschutztechnische Anpassungen des Schulraumes, die Anschaffung der</p>
    <p type="plain_text">nötigen technischen Hilfsmittel und allenfalls die Bildung einer unter dem kantonalen</p>
    <p type="plain_text">Richtwert von 18 Schülern liegenden Klasse, wie dies in anderen Zuger Schulen bereits</p>
    <p type="plain_text">praktiziert wird, bzw. Halbklassenunterricht in bestimmten Fächern durchaus denkbar.</p>
    <p type="plain_text">5.5 Ob die Beschulung von D.________ in der öffentlichen Schule für das Schuljahr</p>
    <p type="plain_text">2019/20 immer noch eine verfassungskonforme Lösung dargestellt hätte, wurde infolge</p>
    <p type="plain_text">Fortsetzung des Besuchs der Privatschule nicht mehr abgeklärt. Diese Frage lässt sich</p>
    <p type="plain_text">allein aus den Akten und den Ausführungen der Beschwerdeführer nicht beurteilen. So</p>
    <p type="plain_text">scheinen die Ergebnisse der jüngsten Gehör-Untersuchungen eher für eine Rückkehr in</p>
    <p type="plain_text">ein auf hörbehinderte Kinder spezialisiertes Setting zu sprechen, was auch Prof. Dr. med.</p>
    <p type="plain_text">K.________, Chefarzt am Spital I.________, in seinem Bericht vom 13. Januar 2020</p>
    <p type="plain_text">empfiehlt (BF-act. 8 im Verfahren V 2019 86). Es ist somit keineswegs sicher, ob</p>
    <p type="plain_text">D.________ unter Berücksichtigung der altersentsprechend gestiegenen Ansprüche an</p>
    <p type="plain_text">die Sprachverständlichkeit in der aktuellen Schule nach wie vor gezielt gefördert werden</p>
    <p type="plain_text">kann, zumal im Moment ein Austausch im Schulalltag mit ihm offenbar kaum möglich ist</p>
    <p type="plain_text">(vgl. act. 6 S. 1 im Verfahren V 2019 106).</p>
    <p type="plain_text">Urteil V 2019 86 und V 2019 106</p>
    <p type="plain_text">Bereits in dem von Dr. K.________ mitunterzeichneten Bericht vom 12. Februar 2019</p>
    <p type="plain_text">äusserte die behandelnde Logopädin grösste Bedenken, dass sich D.________ ohne eine</p>
    <p type="plain_text">intensive spezialpädagogische Förderung zu einer im Alltag ausreichend</p>
    <p type="plain_text">kommunikationsfähigen, sozialkompetenten und zufriedenen Persönlichkeit entwickeln</p>
    <p type="plain_text">könne. Sie gab zu bedenken, dass es für die Förderung von hörbehinderten Kindern dafür</p>
    <p type="plain_text">speziell geschultes Personal brauche, welches regelmässig an Weiterbildungen der</p>
    <p type="plain_text">Hörbehindertenpädagogik teilnehme (BF-act. 5). Allerdings kam sie damals, wie auch im</p>
    <p type="plain_text">Bericht vom 10. Januar 2020 (BF-act. 9 im Verfahren V 2019 86), zum Schluss, dass sie</p>
    <p type="plain_text">keine Veranlassung sehe, das bisherige Förderkonzept grundlegend zu verändern, was</p>
    <p type="plain_text">wiederum für die Eignung der Beschulung in der G.________ spricht. Dem stimmt die</p>
    <p type="plain_text">Audiopädagogin in ihren Berichten vom 18. Februar 2019 und 24. Januar 2020 zu (BF-</p>
    <p type="plain_text">act. 6 und 17 im Verfahren V 2019 86).</p>
    <p type="plain_text">Wenn also eine Beschulung von D.________ ausserhalb einer auf Hörbehinderte</p>
    <p type="plain_text">spezialisierte Sonderschule möglich ist, lässt sich nicht von vornherein ausschliessen,</p>
    <p type="plain_text">dass die wesentlichen Rahmenbedingungen, welche zu diesem Erfolg beitragen, auch in</p>
    <p type="plain_text">der öffentlichen Schule angeboten werden könnten (z.B. Schalldämpfung, technische</p>
    <p type="plain_text">Hilfsmittel, kleinere Klasse oder Halbklassenunterricht). Darüber hinaus ist nicht</p>
    <p type="plain_text">einzusehen, weshalb die Lehrer an der G.________ im Umgang mit hörbehinderten</p>
    <p type="plain_text">Kindern besser ausgebildet oder geschult sein sollten als die Lehrer der öffentlichen</p>
    <p type="plain_text">Schule in C.________ (vgl. dazu act. 6 S. 4 im Verfahren V 2019 106). Es ist kaum</p>
    <p type="plain_text">anzunehmen, dass sie besonders geschult sind und sich regelmässig in</p>
    <p type="plain_text">Hörbehindertenpädagogik weiterbilden. Zwecks Abklärung der Integrationsmöglichkeiten</p>
    <p type="plain_text">in der öffentlichen Schule hätte sich D.________ auch für das Schuljahr 2019/20 dem</p>
    <p type="plain_text">gesetzlich vorgesehenen Abklärungsverfahren unterziehen müssen. Trotz eines klaren</p>
    <p type="plain_text">Angebots des Schulrektorats im Februar 2019 (vgl. dazu BF-act. 4 S. 2 im Verfahren V</p>
    <p type="plain_text">2019 86) war die Bereitschaft der Beschwerdeführer, mit D.________ an der Abklärung</p>
    <p type="plain_text">mitzuwirken, offensichtlich nicht vorhanden. Eine Verletzung des Anspruchs von</p>
    <p type="plain_text">D.________ auf ausreichenden und unentgeltlichen Grundschulunterricht im Schuljahr</p>
    <p type="plain_text">2019/20 (Art. 19 und Art. 62 BV) liegt demzufolge nicht vor.</p>
    <p type="paragraph_mark">6.</p>
    <p type="plain_text">6.1 Weiter beantragen die Beschwerdeführer die Anordnung von sechs Zeiteinheiten</p>
    <p type="plain_text">audiopädagogische Beratung und Unterstützung pro Woche sowie eine Zeiteinheit</p>
    <p type="plain_text">Logopädie pro Woche für das Schuljahr 2019/20 unabhängig der Zuweisung in eine</p>
    <p type="plain_text">öffentliche oder private Schule. Unter Hinweis auf ein Rechtsgutachten von Prof. Dr. iur.</p>
    <p type="plain_text">Urteil V 2019 86 und V 2019 106</p>
    <p type="plain_text">M.________ zum Zürcher Volksschulgesetz stellen sie sich auf den Standpunkt, dass eine</p>
    <p type="plain_text">Verweigerung der Zusprechung von verstärkten Massnahmen an einer Privatschule</p>
    <p type="plain_text">verfassungsrechtliche Grundsätze verletzen würde (act. 11 S. 9 im Verfahren V 2019 86).</p>
    <p type="plain_text">Die Reduktion der audiopädagogischen Unterstützung mangels Sicherung der</p>
    <p type="plain_text">Finanzierung habe im laufenden Schuljahr zu einem Einbruch der schulischen Leistungen</p>
    <p type="plain_text">geführt. Daraufhin habe sich das Rektorat einverstanden erklärt, die Kosten für die</p>
    <p type="plain_text">verstärkten Massnahmen zu übernehmen (act. 6 S. 18 f. im Verfahren V 2019 106).</p>
    <p type="plain_text">Schliesslich weisen die Beschwerdeführer darauf hin, dass ein Zuger Schüler der</p>
    <p type="plain_text">G.________ über mehrere Jahre Logopädie zugesprochen erhalten habe (act. 1 und</p>
    <p type="plain_text">act. 6 S. 7 im Verfahren V 2019 106).</p>
    <p type="plain_text">6.2 Die (integrative und separative) Sonderschulung von Schülern aus dem Kanton Zug</p>
    <p type="plain_text">mit einer Hörbehinderung wird durch ein ausserkantonales sonderpädagogisches Zentrum</p>
    <p type="plain_text">durchgeführt und begleitet, weil im Kanton Zug für diesen Behinderungsbereich kein</p>
    <p type="plain_text">Angebot besteht. Bei integrativer Sonderschulung erhalten die Schüler sowie die</p>
    <p type="plain_text">involvierten Personen Unterstützung durch Fachpersonen des sonderpädagogischen</p>
    <p type="plain_text">Zentrums. Die Beratung und Unterstützung erfolgt durch Audiopädagogen (vgl. die von der</p>
    <p type="plain_text">Bildungsdirektion, Amt für gemeindliche Schulen, erlassenen Richtlinien Integrative</p>
    <p type="plain_text">Sonderschulung IS, S. 14 [BG 1-act. 3 im Verfahren V 2019 21]). Spezifische</p>
    <p type="plain_text">Förderthemen der Audiopädagogik sind unter anderem die Förderung der Fähigkeit,</p>
    <p type="plain_text">Fehlendes zu ergänzen, die Verbesserung der zeitgleichen Beteiligung, Kommunikations-</p>
    <p type="plain_text">und Interaktionstraining, Wortschatzerweiterung, Vorbesprechen von Unterrichtsthemen</p>
    <p type="plain_text">sowie die Vermittlung von Hörtaktik und Lerntechnik (vgl. BF-act. 9 im Verfahren V 2019</p>
    <p type="plain_text">106).</p>
    <p type="plain_text">Die Logopädie dagegen soll zu einer Optimierung der sprachlichen Möglichkeiten sowohl</p>
    <p type="plain_text">im mündlichen wie auch im schriftlichen Bereich und zur adäquaten Bewältigung</p>
    <p type="plain_text">kommunikativer Lebensanforderungen führen. Logopädische Massnahmen wenden sich</p>
    <p type="plain_text">an Kinder und Jugendliche, deren sprachliche Kommunikationsfähigkeiten derart</p>
    <p type="plain_text">beeinträchtigt oder verzögert sind, dass eine Einschränkung der persönlichen, sozialen</p>
    <p type="plain_text">und schulischen Entwicklung die Folge sein wird. Die Auswirkungen betreffen die</p>
    <p type="plain_text">gesprochene und geschriebene Sprache (vgl. die von der Bildungsdirektion, Amt für</p>
    <p type="plain_text">gemeindliche Schulen, erlassenen Richtlinien Besondere Förderung, Sonderpädagogische</p>
    <p type="plain_text">Angebote der gemeindlichen Schulen, 2. Auflage 2016, S. 13).</p>
    <p type="plain_text">Urteil V 2019 86 und V 2019 106</p>
    <p type="plain_text">Beide Massnahmen zielen darauf, die Grundbedingungen für die Teilnahme am</p>
    <p type="plain_text">Schulunterricht zu setzen und sind damit als gleichwertig zu behandeln.</p>
    <p type="plain_text">6.3 Es ist aufgrund der verschiedenen Stellungnahmen der involvierten Fachpersonen</p>
    <p type="plain_text">erwiesen sowie unter den Parteien unbestritten, dass D.________ aufgrund seiner</p>
    <p type="plain_text">schweren Hörbehinderung zum zielführenden Schulbesuch verstärkte Massnahmen in</p>
    <p type="plain_text">Form von Logopädie und audiopädagogischer Beratung und Unterstützung bedarf. Beide</p>
    <p type="plain_text">Massnahmen wurden ihm im Falle der Einschulung in der Regelklasse denn auch</p>
    <p type="plain_text">zugesprochen. Die Abhängigkeit des Schulerfolgs von den verstärkten Massnahmen zeigt</p>
    <p type="plain_text">sich auch klar im Einbruch der schulischen Leistungen von D.________ im laufenden</p>
    <p type="plain_text">Schuljahr nach der Reduktion der audiopädagogischen Unterstützung aus finanziellen</p>
    <p type="plain_text">Gründen.</p>
    <p type="plain_text">6.4 Streitfrage ist vorliegend, ob Gemeinde und Kanton für die Kosten der verstärkten</p>
    <p type="plain_text">Massnahmen bei integrativer Sonderschulung in einer Privatschule aufzukommen haben.</p>
    <p type="plain_text">Die Zuweisung eines behinderten Kindes zur integrativen Sonderschulung in eine</p>
    <p type="plain_text">Privatschule (damit keine separative Sonderschulung in einer spezialisierten</p>
    <p type="plain_text">Sonderschule), wird von der Bildungsdirektion offenbar nicht ausgeschlossen, obwohl sie</p>
    <p type="plain_text">im Gesetz nicht ausdrücklich vorgesehen ist (vgl. E. 5.1 hievor). In solchen Fällen hätte</p>
    <p type="plain_text">der Staat nicht nur für die Schulkosten, sondern auch für die Kosten der verstärken</p>
    <p type="plain_text">Massnahmen aufzukommen (vgl. E. 3.4.3-5 hievor).</p>
    <p type="plain_text">Die im Kanton Zug tätigen Privatschulen bedürfen für den Unterricht im Bereich der</p>
    <p type="plain_text">obligatorischen Schulzeit der staatlichen Anerkennung (§ 74 Abs. 1 SchulG). Die</p>
    <p type="plain_text">Bewilligung setzt einen durch diplomierte Lehrer erteilten Unterricht voraus, der den</p>
    <p type="plain_text">Anforderungen der öffentlich-rechtlichen Schulen gerecht wird. Ausserdem wird die</p>
    <p type="plain_text">Qualität regelmässig überprüft (§ 75 SchulG). Muss somit eine Privatschule einen</p>
    <p type="plain_text">mindestens gleichwertigen Unterricht wie die öffentliche Schule gewährleisten, lässt sich</p>
    <p type="plain_text">sachlich nicht begründen, weshalb einem in einer Privatschule integrierten behinderten</p>
    <p type="plain_text">Kind nicht die gleichen verstärkten Massnahmen zur Verfügung stehen sollten, wie wenn</p>
    <p type="plain_text">es die öffentliche Schule besuchen würde. Daraus würden dem Staat jedenfalls keine</p>
    <p type="plain_text">höheren Kosten entstehen als im Falle der integrativen Sonderschulung in der öffentlichen</p>
    <p type="plain_text">Schule.</p>
    <p type="plain_text">Urteil V 2019 86 und V 2019 106</p>
    <p type="plain_text">Diese mit Blick auf Art. 62 Abs. 3 BV sachlich nicht erklärbare unterschiedliche</p>
    <p type="plain_text">Behandlung der Schüler in Privatschulen und derjenigen in den gemeindlichen Schulen</p>
    <p type="plain_text">hatte der Regierungsrat des Kantons Zug bereits im Entscheid vom 21. Dezember 2010</p>
    <p type="plain_text">erkannt. Gestützt darauf wurde der Anspruch der in Privatschulen unterrichteten Zuger</p>
    <p type="plain_text">Schüler auf staatliche Übernahme der Logopädiekosten anerkannt. In analoger</p>
    <p type="plain_text">Anwendung von §§ 34 ff. SchulG solle sich der Kanton zu 50 % an den Kosten beteiligen,</p>
    <p type="plain_text">wenn das im Zusammenhang mit der Sonderschulung vorgesehene Verfahren eingehalten</p>
    <p type="plain_text">werde und die Therapiebedürftigkeit im Einzelfall ausgewiesen sei. Gestützt darauf hat die</p>
    <p type="plain_text">Bildungsdirektion Zuständigkeiten und Verfahrensablauf im Entscheid vom 25. Februar</p>
    <p type="plain_text">2011 festgelegt (vgl. dazu BF-act. 11 im Verfahren V 2019 106). Dieser wichtige Entscheid</p>
    <p type="plain_text">vermag zu erklären, weshalb einem anderen Zuger Schüler der G.________ drei Jahre</p>
    <p type="plain_text">lang die Logopädietherapie finanziert wurde (vgl. BF-act. 12 im Verfahren V 2019 106).</p>
    <p type="plain_text">Sind aber Logopädie und audiopädagogische Beratung und Unterstützung gleichwertige</p>
    <p type="plain_text">und für den Schulbesuch eines sprach- bzw. hörbehinderten Kindes gleichermassen</p>
    <p type="plain_text">erforderlichen Massnahmen, würde eine Verweigerung der Übernahme der Kosten für die</p>
    <p type="plain_text">audiopädagogische Beratung und Unterstützung hörbehinderte Kinder im Vergleich zu</p>
    <p type="plain_text">Kindern mit einer Sprachstörung schlechter stellen. Ausserdem würde dadurch</p>
    <p type="plain_text">hörbehinderten Kindern die sonderschulische Integration in einer Privatschule faktisch</p>
    <p type="plain_text">verwehrt, was nicht nur eine Verletzung des Diskriminierungsverbots (Art. 8 BV; vgl. E. 3.1</p>
    <p type="plain_text">hievor) darstellt, sondern auch die Wirtschaftsfreiheit derjenigen Privatschulen tangiert, die</p>
    <p type="plain_text">sich bereit erklären, gleichermassen behinderte und nicht behinderte Kinder aufzunehmen</p>
    <p type="plain_text">(Art. 27 BV).</p>
    <p type="plain_text">Diese Schlechterstellung hörbehinderter Kinder kann nicht aufrechterhalten werden,</p>
    <p type="plain_text">weshalb festzustellen ist, dass Gemeinde und Kanton auch beim Besuch einer</p>
    <p type="plain_text">Privatschule audiopädagogische Beratung und Unterstützung zu gewähren haben.</p>
    <p type="plain_text">6.5 Ist die grundsätzliche Kostenübernahmepflicht trotz Besuch einer Privatschule zu</p>
    <p type="plain_text">bejahen, bleibt das Schulrektorat für die Behandlung von Anträgen auf verstärkte</p>
    <p type="plain_text">Massnahmen zuständig. Ein entsprechendes Gesuch für das bald zu Ende gehende</p>
    <p type="plain_text">Schuljahr stellten die Beschwerdeführer am 21. Juni 2019 (BF-act. 11 im Verfahren</p>
    <p type="plain_text">V 2019 71). Dass dieses Gesuch nicht von der Schulleitung der G.________ gestellt</p>
    <p type="plain_text">wurde, wie dies in dem von der Bildungsdirektion am 25. Februar 2011 festgelegten</p>
    <p type="plain_text">Verfahrensablauf vorgesehen ist (vgl. BF-act. 1 im Verfahren V 2019 106), kann den</p>
    <p type="plain_text">Beschwerdeführern unter den gegebenen Umständen nicht angelastet werden. Diese</p>
    <p type="plain_text">Urteil V 2019 86 und V 2019 106</p>
    <p type="plain_text">haben ihr Anliegen dem Schulrektorat und der Bildungsdirektion längst genügend</p>
    <p type="plain_text">eindeutig zur Kenntnis gebracht, weshalb der Zusprechung der für das Schuljahr 2019/20</p>
    <p type="plain_text">beantragten und bei Besuch der öffentlichen Schule bereits anerkannten Massnahmen</p>
    <p type="plain_text">nichts im Weg steht.</p>
    <p type="plain_text">7. Dem Antrag der Beschwerdeführer um Zusprechung von Massnahmen der</p>
    <p type="plain_text">Sonderschulung für D.________ ab 1. August 2020 bis zum Abschluss der obligatorischen</p>
    <p type="plain_text">Schulzeit unabhängig der Beschulung in einer öffentlichen oder privaten Schule kann</p>
    <p type="plain_text">dagegen nicht entsprochen werden. Wie das Schulrektorat im Zuweisungsentscheid vom</p>
    <p type="plain_text">26. August 2019 (BF-act. 2 S. 2 im Verfahren V 2019 86) korrekt ausgeführt hat, besteht</p>
    <p type="plain_text">nur solange Anspruch auf die verstärkten Massnahmen, als diese notwendig sind. Ist die</p>
    <p type="plain_text">Notwendigkeit regelmässig, in der Regel alle zwei Jahre zu überprüfen (vgl. die von der</p>
    <p type="plain_text">Bildungsdirektion, Amt für gemeindliche Schulen, erlassenen Richtlinien Integrative</p>
    <p type="plain_text">Sonderschulung IS, S. 7 [BG 1-act. 3 im Verfahren V 2019 21]), darf eine feste</p>
    <p type="plain_text">mehrjährige Befristung nicht gesetzt werden.</p>
    <p type="plain_text">8. Schliesslich bleibt festzustellen, dass das Gerichtsverfahren aufgrund des</p>
    <p type="plain_text">doppelten Schriftenwechsels in die Länge gezogen wurde. Eine Evaluation der bisher</p>
    <p type="plain_text">getroffenen Massnahmen zur schulischen Förderung von D.________ unter Einbezug</p>
    <p type="plain_text">sämtlicher involvierten Stellen bis spätestens 31. März 2020 ist dadurch verunmöglicht</p>
    <p type="plain_text">worden. Hingegen sollte mit Blick auf das Schuljahr 2020/21 eine Evaluation noch</p>
    <p type="plain_text">rechtzeitig möglich sein. Dabei soll sowohl die Beschulung in der Regeklasse als auch in</p>
    <p type="plain_text">der G.________ evaluiert werden, was ein Schulbesuch und den Einbezug der aktuellen</p>
    <p type="plain_text">Lehrpersonen von D.________ bedingt.</p>
    <p type="plain_text">9. Verfahren betreffend Streitigkeiten über die Benachteiligung von Behinderten bei</p>
    <p type="plain_text">der Inanspruchnahme von Ausbildung sind kostenlos (Art. 10 Abs. 1 i.V.m. Art. 8 Abs. 2</p>
    <p type="plain_text">und Art. 2 Abs. 5 lit. a BehiG; vgl. auch Urteil BGer 2C_713/2018 vom 27. Mai 2019 E. 4).</p>
    <p type="plain_text">Ausgangsgemäss werden die Beschwerdegegner verpflichtet, den teilweise obsiegenden</p>
    <p type="plain_text">und anwaltlich vertretenen Beschwerdeführern eine reduzierte Parteientschädigung von</p>
    <p type="plain_text">Fr. 1'600.– (inkl. MWST und Auslagen) zu bezahlen.</p>
    <p type="plain_text">Urteil V 2019 86 und V 2019 106</p>
    <p type="plain_text">Demnach erkennt das Verwaltungsgericht:</p>
    <p type="plain_text">__________________________________</p>
    <p type="plain_text">1. Die Beschwerdeverfahren V 2019 86 und V 2019 106 werden in einem Verfahren</p>
    <p type="plain_text">vereinigt.</p>
    <p type="plain_text">2. Die Beschwerden im Verfahren V 2019 86 und V 2019 106 werden insoweit</p>
    <p type="plain_text">gutgeheissen, als festgestellt wird, dass D.________ auch während der</p>
    <p type="plain_text">Beschulung in einer Privatschule Anspruch auf verstärkte Massnahmen auf</p>
    <p type="plain_text">Kosten des Kantons und der Wohngemeinde hat. Sodann hat eine erneute</p>
    <p type="plain_text">Evaluation der Beschulung für das Schuljahr 2020/21 unter Einbezug sämtlicher</p>
    <p type="plain_text">involvierten Stellen zu erfolgen. Im Übrigen werden die Beschwerden abgewiesen.</p>
    <p type="plain_text">3. Es werden keine Kosten erhoben.</p>
    <p type="plain_text">4. Die Beschwerdegegner haben den Beschwerdeführern unter solidarischer</p>
    <p type="plain_text">Haftbarkeit eine Parteientschädigung von Fr. 1'600.– (inkl. MWST und Auslagen)</p>
    <p type="plain_text">zu bezahlen.</p>
    <p type="plain_text">5. Gegen diesen Entscheid kann innert 30 Tagen seit der schriftlichen Eröffnung</p>
    <p type="plain_text">beim Schweizerischen Bundesgericht in Lausanne Beschwerde in öffentlich-</p>
    <p type="plain_text">rechtlichen Angelegenheiten eingereicht werden.</p>
    <p type="plain_text">6. Mitteilung an den Rechtsvertreter der Beschwerdeführer (im Doppel), an das</p>
    <p type="plain_text">Schulrektorat C.________ (im Doppel) und an die Direktion für Bildung und Kultur</p>
    <p type="plain_text">des Kantons Zug (dreifach).</p>
    <p type="plain_text">Zug, 15. Juni 2020</p>
    <p type="plain_text">Im Namen der</p>
    <p type="plain_text">VERWALTUNGSRECHTLICHEN KAMMER</p>
    <p type="plain_text">Der Vorsitzende</p>
    <p type="plain_text">Die Gerichtsschreiberin</p>
    <p type="plain_text">versandt am</p>
  </body>
  <body_footnote />
</text>