<?xml version='1.0' encoding='UTF-8'?>
<text author="" date="2009-09-22" decade="2000" description="Eintritts der Arbeitsunfähigkeit, deren Ursache zur Invalidität geführt hat; Zeitpunkt nicht nachgewiesen; keine Leistungspflicht der Berufsvorsorgeeintrichtung." file="ZH_SVG_001_BV-2007-00075_2009-09-22.html" id="ZH_SVG_001_BV-2007-00075_2009-09-22" language="de" page="" source="https://entscheidsuche.ch" subtopics="" title="Zürich Sozialverischerungsgericht 22.09.2009 BV.2007.00075" topics="Zürich Sozialverischerungsgericht" type="ZH_SVG_001" url="https://chid003d.ideso.ch/c050018/svg/findexweb.nsf/urteil.xsp?uid=UWEE-9AR2ML" year="2009"><body><p type="plain_text">Entscheid: BV.2007.00075</p><p type="plain_text">Sozialversicherungsgericht des</p><p type="plain_text">Kantons Zürich</p><p type="plain_text">Entscheid: BV.2007.00075[9C_847/2009]</p><p type="plain_text">DruckenZurück</p><p type="plain_text">BV.2007.00075</p><p type="plain_text">Sozialversicherungsgericht</p><p type="plain_text">des Kantons Zürich</p><p type="plain_text">III. Kammer</p><p type="plain_text">Sozialversicherungsrichter Spitz, Vorsitzender</p><p type="plain_text">Sozialversicherungsrichterin Daubenmeyer</p><p type="plain_text">Ersatzrichterin Condamin</p><p type="plain_text">Gerichtssekretär O. Peter</p><p type="plain_text">Urteil vom 22. September 2009</p><p type="plain_text">in Sachen</p><p type="plain_text">X.___</p><p type="plain_text">Klägerin</p><p type="plain_text">vertreten durch Rechtsanwalt Dr. Markus Krapf</p><p type="plain_text">Sintzel Hüsler Krapf Herzog, Rechtsanwälte</p><p type="plain_text">Löwenstrasse 54, Postfach 2028, 8021 Zürich</p><p type="plain_text">gegen</p><p type="plain_text">AXA Stiftung Berufliche Vorsorge, Winterthur</p><p type="plain_text">c/o AXA Leben AG</p><p type="plain_text">General Guisan-Strasse 40, Postfach 300, 8401 Winterthur</p><p type="plain_text">Beklagte</p><p type="plain_text">weitere Verfahrensbeteiligte:</p><p type="plain_text">Stiftung Auffangeinrichtung BVG</p><p type="plain_text">Direktion/Rechtsdienst, Hans Christoph Baer</p><p type="plain_text">Birmensdorferstrasse 83, Postfach 8468, 8036 Zürich</p><p type="plain_text">Beigeladene</p><p type="plain_text">Sachverhalt:</p><p type="paragraph_mark">1.</p><p type="paragraph_mark">1.1</p><p type="paragraph_mark">1.</p><p type="paragraph_mark">1.1</p><p type="plain_text">X.___, geboren 1962, reiste 1992 in die Schweiz ein (Urk. 14/3, 14/4/1 und 14/38). Nachdem sie hierzulande zunächst zwei Arbeitsstellen als Reinigerin innegehabt hatte und anschliessend vorübergehend arbeitslos gewesen war (Urk. 14/1/1, 14/1/4, 14/6 und 14/59-60), trat sie am 25. April 1995 eine bis Ende Oktober 1995 befristete Aushilfsstelle als Service-Mitarbeiterin bei der Y.___ AG, '___', an (Urk. 2/2). Ab November 1995 wurde sie dort fest angestellt (Urk. 2/3). Am 25. Juni 1998 erlitt die damals schwangere X.___ einen Arbeitsunfall mit darauf folgender Frühgeburt (24. August 1998), wofür ihr die V.___ bis 6. November 1998 die gesetzlichen Unfallversicherungsleistungen erbrachte (Unfall Nr. '___'; Urk. 2/6-8). Am 16. Dezember 1998 wurde das Arbeitsverhältnis von der Y.___ AG unter sofortiger Freistellung der Arbeitnehmerin per 31. März 1999 aufgelöst (Urk. 2/4 und 14/1/3). In der Folge bezog X.___ ab April 1999 Arbeitslosenversicherungsleistungen (Urk. 2/10-11), wobei sie im Rahmen arbeitsmarktlicher Massnahmen ab 23. November 2000 ein Beschäftigungsprogramm als Mitarbeiterin im Restaurant Z.___, '___', absolvierte (Urk. 2/12 und 14/1/2). Als Bezügerin von Arbeitslosenversicherungsleistungen unterstand sie für die Risiken Tod und Invalidität der obligatorischen Berufsvorsorgeversicherung bei der Stiftung Auffangeinrichtung B</p><p type="paragraph_mark">VG.</p><p type="paragraph_mark">1.</p><p type="paragraph_mark">1.2</p><p type="plain_text">Mit Arbeitsvertrag vom 9. März 2001 (Urk. 14/1/6-7) wurde X.___ von der Seniorenresidenz A.___ per 1. Mai 2001 als "Mitarbeiterin im Bereich Gästebeziehungen" angestellt, das heisst als Service-Mitarbeiterin im dortigen Restaurant B.___. Aus betrieblichen Gründen kam es zu einem vorzeitigen Stellenantritt bereits am 1. April 2001 (Urk. 14/5, insbes. 14/5/1). Mit Schreiben vom 31. Juli 2001 (Urk. 14/5/4 und 30/2) wurde das Arbeitsverhältnis seitens der Arbeitgeberin auf den 18. August 2001 aufgelöst (letzter effektiver Arbeitstag: 2. August 2001; Urk. 2/13 und 14/5/1). In ihrer Eigenschaft als Arbeitnehmerin des A.___ war X.___ bei der damaligen W.___-Versicherungen und heutigen AA.___ AG unfall- (Police Nr. '___') und krankentaggeldversichert (Police Nr. '___') sowie bei der seinerzeitigen Winterthur-Columna Stiftung für berufliche Vorsorge und heutigen AXA Stiftung Berufliche Vorsorge, Winterthur berufsvorsorgeversichert (Police Nr. '___').</p><p type="paragraph_mark">1.2</p><p type="paragraph_mark">1.</p><p type="paragraph_mark">2.1</p><p type="plain_text">Mit Bagatellunfall-Meldung vom 22. Oktober 2001 (Urk. 14/8/6) liess X.___ bei der W.___-Versicherungen einen am 2. August 2001 erlittenen Berufsunfall anmelden. Nach erfolgter Abklärung lehnte die W.___-Versicherungen ihre Leistungspflicht mit Verfügung vom 30. April 2002 (Urk. 10/2 und 14/8/3-5) und Einspracheentscheid vom 21. November 2002 (Urk. 16/2, 25/10 und 30/3) mangels rechtsgenügenden Nachweises eines Unfalls oder eines unfallähnlichen Ereignisses ab. Die von X.___ dagegen am 15. Dezember 2002 erhobene Beschwerde (Urk. 16/1) wurde vom Sozialversicherungsgericht des Kantons Zürich mit Urteil vom 30. September 2003 (Urk. 10/3 und 16/26) abgewiesen (Verfahren Proz.-Nr. UV.2002.00180; vgl. auch den sachbezüglichen Nichteintretensbeschluss des hiesigen Gerichts vom 20. Juni 2002 [Urk. 15/5] im Vorverfahren Proz.-Nr. UV.2002.00086). Auf die gegen diesen Entscheid am 3. November 2003 eingelegte Verwaltungsgerichtsbeschwerde (Urk. 16/28 Beilage) trat das damalige Eidgenössische Versicherungsgericht (EVG) mit Urteil vom 28. Januar 2004 (Urk. 16/29 und 25/11) nicht ein.</p><p type="paragraph_mark">1.</p><p type="paragraph_mark">2.2</p><p type="plain_text">Mit Formular vom April 2002 (Urk. 14/3) meldete sich X.___ bei der Sozialversicherungsanstalt des Kantons Zürich, IV-Stelle, zum Bezug von IV-Leistungen an. Nach durchgeführter Abklärung (worunter: interdisziplinäres Gutachten der MEDAS-C.___, '___', vom 3. Juli 2003 [gezeichnet: Dres. med. D.___ und E.___; Urk. 2/18 und 14/21/1-26], samt rheumatologischem Untergutachten von Dr. med. F.___, Facharzt für Rheumatologie und Innere Medizin, '___', vom 7. Mai 2003 [Urk. 2/18 Beilage und 14/21/27-31] und psychiatrischem Untergutachten von Dr. med. G.___, Spezialarzt für Psychiatrie, '___', vom 15. Mai 2003 [Urk. 2/18 Beilage und 14/21/32-33]) wurde ihr mit Verwaltungsverfügungen vom 4. und 26. Mai 2005 (Urk. 2/17 und 10/4) eine halbe IV-Rente nach Massgabe eines Invaliditätsgrades von 55 % rückwirkend seit 1. August 2002 zugesprochen (vgl. Feststellungsblatt vom 22. November 2004 [Urk. 14/83] und Mitteilung an die zuständige Ausgleichskasse vom 22. November 2004 [Urk. 14/84], samt Begründungsbeiblatt [Urk. 14/85]). In der Folge wurde die laufende halbe IV-Rente mit Verfügung vom 18. Dezember 2006 (Urk. 2/21) für die Zeit von 1. Juni 2006 bis 31. Juli 2006 vorübergehend auf eine ganze Rente erhöht (Invaliditätsgrad: 100 %; vgl. Feststellungsblatt vom 15. August 2006 [Urk. 14/128] und Mitteilung des Beschlusses an die zuständige Ausgleichskasse vom 5. Oktober 2006 [Urk. 14/131], samt Begründungsbeiblatt [Urk. 14/132]).</p><p type="paragraph_mark">1.3</p><p type="paragraph_mark">1.</p><p type="paragraph_mark">3.1</p><p type="plain_text">Nachdem X.___ gestützt auf die ursprünglichen Rentenentscheide der IV-Stelle bei der seinerzeitigen Winterthur-Columna Stiftung für berufliche Vorsorge um Ausrichtung von Invalidenleistungen der beruflichen Vorsorge nachgesucht hatte, zog diese am 6. Juni 2005 die IV-Akten bei (Urk. 14/111-112) und verneinte mit Schreiben vom 12. August 2005 (Urk. 10/5) ihre Leistungspflicht. Hieran wurde in der Folge wiederholt festgehalten (Schreiben vom 2. Februar 2006 [Urk. 2/19 und 10/6] und 11. Juli 2007 [Urk. 2/20]).</p><p type="paragraph_mark">1.</p><p type="paragraph_mark">3.2</p><p type="plain_text">Die Stiftung Auffangeinrichtung BVG, bei der X.___ auf Empfehlung der seinerzeitigen Winterthur-Columna Stiftung für berufliche Vorsorge ebenfalls ein Begehren um Invalidenleistungen der beruflichen Vorsorge hatte stellen lassen, anerkannte nach anfänglicher Ablehnung und erfolgtem Beizug der IV-Akten schliesslich ihre Leistungspflicht (Urk. 2/19, 2/24, 10/6-7 und 14/113-116).</p><p type="paragraph_mark">2.</p><p type="paragraph_mark">2.1</p><p type="paragraph_mark">2.</p><p type="paragraph_mark">1.1</p><p type="plain_text">Mit Eingabe vom 18. Juli 2007 (Urk. 1; samt Beilagen [Urk. 2/2-24]) liess X.___, vertreten durch Rechtsanwalt Dr. Markus Krapf, Zürich (Urk. 3), beim hiesigen Gericht Klage gegen die damalige Winterthur-Columna Stiftung für berufliche Vorsorge und heutige AXA Stiftung Berufliche Vorsorge, Winterthur erheben. In der Sache selbst liess sie die entschädigungsfällige Verpflichtung der Beklagten zur Ausrichtung einer reglementarischen Invalidenrente nach Massgabe eines Invaliditätsgrades von 55 % mit Wirkung ab 1. August 2002, eventuell ab dem Ende der Krankentaggeldberechtigung, beantragen (S. 2 Antr.-Ziff. 1-2); in prozessualer Hinsicht liess sie um Gewährung der unentgeltlichen Rechtsverbeiständung durch Rechtsanwalt Dr. Krapf nachsuchen (S. 2 Antr.-Ziff. 3).</p><p type="paragraph_mark">2.</p><p type="paragraph_mark">1.2</p><p type="plain_text">Mit Zuschrift vom 29. August 2007 (Urk. 6; samt Beilagen [Urk. 7 und 8/1-18]) liess die Klägerin ihr Armenrechtsgesuch substantiieren. Die Beklagte schloss mit Klageantwort vom 19. Oktober 2007 (Urk. 9; samt Aktenbeilage [Urk. 10/1-9]) auf kosten- und entschädigungsfällige Klageabweisung (S. 2).</p><p type="paragraph_mark">2.2</p><p type="paragraph_mark">2.</p><p type="paragraph_mark">2.1</p><p type="plain_text">Mit Gerichtsverfügung vom 26. Oktober 2007 (Urk. 11) wurde der Klägerin in Bewilligung ihres Gesuches vom 18. Juli 2007 Rechtsanwalt Dr. Krapf als unentgeltlicher Rechtsbeistand bestellt (Disp.-Ziff. 1). Alsdann wurden die (Rest-)Akten der sozialversicherungsgerichtlichen Verfahren Proz.-Nrn. UV.2002.00086 und UV.2002.00180 sowie die IV-Akten in Sachen der Klägerin beigezogen (Disp.-Ziff. 2-3) und als Urk. 15/0-8, 16/0-30 beziehungsweise 14/1-134 zu den Prozessakten genommen. Ausserdem wurde mit Gerichtsverfügung vom 6. November 2007 (Urk. 17) die Stiftung Auffangeinrichtung BVG zum Prozess beigeladen, welche jedoch nicht reagiert</p><p type="paragraph_mark">e.</p><p type="paragraph_mark">2.</p><p type="paragraph_mark">2.2</p><p type="plain_text">Mit Replik vom 20. Dezember 2007 (Urk. 21) liess die Klägerin ihr Hauptbegehren dahingehend ergänzen, dass die Beklagte zu verpflichten sei, ihr für die Zeit von 1. Juni bis 31. Juli 2006 eine Invalidenrente nach Massgabe eines Invaliditätsgrades von 100 % auszurichten und auf sämtliche eingeklagten Leistungen 5 % Zins ab 21. März 2007 zu bezahlen (S. 2). Die Beklagte bekräftigte daraufhin mit Duplik vom 8. Februar 2008 (Urk. 24; samt Beilagen [Urk. 25/1-11]) ihren auf Klageabweisung lautenden Antrag (S. 2).</p><p type="paragraph_mark">2.</p><p type="paragraph_mark">2.3</p><p type="plain_text">Mit Gerichtsverfügung vom 15. Februar 2008 (Urk. 27) wurde der Schriftenwechsel geschlossen (Disp.-Ziff. 1). Gleichzeitig wurde beim A.___ ein schriftlicher Bericht zum Arbeitsverhältnis mit der Klägerin eingeholt (Disp.-Ziff. 2; vgl. Begleitschreiben vom 21. Februar 2008 [Urk. 26]), welcher am 5. März 2008 erstattet wurde (Urk. 29; samt Beilagen [Urk. 30/1-4]). Sodann wurde mit Gerichtsverfügung und Begleitschreiben vom 2. April 2008 (Urk. 31-32) sowie mit Gerichtsverfügung vom 14. Mai 2008 (Urk. 34) bei H.___ persönlich in ihrer Eigenschaft als vormalige stellvertretende Direktorin/Personalverantwortliche des A.___ ein schriftlicher Bericht über das dortige Anstellungsverhältnis der Klägerin eingeholt, welcher am 7. April 2008 erstattet wurde (Urk. 37). Mit Gerichtsverfügung vom 4. Juni 2008 (Urk. 38) wurde allen Verfahrensbeteiligten Gelegenheit gegeben, zu den erhobenen Beweismitteln Stellung zu nehmen, wobei sich nur die Klägerin mit Eingabe vom 5. Juni 2008 (Urk. 40) vernehmen liess.</p><p type="paragraph_mark">2.3</p><p type="paragraph_mark">2.</p><p type="paragraph_mark">3.1</p><p type="plain_text">Am 17. Juli 2008 wurde auf den 12. September 2008 zu einer Referentenaudienz vorgeladen (Urk. 41/1-2). Ein anlässlich der Verhandlung seitens der Klägerin gegen Sozialversicherungsrichterin Daubenmeyer und Gerichtssekretär O. Peter gestelltes Ausstandsbegehren (Prot. S. 11 f.) wurde im Separatverfahren Proz.-Nr. SV.2008.00005 mit Gerichtsbeschluss vom 17. Dezember 2008 (Urk. 45) abgewiesen, welcher Entscheid unangefochten in Rechtskraft erwuchs.</p><p type="paragraph_mark">2.</p><p type="paragraph_mark">3.2</p><p type="plain_text">Am 26. März 2009 ersuchte die Beigeladene um Akteneinsicht (Urk. 47), welche ihr antragsgemäss gewährt wurde (Urk. 48-49; vgl. Urk. 50). Mit Schreiben, Honorarnote und Detailübersicht vom 26. Juni 2009 (Urk. 52 und 53/1-2) quantifizierte Rechtsanwalt Dr. Krapf die Höhe der beanspruchten Entschädigung im Zusammenhang mit der klägerischen Rechtsvertretung auf Fr. 4'148.65 (Honorar und Barauslagen, inkl. Mehrwertsteuer [MWSt]).</p><p type="paragraph_mark">3.</p><p type="paragraph_mark">3.1</p><p type="plain_text">Die Angelegenheit erweist sich beim derzeitigen Aktenstand als spruchreif und kann demzufolge ohne Weiterungen der Erledigung zugeführt werden.</p><p type="paragraph_mark">3.2</p><p type="plain_text">Auf die Vorbringen der Prozessbeteiligten (Urk. 1, 9, 21, 24 und 40; vgl. Urk. 6-7 und 50) und die zu würdigenden Unterlagen (Urk. 2/2-24, 10/1-9, 14/1-134, 15/0-8, 16/0-30, 25/10-11, 29, 30/1-4 und 37; vgl. Urk. 8/1-18) wird - soweit für die Entscheidfindung erforderlich - in den nachstehenden Erwägungen eingegangen.</p><p type="plain_text">Das Gericht zieht in Erwägung:</p><p type="paragraph_mark">1.</p><p type="paragraph_mark">1.1</p><p type="plain_text">Streitig und zu beurteilen ist der Anspruch der Klägerin auf Invalidenleistungen der beruflichen Vorsorge gegenüber der Beklagten. Umstritten und zu prüfen ist dabei, ob die Klägerin bei Eintritt der Arbeitsunfähigkeit, deren Ursache zur Invalidität geführt hat, bei der Beklagten versichert war.</p><p type="paragraph_mark">1.2</p><p type="paragraph_mark">1.</p><p type="paragraph_mark">2.1</p><p type="plain_text">Die Klägerin macht im Wesentlichen geltend, sie sei infolge eines während der Anstellung beim A.___ am 2. August 2001 erlittenen Unfalls arbeits- und erwerbsunfähig geworden. Bis dahin sei sie trotz gesundheitlicher Schwierigkeiten sowohl in ihrer am 1. April 2001 aufgenommenen Tätigkeit beim A.___ als auch während ihrer vorgängigen Arbeitslosigkeit und insbesondere während ihres Arbeitseinsatzes im Restaurant Z.___ stets voll arbeitsfähig gewesen (Urk. 1, 21 und 40).</p><p type="paragraph_mark">1.</p><p type="paragraph_mark">2.2</p><p type="plain_text">Demgegenüber stellt sich die Beklagte zusammenfassend auf den Standpunkt, die Klägerin habe am 2. August 2001 normal gearbeitet und anschliessend bis zur Beendigung des Arbeitsverhältnisses am 18. August 2001 Ferien bezogen. Sie sei bereits vor ihrem Stellenantritt beim A.___ gesundheitlich angeschlagen gewesen und habe infolgedessen keine volle Arbeitsleistung erbringen können, was zur arbeitgeberseitigen Kündigung per 18. August 2001 geführt habe. So sei der Klägerin von ihrer Hausärztin Dr. med. I.___, Fachärztin für Physikalische Medizin, '___', aufgrund eines am 30. März 2001 erlittenen Unfalls eine 100%ige Arbeitsunfähigkeit attestiert worden (Urk. 9 und 24).</p><p type="paragraph_mark">1.</p><p type="paragraph_mark">2.3</p><p type="plain_text">Die Beigeladene hat sich nicht zur Sache geäussert (vgl. Urk. 17-18 und 38), räumt angesichts der Anerkennung ihrer Leistungspflicht aber sinngemäss ein, dass die Arbeitsunfähigkeit, deren Ursache zur Invalidität geführt hat, während des klägerischen Bezugs von Arbeitslosenversicherungsleistungen eingetreten sein soll.</p><p type="paragraph_mark">2.</p><p type="paragraph_mark">2.1</p><p type="plain_text">Die örtliche und sachliche Zuständigkeit des hiesigen Gerichts zum Entscheid über die strittigen Invalidenleistungen der beruflichen Vorsorge ist gegeben (Art. 73 des Bundesgesetzes über die berufliche Alters-, Hinterlassenen- und Invalidenvorsorge [BVG] in Verbindung mit § 2 Abs. 2 lit. a des Gesetzes über das Sozialversicherungsgericht [GSVGer]; BGE 130 V 103 Erw. 1.1 und 111 Erw. 3.1.2 sowie 128 II 386 Erw. 2.1.1).</p><p type="paragraph_mark">2.2</p><p type="paragraph_mark">2.</p><p type="paragraph_mark">2.1</p><p type="plain_text">Nach der bis 31. Dezember 2004 gültig gewesenen Fassung von Art. 23 BVG haben Personen Anspruch auf Invalidenleistungen, die im Sinne der IV zu mindestens 50 % invalid sind und bei Eintritt der Arbeitsunfähigkeit, deren Ursache zur Invalidität geführt hat, versichert waren. Am 1. Januar 2005 ist Art. 23 BVG in der Fassung gemäss 1. BVG-Revision in Kraft getreten. Danach haben unter anderem Personen Anspruch auf Invalidenleistungen, die im Sinne der IV zu mindestens 40 % invalid sind und bei Eintritt der Arbeitsunfähigkeit, deren Ursache zur Invalidität geführt hat, versichert waren (lit. a).</p><p type="paragraph_mark">2.</p><p type="paragraph_mark">2.2</p><p type="plain_text">Vorliegend sind die materiellen Rechtsfolgen eines Sachverhalts zu beurteilen, der sich in den wesentlichen Zügen vor dem Inkrafttreten der Neufassung von Art. 23 BVG verwirklicht hat. Demnach sind der Beurteilung dem allgemeinen übergangsrechtlichen Grundsatz folgend die vor dem Inkrafttreten der 1. BVG- Revision geltenden Rechtsnormen zugrunde zu legen (vgl. BGE 127 V 467 Erw. 1 und 126 V 136 Erw. 4b, je mit Hinweisen). Zwar betrifft der Rechtsstreit eine Dauerleistung, über welche noch nicht rechtskräftig entschieden wurde, und es wäre nach den allgemeinen intertemporalrechtlichen Regeln für die Zeit bis Ende 2004 auf den damals gültig gewesenen Art. 23 BVG und ab diesem Zeitpunkt auf Art. 23 lit. a BVG abzustellen (BGE 130 V 445; vgl. lit. f. der Übergangsbestimmungen der Änderung vom 3. Oktober 2003 [1. BVG-Revision]; Urteil des EVG vom 18. Oktober 2006 [B 18/06] Erw. 3.1.1), doch bleibt die Unterscheidung im Ergebnis ohne Belan</p><p type="paragraph_mark">g.</p><p type="paragraph_mark">2.3</p><p type="paragraph_mark">2.</p><p type="paragraph_mark">3.1</p><p type="plain_text">Gemäss Art. 26 Abs. 1 BVG gelten für den Beginn des Anspruchs auf Invalidenleistungen sinngemäss die entsprechenden Bestimmungen des Bundesgesetzes über die Invalidenversicherung (IVG; Art. 29 IVG). Der Eintritt des Versicherungsfalles fällt somit in der Regel mit der Eröffnung der 1-jährigen Wartezeit nach Art. 29 Abs. 1 lit. b IVG zusammen (BGE 118 V 245 Erw. 3c, mit Hinweis). Im Bestreitungsfall greift allenfalls eine auf offensichtliche Unrichtigkeit der Festsetzung der IV-Stelle eingeschränkte Überprüfungsbefugnis des Berufsvorsorgegerichtes Platz (BGE 130 V 270 Erw. 3.1 und 3.2; SVR 2005 BVG Nr. 5 S. 15 Erw. 2.3 [in BGE 130 V 501 nicht publiziert]; vgl. auch Urteil des EVG vom 21. April 2006 [I 349/05] Erw. 2.3 und 2.4). Vorsorgeeinrichtungen, die ausdrücklich oder unter Hinweis auf das Gesetz vom gleichen Invaliditätsbegriff wie die IV ausgehen, sind im Bereich der gesetzlichen Mindestvorsorge (Art. 6 BVG) an die Invaliditätsbemessung der IV-Stelle gebunden (unter Einschluss des von dieser festgelegten Zeitpunktes des Eintritts der invalidisierenden Arbeitsunfähigkeit), sofern die Vorsorgeeinrichtung spätestens im Vorbescheidverfahren (Art. 73bis der Verordnung über die Invalidenversicherung [IVV] in der von 1. Juli 1987 bis 31. Dezember 2002 in Kraft gestandenen Fassung bzw. Art. 73bis ff. IVV in der seit 1. Juli 2006 geltenden Fassung) - respektive während dessen zeitweiliger Ersetzung durch das Einspracheverfahren von 1. Januar 2003 bis 30. Juni 2006, angelegentlich der Verfügungseröffnung - in das IV-rechtliche Verfahren einbezogen worden ist und sich die Invaliditätsbemessung der IV aufgrund einer gesamthaften Prüfung der Akten nicht als offensichtlich unhaltbar erweist (BGE 132 V 1, 130 V 270 Erw. 3.1, 129 V 73 und 126 V 308 Erw. 1). Der Einbezug der Vorsorgeeinrichtung in das IV-rechtliche Verfahren hat dagegen keine Bedeutung, wenn sich diese an das IV-rechtlich Verfügte hält, ja sich darauf stützt. Diesfalls muss sich die versicherte Person die IV-rechtliche Betrachtungsweise, soweit diese für die Festlegung des Anspruchs auf eine IV-Rente entscheidend war, auch dann entgegenhalten lassen, wenn der Vorsorgeversicherer nicht in das Verfahren der IV einbezogen wurde. Vorbehalten bleibt auch in diesem Fall eine offensichtlich unhaltbare Invaliditätsbemessung durch die IV-Organe. Nachträglich geltend gemachte Tatsachen oder Beweismittel, welche im IV-rechtlichen Verfahren nicht von Amtes wegen hätten erhoben werden müssen, sind nur beachtlich, sofern sie zu einer anderen rechtlichen Beurteilung führen und die Verwaltung, welcher sie unterbreitet werden, verpflichten würden, im Rahmen einer prozessualen Revision auf die ursprüngliche, formell rechtskräftige Verfügung zurückzukommen (BGE 130 V 270 Erw. 3.1; Urteil des EVG vom 23. Oktober 2006 [B 61/06] Erw. 2.1; vgl. zur Frage der Verbindlichkeitswirkung auch Urteil des Bundesgerichts [BGer] vom 25. Juli 2008 [9C_414/2007] Erw. 2.1-3).</p><p type="paragraph_mark">2.</p><p type="paragraph_mark">3.2</p><p type="plain_text">Vorliegend setzte die IV-Stelle die Eröffnung der Wartezeit ausweislich der von den Parteien beigebrachten Unterlagen sowie der gerichtlich beigezogenen Akten nach Prüfung der einschlägigen Belege auf Anfang August 2001 fest (vgl. Feststellungsblatt vom 22. November 2004 [Urk. 14/83] und Mitteilung an die zuständige Ausgleichskasse vom 22. November 2004 [Urk. 14/84], samt Begründungsbeiblatt [Urk. 14/85]); eine verspätete Anmeldung wurde implizit verneint.</p><p type="plain_text">Gemäss Arbeitsvertrag vom 9. März 2001 (Urk. 14/1/6-7) sollte die Klägerin ihre Tätigkeit beim A.___ am 1. Mai 2001 aufnehmen (Ziff. 1), wobei eine 3-monatige Probezeit (Ziff. 4) sowie eine 2-monatige (ordentliche) Kündigungsfrist vereinbart wurden. Aus betrieblichen Gründen kam es indessen zu einem vorzeitigen Stellenantritt der Klägerin bereits per 1. April 2001 (Urk. 14/5, insbes. 14/5/1), womit die vertraglich vereinbarte 3-monatige Probezeit bis Ende Juni 2001 dauerte. Mit Schreiben vom 31. Juli 2001 (Urk. 14/5/4 und 30/2) wurde das Arbeitsverhältnis seitens der Arbeitgeberin auf den 18. August 2001 gekündigt (Urk. 2/13 und 14/5/1), und zwar nachdem gemäss einem - seitens der Klägerin unwidersprochen gebliebenen - Bestätigungsschreiben des A.___ vom 29. Juni 2001 (Urk. 30/1) anlässlich eines am 26. Juni 2001 - mithin binnen noch laufender Probezeit - geführten Mitarbeitergesprächs eine 1-monatige Probezeitverlängerung bis 31. Juli 2001 vereinbart worden war; offenbar war die Arbeitgeberin mit dem Verlauf der Probezeit unzufrieden gewesen, wollte der Klägerin aber eine Chance geben, sich doch noch zu bewähren (vgl. dazu Bericht der Unfallversicherung vom 5. Februar 2002 [Urk. 30/4, insbes. S. 2]). Es kann in der vorliegenden Konstellation offen gelassen werden, ob dieses Vorgehen arbeitsrechtlich überhaupt zulässig war (Art. 335b des Bundesgesetzes über das Obligationenrecht [OR]; vgl. BGE 109 II 449), da das Arbeitsverhältnis selbst unter Beachtung der ordentlichen Kündigungsfrist per 30. September 2001 beendet gewesen wäre. Unter Berücksichtigung der 1-monatigen Nachdeckung gemäss Art. 10 Abs. 3 BVG hätte diesfalls die Versicherungsunterstellung der Klägerin bei der Beklagten mithin höchstens bis Ende Oktober 2001 gedauert.</p><p type="plain_text">Angesichts dessen, dass sich die Klägerin bereits im April 2002 bei der IV-Stelle zum Leistungsbezug angemeldet hatte (Urk. 14/3), war der IV-Rentenanspruch von der IV-Stelle rückwirkend bis April 2001 zu prüfen und wäre demnach bei Annahme einer schon vor August 2001 vorgelegenen langdauernden Arbeitsunfähigkeit hinsichtlich der angestammten Tätigkeit ein vor dem 1. August 2002 liegender Rentenbeginn denkbar gewesen (vgl. Art. 48 Abs. 2 IVG). Umgekehrt hätte die IV-Stelle die Eröffnung der 1-jährigen Wartezeit und damit den Rentenbeginn im Rahmen ihrer Abklärungen auch auf einen späteren Zeitpunkt festsetzen können. Zwar hat die IV-Stelle mithin die Frage, ob die zur Invalidität führende Arbeitsunfähigkeit der Klägerin während bestehendem Vorsorgeverhältnis mit der Beklagten (von 1. April bis spätestens 31. Oktober 2001 dauernd) eingetreten sei, implizit und in IV-rechtlich relevanter Weise bejaht, was seitens der Beklagten unangefochten geblieben ist. Indessen sind die fraglichen Rentenverfügungen vom 4. und 26. Mai 2005 (Urk. 2/17 und 10/4) keiner präsumtiv leistungspflichtigen Berufsvorsorgeeinrichtung eröffnet worden - namentlich weder der Beklagten noch der Beigeladenen (vgl. Verfügungsverteiler [Urk. 2/17 und 10/4]: "Kopieempfänger": "IV-Stelle", "Steuerbehörde", "W.___, '___'"; Anmerkung gemäss Mitteilung des Beschlusses an die zuständige Ausgleichskasse vom 22. November 2004 [Urk. 14/84]: "Verfügungskopie an:" "PK: keine") - und ist auch keine Anhörung von Berufsvorsorgeeinrichtungen vor Verfügungserlass aktenkundig, womit eine Verbindlichkeitswirkung zu verneinen ist und die Organe der beruflichen Vorsorge - respektive im Klagefall das zuständige Vorsorgegericht - die Anspruchsvoraussetzungen ihrerseits frei zu prüfen haben (vgl. Urteil des EVG vom 14. August 2000 [B 50/99] Erw. 2d). Dabei tut nichts zur Sache, dass die Beklagte von sich aus am 6. Juni 2005 die IV-Akten beigezogen hat (Urk. 14/111-112); das Gleiche gilt im Übrigen auch für den Aktenbeizug der Beigeladenen vom 22. September/1. November 2005 (Urk. 14/113-116).</p><p type="plain_text">Demnach bleibt insbesondere auch der seitens der Beklagten erhobene Einwand, die invaliditätsursächliche Arbeitsunfähigkeit sei schon vor dem Stellenantritt bei dem ihr angeschlossenen Arbeitgeber (A.___) eingetreten, zulässig (vgl. Urteil des EVG vom 11. Juli 2000 [B 47/98] Erw. 4d; vgl. auch SVR 2005 BVG Nr. 5 S. 16 Erw. 2.3.2). Folglich unterliegt die Anspruchsbeurteilung auch insoweit der freien Kognition, als die Beklagte argumentiert, es habe bereits vor dem Stellenantritt der Klägerin beim A.___ (1. April 2001) und der damit einhergehenden Versicherungsunterstellung (bis spätestens 31. Oktober 2001) eine mit der Invalidität sachlich zusammenhängende und masslich relevante sowie im zeitlichen Konnex ununterbrochene Arbeitsunfähigkeit vorgelegen. Die Klägerin räumt denn auch ein, dass vorliegend die Festsetzung der IV-Stelle nicht bindend ist (Urk. 1 S. 5 Ziff. II/B/1). Ob - wie die Klägerin weiter vorbringt (Urk. 1 S. 5 Ziff. II/B/1) - die IV-rechtlichen Festlegungen über den Beginn der rentenbegründenden Arbeitsunfähigkeit "auch für die berufliche Vorsorge richtig" sind, ist nach dem Gesagten frei zu prüfen. Gleichermassen frei zu beurteilen bleibt ausserdem die Frage, ob sich der Eintritt der Arbeitsunfähigkeit, deren Ursache zur Invalidität geführt hat, überhaupt mit überwiegender Wahrscheinlichkeit zeitlich festlegen lässt. Da auch die Beigeladene nicht in das IV-Verfahren einbezogen worden war und sie sich mit der Anerkennung ihrer Leistungspflicht gerade nicht an das IV-rechtlich Verfügte hält, ist die IV-rechtliche Betrachtungsweise insoweit ebenfalls unverbindli</p><p type="paragraph_mark">ch.</p><p type="paragraph_mark">3.</p><p type="paragraph_mark">3.1</p><p type="plain_text">Das Gesetz (Art. 23 [lit. a] BVG) knüpft den Anspruch auf die Ausrichtung einer Invalidenleistung der (obligatorischen) beruflichen Vorsorge - wie bereits erwähnt (oben Erw. 2.2.1 und 2.3.1) - an das Bestehen eines Versicherungsverhältnisses im Zeitpunkt des Eintritts der Arbeitsunfähigkeit, deren Ursache zur Invalidität geführt hat. Der Anspruch auf Invalidenleistungen der (obligatorischen) beruflichen Vorsorge setzt somit einen engen sachlichen und zeitlichen Zusammenhang zwischen der während der Dauer des Vorsorgeverhältnisses eingetretenen Arbeitsunfähigkeit und der allenfalls erst später bestehenden Invalidität voraus. Die 1. BVG-Revision hat an dem für die Leistungspflicht der Vorsorgeeinrichtung massgebenden Erfordernis des engen sachlichen und zeitlichen Zusammenhangs zwischen Eintritt der Arbeitsunfähigkeit und Invalidität nichts geändert.</p><p type="paragraph_mark">3.2</p><p type="paragraph_mark">3.</p><p type="paragraph_mark">2.1</p><p type="plain_text">Der sachliche Konnex ist zu bejahen, wenn der Gesundheitsschaden, der zur Arbeitsunfähigkeit geführt hat, von der Art her im Wesentlichen derselbe ist, welcher der Erwerbsunfähigkeit zugrunde liegt (BGE 134 V 20 Erw. 3.2).</p><p type="paragraph_mark">3.</p><p type="paragraph_mark">2.2</p><p type="plain_text">Der zeitliche Zusammenhang setzt voraus, dass die versicherte Person nach Eintritt der Arbeitsunfähigkeit nicht während längerer Zeit wieder arbeitsfähig geworden ist (BGE 134 V 20 Erw. 3.2.1). Massgebend ist die Arbeitsfähigkeit in einer der gesundheitlichen Beeinträchtigung angepassten zumutbaren Tätigkeit; diese muss bezogen auf die angestammte Tätigkeit die Erzielung eines rentenausschliessenden Einkommens erlauben (BGE 134 V 20 Erw. 5.3). Bei der Prüfung dieser Frage sind die gesamten Umstände des konkreten Einzelfalles zu berücksichtigen, namentlich die Art des Gesundheitsschadens, dessen prognostische Beurteilung durch den Arzt sowie die Beweggründe, welche die versicherte Person zur Wiederaufnahme oder Nichtwiederaufnahme der Arbeit veranlasst haben. Zu den für die Beurteilung des zeitlichen Konnexes relevanten Umständen zählen auch die in der Arbeitswelt nach aussen in Erscheinung tretenden Verhältnisse, wie etwa die Tatsache, dass eine versicherte Person über längere Zeit hinweg als voll vermittlungsfähige Stellensuchende Taggelder der Arbeitslosenversicherung bezieht (Urteile des EVG vom 26. Mai 2003 [B 100/02] Erw. 4.1 und 18. Oktober 2006 [B 18/06] Erw. 4.2.1, am Ende mit Hinweisen). Allerdings kann solchen Zeiten nicht die gleiche Bedeutung beigemessen werden wie Zeiten effektiver Erwerbstätigkeit (Urteil des EVG vom 21. November 2002 [B 23/01] Erw. 3.3). Mit Bezug auf die Dauer der den zeitlichen Konnex unterbrechenden Arbeitsfähigkeit kann die Regel von Art. 88a Abs. 1 IVV als Richtschnur gelten. Nach dieser Bestimmung ist eine anspruchsbeeinflussende Verbesserung der Erwerbsfähigkeit in jedem Fall zu berücksichtigen, wenn sie ohne wesentliche Unterbrechung drei Monate gedauert hat und voraussichtlich weiterhin andauern wird. Bestand während mindestens drei Monaten wieder volle Arbeitsfähigkeit und erschien gestützt darauf eine dauerhafte Wiedererlangung der Erwerbsfähigkeit als objektiv wahrscheinlich, stellt dies ein gewichtiges Indiz für eine Unterbrechung des zeitlichen Zusammenhangs dar. Anders verhält es sich, wenn die fragliche, allenfalls mehr als 3-monatige Tätigkeit als Eingliederungsversuch zu werten ist oder massgeblich auf sozialen Erwägungen des Arbeitgebers beruhte und eine dauerhafte Wiedereingliederung aber unwahrscheinlich war (BGE 123 V 262 Erw. 1c sowie 120 V 112 Erw. 2c/aa und bb, mit Hinweisen; Urteil des EVG vom 21. November 2002 [B 23/01] Erw. 3.3; Brühwiler, Obligatorische berufliche Vorsorge, in: Schweizerisches Bundesverwaltungsrecht [SBVR]/Soziale Sicherheit, 2. Aufl., Basel 2006, S. 2043 Rz. 109; Stauffer, Berufliche Vorsorge, Zürich 2005, S. 279 f.; Vetter-Schreiber, Berufliche Vorsorge [Kommentar zum BVG und zu weiteren Erlassen], Zürich 2005, S. 91 f.; vgl. zum Ganzen: BGE 134 V 20 Erw. 3.2 und 3.2.1).</p><p type="paragraph_mark">3.3</p><p type="plain_text">Der Zeitpunkt des Eintritts der Arbeitsunfähigkeit, deren Ursache zur Invalidität geführt hat, ist eine Tatfr</p><p type="paragraph_mark">age.</p><p type="plain_text">Bei der Berechnung der durchschnittlichen Arbeitsunfähigkeit nach Art. 29 Abs. 1 lit. b IVG wird eine Beeinträchtigung der Arbeitsfähigkeit im Umfang ab 20 % als erheblich angesehen (AHI 1998 S. 124). Diese Erheblichkeitsschwelle ist auch im Zusammenhang mit der Frage nach dem Beginn der Arbeitsunfähigkeit vor Beendigung des Vorsorgeverhältnisses beachtlich (vgl. Urteil des BGer vom 26. Februar 2008 [9C_772/2007] Erw. 3.2; Urteile des EVG vom 7. Oktober 1998 [B 48/97] Erw. 1 und 29. April 1998 [B 18/97] Erw. 4b; Brühwiler, a.a.O., S. 2042 Rz. 105). Darüber hinaus muss sich die schwellenwertige Arbeitsunfähigkeit auf das Arbeitsverhältnis sinnfällig auswirken oder ausgewirkt haben. Es muss arbeitsrechtlich in Erscheinung treten, dass die versicherte Person im bisherigen Beruf (BGE 134 V 20 Erw. 5.3) an Leistungsvermögen eingebüsst hat, so etwa durch einen Abfall der Leistungen mit entsprechender Feststellung oder gar Ermahnung des Arbeitgebers oder durch gehäufte, gesundheitlich bedingte Arbeitsausfälle. Eine erst nach Jahren rückwirkend festgelegte medizinisch-theoretische Arbeitsunfähigkeit genügt nicht (Erw. 4.2 des in SZS 2003 S. 434 zusammengefassten Urteils des EVG vom 5. Februar 2003 [B 13/01]; Urteil des EVG vom 28. Juli 2003 [B 86/01] Erw. 5.3). Vielmehr muss der Zeitpunkt des Eintritts der berufsvorsorgerechtlich relevanten Arbeitsunfähigkeit mit dem im Sozialversicherungsrecht üblichen Beweisgrad der überwiegenden Wahrscheinlichkeit (BGE 126 V 353 Erw. 5b, mit Hinweisen) echtzeitlich nachgewiesen sein. Dieser Nachweis darf nicht durch nachträgliche Annahmen und spekulative Überlegungen ersetzt werden (Urteile des BGer vom 11. Juni 2008 [9C_96/2008] Erw. 2.2 und 25. Oktober 2007 [B 157/06] Erw. 2.2 sowie des EVG vom 23. Oktober 2006 [B 61/06] Erw. 2.2 und 3.2).</p><p type="paragraph_mark">4.</p><p type="paragraph_mark">4.1</p><p type="plain_text">Zwischen den Parteien ist unbestritten, dass das einschlägige Reglement der Beklagten von einem mit der IV vergleichbaren Invaliditätsbegriff ausgeht. Bei dieser Ausgangslage unterliegt die Anspruchsprüfung den oben dargelegten Grundsätzen (Erw. 2.2-3 und 3).</p><p type="paragraph_mark">4.2</p><p type="plain_text">Die Klägerin ist nach Lage der Akten erstelltermassen teilinvalid, was ihr nach Festsetzung der zuständigen IV-Stelle seit 1. August 2002 Anrecht auf Auszahlung einer halben IV-Rente gibt (Invaliditätsgrad: 55 %; die vorübergehende Rentenerhöhung für die Zeit von 1. Juni bis 31. Juli 2006 ist im vorliegenden Zusammenhang von untergeordneter Bedeutung). Fraglich ist, ob die Arbeitsunfähigkeit, welche dieser Invalidität ursächlich zugrunde liegt, im Sinne von Art. 23 (lit. a) BVG in der Zeitspanne zwischen 1. April 2001 (Arbeitsantritt) und spätestens 31. Oktober 2001 (Austritt, inkl. Nachdeckung) eingetreten ist, als die Klägerin zufolge ihrer Anstellung beim A.___ bei der Beklagten vorsorgeversichert war. Diese Frage ist - wie oben ausgeführt (oben Erw. 2.3.2) - unabhängig von den Festlegungen der IV-Organe und unbesehen der Leistungsausrichtung durch die Beigeladene zu prüfen.</p><p type="paragraph_mark">4.3</p><p type="paragraph_mark">4.</p><p type="paragraph_mark">3.1</p><p type="plain_text">Nach Lage der Akten ist die Invalidität der Klägerin im Wesentlichen auf ein Rückenleiden und auf ein psychisches Gebrechen mit Krankheitswert zurückzuführen:</p><p type="plain_text">Im MEDAS-Gutachten vom 3. Juli 2003 (Urk. 2/18 und 14/21/1-26) wurden folgende "Diagnosen mit wesentlicher Einschränkung der zumutbaren Arbeitsfähigkeit" gestellt (S. 23 Ziff. 4.1):</p><p type="plain_text">"Chronisches lumbospondylogenes Syndrom beidseits, rechtsbetont</p><p type="plain_text">- lumbal mässiggradige rechtskonvexe Skoliose</p><p type="plain_text">- Osteochondrose L4/5 und L5/S1</p><p type="plain_text">- kleine mediane Diskusprotrusion L4/5 und L5/S1</p><p type="plain_text">- Status nach Treppensturz mit Kontusion der LWS am 22.04.1994</p><p type="plain_text">- Status nach Sturz mit Distorsion/Kontusion des Achsenorgans am 25.06.1998</p><p type="plain_text">- Status nach Verhebung am 02.08.2001</p><p type="plain_text">Leichte depressive Episode".</p><p type="plain_text">Alsdann wurden folgende "Diagnosen ohne wesentliche Einschränkung der Arbeitsfähigkeit, aber mit Krankheitswert" postuliert (S. 24 Ziff. 4.2):</p><p type="plain_text">"Adipositas (171.5 cm/96 kg/BMI 33)</p><p type="plain_text">- Pannikulose; wahrscheinlich Lip-Lymphödem</p><p type="plain_text">Anamnestisch Stress-Inkontinenz".</p><p type="plain_text">Als Nebenbefunde wurden sodann ein Status nach Sturz in fortgeschrittener Schwangerschaft am 25. Juni 1998 (mit vorzeitigem Blasensprung, Sektio wegen drohendem Infekt und Puerperalfieber), ein Status nach Herniotomie rechts als Kleinkind sowie Knick-Senkfüsse vermerkt (S. 24 Ziff. 4.3). Hinsichtlich der "Arbeitsfähigkeit in bisheriger Tätigkeit" wurde festgehalten, dass der Klägerin die langjährig ausgeübte Tätigkeit im Service weiterhin zu 50 % zumutbar sei; limitierend würden sich vor allem ("vordergründig") die rheumatologischen und weniger die psychiatrischen Befunde auswirken (S. 24 Ziff. 5.1). Die "Arbeitsfähigkeit bei anderer Tätigkeit" wurde wie folgt umschrieben (S. 24 Ziff. 5.2):</p><p type="plain_text">"Eine leichte, wechselbelastende Tätigkeit ist der Versicherten aktuell zu 60 % zumutbar. Limitierend wirken sich bezüglich leichter Arbeit ausschliesslich die psychiatrischen Befunde aus."</p><p type="plain_text">Zu allfälligen "Möglichkeiten zur Verbesserung der Arbeitsfähigkeit durch medizinische oder berufliche Massnahmen" wurde ausgeführt, dass sich die Arbeitsfähigkeit durch medizinische Massnahmen nicht verbessern lasse, jedoch aus psychiatrischer Sicht die Aufnahme einer ausserhäuslichen Tätigkeit unter therapeutischen und sozio-ökonomischen Aspekten von Nutzen wäre, weshalb die Prüfung beruflicher Massnahmen geboten sei, womit sich die Restarbeitsfähigkeit allenfalls auf über 60 % steigern lasse (S. 24 f. Ziff. 5.3). Zum "Mutmassliche[n] Beginn der reduzierten Arbeitsfähigkeit" wurde festgehalten, die attestierte Arbeitsfähigkeit sei ab dem 4. Juni 2003 (Tag der Schlussbesprechung) zu datieren; aufgrund der zur Verfügung stehenden Arztzeugnisse sei die Klägerin ab August 2001 zu 100 % arbeitsunfähig erklärt worden, wobei aus dem Zeugnis der Hausärztin (Dr. I.___) vom 6. Mai 2002 (Urk. 10/1 und 14/7) hervorgehe, dass der Klägerin eine den Rücken nicht belastende Arbeit zu 50 % zumutbar (gewesen) wäre (S. 25 Ziff. 5.4).</p><p type="plain_text">Eine von der IV-Stelle gestützt auf die gutachterliche Einschätzung angebahnte berufliche Abklärung bei der Institution 'J.___', '___' (Verwaltungsverfügung vom 5. Februar 2004 [Urk. 14/33]; vgl. Verlaufsprotokoll der Berufsberatung vom 11. Dezember 2003 [Urk. 14/28, insbes. 14/28/2 und 14/28/3]), musste - krankheitsbedingt und wegen eines am 28. März 2004 erlittenen Unfalls (Unfallmeldung UVG der Institution 'J.___' vom 5. April 2004 [Urk. 14/50/1] und Unfallschein UVG [Urk. 14/64/2]; vgl. Urk. 14/50/3) - per 31. März 2004 vorzeitig abgebrochen werden (Verwaltungsverfügung vom 6. April 2004 [Urk. 14/51]; vgl. auch Bericht der Institution 'J.___' vom 6. Mai 2004 [Urk. 14/56] und Verlaufsprotokoll der Berufsberatung vom 27. Mai 2004 [Urk. 14/58]). Laut den Stellungnahmen von Dr. med. K.___, Facharzt für Chirurgie, Spital L.___, vom 12. Juli 2004 (Urk. 14/64/1) und 9. August 2004 (Urk. 14/68/1) sowie den (Operations-)Berichten des Spitals L.___ vom 13. Mai 2004 (Urk. 14/64/3), 16. Juli 2004 (Urk. 14/66/1-2 und 14/68/2-3), 28. Juli 2004 (Urk. 14/67), 2. September 2004 (Urk. 14/72) und 27./29. Oktober 2004 (Urk. 14/75) hatte sich die Klägerin beim Unfallereignis vom 28. März 2004 ein Distorsionstrauma am rechten Knie zugezogen, welches zunächst konservativ angegangen worden war (Physiotherapie). Eine am 1. April 2004 getätigte MRI-Abklärung hatte den Befund einer vorderen Kreuzbandruptur im mittleren Drittel und Mazeration des medianen Meniskus ohne ersichtlichen Einriss ergeben. Nach einem Re-Distorsionstrauma Anfang Mai 2004 wurde am 16. Juli 2004 eine diagnostische Kniearthroskopie durchgeführt; die Operationsdiagnose lautete auf eine alte vordere Kreuzbandruptur (VKBR) rechts mit diversen Chondromalazien (Grad I-II am medialen Femurkondylus sowie Grad I tibial medial). Im Rehabilitationsverlauf wurde auch auf anamnestische Rückenbeschwerden hingewiesen (Diskushernie L4/5 mit hausärztlich attestierter 50%iger Arbeitsunfähigkeit). Bezüglich Arbeits(un)fähigkeit wurde seitens der Verantwortlichen des Spitals L.___ mit Blick auf die Knieproblematik insoweit eine bleibende spezifische Einschränkung postuliert, als sich eine volle Kniestabilität ohne vordere Kreuzbandplastik (KVBP) wohl nicht mehr erreichen lass</p><p type="paragraph_mark">e.</p><p type="plain_text">Im Bericht vom 18. Oktober 2004 (Urk. 14/77) wurde von Hausärztin Dr. I.___ nebst einem chronischen lumboradikulären Reizsyndrom L5 und S1 links (bei Diskushernie L4/5 und L5/S1 sowie Osteochondrose L4/5 und L5/S1), einem chronischen Thorakozervikovertebralsyndrom (bei Fehlform und Fehlhaltung der Wirbelsäule, Flachrücken und Haltungsinsuffizienz) sowie mittelschweren depressiven Episoden (ohne somatisches Syndrom) ein Status nach vorderer Kreuzbandruptur mit Chondromalazie Grad II medialer Femurkondylus rechts (bei diagnostischer Arthroskopie am 16. Juli 2004) diagnostiziert. Unter Hinweis auf eine infolge traumatischer Knieverletzung (hinkender Gang mit Fehlhaltung und -belastung) erfolgte Zunahme der Rückenbeschwerden (Lumboischialgien) schloss Dr. I.___ auf eine 100%ige und ab Januar 2005 wiederum 50%ige Arbeitsunfähigkeit.</p><p type="plain_text">Die IV-Stelle legte ihrer mit Verwaltungsverfügungen vom 4. und 26. Mai 2005 (Urk. 2/17 und 10/4) erfolgten Rentenzusprache die Zumutbarkeit der (Wieder-)Aufnahme der angestammten Tätigkeit zu 50 % (halbtags) und einer angepassten Tätigkeit zu 60 % zugrunde; dabei nahm sie weiterhin auf die frühere MEDAS-Zumutbarkeitsbeurteilung Bezug und ging ausdrücklich von einer im Rahmen des MEDAS-Zumutbarkeitsprofils remittierten Knieproblematik aus (vgl. Begründungsbeiblatt [Urk. 14/85]), womit die Invalidität in sachlicher Hinsicht vorab auf ursprüngliche Rücken- und psychische Beschwerden zurückgeführt wurde. Ein von der Klägerin am 14. Februar 2006 im Ausland erlittener Treppensturz (vgl. Schadenmeldung UVG vom 9. März 2006 [Urk. 14/124/27], Arztzeugnis UVG von Dr. I.___ vom 27. März 2006 [Urk. 14/124/17], V.___-Rapport vom 4. April 2006 [Urk. 14/124/18-19] und IV-Anmeldung vom 22./29 Juni 2006 [Urk. 14/118 und 14/120]; vgl. auch Urk. 14/124/25-26) hatte in der Folge zwar unter anderem eine vorübergehende Verschlimmerung der vorbestandenen chronischen lumbalen Wirbelsäulenbeschwerden zur Folge, betraf aber vor allem auch andere Körperpartien (Nacken, Schulter, Arm, Hüfte, Knie und Sprunggelenk links; Befundbericht von Dr. med. M.___, Spezialarzt für Radiologie, Röntgeninstitut N.___, '___', vom 23. Mai 2006 [Urk. 14/124/12-13], Berichte von Dr. med. O.___, Facharzt für Neurologie, '___', vom 30. Mai 2006 [Urk. 14/124/14-16] und 7. Juli 2006 [Urk. 14/122], Kreisarztbericht von Dr. med. P.___, Facharzt für Chirurgie, V.___ '___', vom 5. Juli 2006 [Urk. 14/124/6-11] und Berichte von Dr. I.___ vom 10. Juli 2006 [Urk. 14/126-127]; vgl. auch Urk. 14/120/5-8 = 14/124/21-24]). Die als obligatorischer Unfallversicherer zuständige V.___ stellte ihre diesbezüglichen Taggeld- und Heilbehandlungsleistungen per 5. Juli 2006 ein (Verfügung vom 11. Juli 2006 [Urk. 14/124/2-4]). Die von der IV-Stelle am 18. Dezember 2006 verfügte befristete Rentenerhöhung für die Zeit vom 1. Juni 2006 bis zum 31. Juli 2006 (Invaliditätsgrad: 100 %; Urk. 2/21) erfolgte aufgrund einer vorübergehenden unfallbedingten Verschlechterung einer ansonsten gegenüber der Vorbeurteilung als stationär eingeschätzten Gesamtsituation (Feststellungsblatt vom 15. August 2006 [Urk. 14/128], Vorbescheid vom 15. August 2006 [Urk. 14/129] und Mitteilung des Beschlusses an die zuständige Ausgleichskasse vom 5. Oktober 2006 [Urk. 14/131], samt Begründungsbeiblatt [Urk. 14/132]).</p><p type="paragraph_mark">4.</p><p type="paragraph_mark">3.2</p><p type="plain_text">Im Arztzeugnis UVG vom 29. Oktober 2001 (Urk. 14/8/8 und 15/8/5) begründete Dr. I.___ die ab 30. März 2001 attestierte 100%ige Arbeitsunfähigkeit mit einem posttraumatisch aktivierten lumbospondylogenen Syndrom bei vorbestandener Diskushernie L5/S1 und L4/5 links sowie einer Kontusion des linken Handgelenks. Im Arztzeugnis UVG vom 1. November 2001 (Urk. 2/15, 14/8/9, 14/8/11 und 15/8/6) führte Dr. I.___ als Grund für die hausärztlich ab 3. August 2001 bescheinigte 100%ige Arbeitsunfähigkeit ein posttraumatisch aktiviertes lumbospondylogenes Syndrom bei vorbestandener Diskushernie L5/S1 und L4/5 an (vgl. Unfallschein UVG [Urk. 2/14 = 14/2 = 15/3/1]). In ihrer Stellungnahme vom 2. November 2001 (Urk. 14/8/10) machte Dr. I.___ keine diagnostischen Angaben, sondern bestätigte lediglich, dass die Klägerin seit 3. August 2001 bei ihr in Behandlung sei und zwei Mal pro Woche in die Therapie komme. In ihrer Stellungnahme vom 12. November 2001 (Urk. 14/8/7) legte Dr. I.___ dar, die Klägerin sei seit Juni 1998 wegen eines Rheumaleidens beziehungsweise wegen Unfallfolgen in ihrer Behandlung gewesen: Die damals hochschwangere Klägerin sei am 25. Juni 1998 nach hinten auf den Rücken gestürzt und habe daraufhin unter sehr starken Rückenschmerzen mit Ausstrahlungen in die Beine gelitten. Nach einer Hospitalisierung mit Frühgeburt (25. Juni 1998) sei die Klägerin bis zum Unfallabschluss durch die V.___ per 6. November 1998 wegen Rückenschmerzen behandelt worden. Seither habe die Klägerin zwar immer wieder Rückenschmerzen gehabt, sei aber deswegen bis zum Unfallereignis vom 30. März 2001 nicht mehr in Behandlung gestanden. Im Anschluss an den Unfall vom 30. März 2001 sei ein MRI der LWS durchgeführt worden, das eine deutliche Osteochondrose mit medialer Diskushernie L5/S1 sowie Osteochondrosen L4/5 mit Protrusion gezeigt habe. Im Bericht vom 6. Mai 2002 (Urk. 10/1 und 14/7) diagnostizierte Dr. I.___ ein chronisches lumboradikuläres Reizsyndrom L5 und S1 links bei Diskushernie L5/S1 und L4/5 sowie eine reaktive Depression. Weiter attestierte Dr. I.___ eine 100%ige Arbeitsunfähigkeit für die zuletzt ausgeübte Tätigkeit vom 30. März 2001 bis auf Weiteres und erachtete unter Verweis auf chronische, recht therapieresistente Schmerzen im lumbalen Bereich mit belastungsabhängigen Ausstrahlungen in die Beine (vorwiegend links) die Ausübung einer behinderungsangepassten, den Rücken nicht belastenden Arbeit im Rahmen von 50 % beziehungsweise halbtags für zumutbar. Im Ärztlichen Zeugnis vom 1. Juli 2002 (Urk. 15/8/1) gab Dr. I.___ schliesslich an, die Klägerin sei wegen Unfallfolgen von 2. August 2001 bis 5. Mai 2002 in ihrer Behandlung gestanden. Die Diagnose habe auf ein traumatisch aktiviertes lumboradikuläres Reizsyndrom bei vorbestandener Diskushernie L5/S1 und L4/5 links gelautet, wobei es sich um einen infolge "Sturz auf nassen Boden" am 2. August 2001 exazerbierten Rückenschaden mit nun vermehrt auftretenden Lumboischialgien (mit wiederholten Blockierungen der LWS) gehandelt habe. Nachdem die Klägerin über längere Zeit eine intensive ärztliche Betreuung und physikalische Therapien benötigt habe, sei die entsprechende Unfallbehandlung am 8. Mai 2002 abgeschlossen worden.</p><p type="plain_text">Gemäss Bericht von PD Dr. med. Q.___, Neuroradiologisches und Radiologisches Institut, Klinik R.___, '___', vom 8. Mai 2001 (Urk. 15/8/3 = 16/18) wurden bei der von Dr. I.___ bei klinischem Befund einer posttraumatischen Lumboischialgie zugewiesenen Klägerin im Zuge einer am 7. Mai 2001 durchgeführten radiologischen Abklärung (natives biplanes LWS-MR) eine Ostechondrose L4/5 mit wulstartiger Verwölbung des medianen Bandscheibenunterrandes (sog. Bulging, keine direkte Diskushernie) und eine Chondrose L5/S1 mit kleiner, nach kranial gerichteter medianer Diskushernie (ohne Duralsack- oder Nervenwurzelkompression) erhoben. Die Auskunft des Spitals L.___, '___', vom 24. Mai 2002 (Urk. 14/9, insbes. 14/9/5) lautete dahin, dass die Klägerin im dortigen Chirurgischen Ambulatorium im März 2001 kurzzeitig in (Notfall-)Behandlung gestanden h</p><p type="paragraph_mark">abe.</p><p type="paragraph_mark">4.</p><p type="paragraph_mark">3.3</p><p type="plain_text">Zusammengefasst ist aufgrund der zur Verfügung stehenden medizinischen Unterlagen davon auszugehen, dass die gesundheitlichen Probleme, derentwegen die Klägerin zur beurteilungsrelevanten Zeit (1. April bis spätestens 31. Oktober 2001) ärztlich abgeklärt und behandelt (Dr. I.___, Spital L.___, Klinik R.___) sowie hausärztlich arbeitsunfähig geschrieben worden war (ab 30. März 2001 bzw. 3. August 2001), von der Art her im Wesentlichen die gleichen waren wie diejenigen, die schliesslich zur IV-Berentung geführt haben (lumbale Rücken- und psychische Beschwerden). Demzufolge ist der erforderliche enge sachliche Zusammenhang zwischen der während der beurteilungsrelevanten Zeit aktenkundigen Arbeitsunfähigkeit und der später eingetretenen Invalidität zu bejahen.</p><p type="paragraph_mark">4.4</p><p type="paragraph_mark">4.</p><p type="paragraph_mark">4.1</p><p type="plain_text">Was die anspruchsbegründende enge zeitliche Zuordnung der zur späteren Invalidität führenden klägerischen Arbeitsunfähigkeit zum Vorsorgeverhältnis bei der Beklagten angeht, ergibt sich anhand der medizinischen Akten was folgt:</p><p type="plain_text">Dr. I.___ bescheinigte einerseits wiederholt (ausdrücklich oder sinngemäss) eine an das Ereignis vom 2. August 2001 anknüpfende und damit in die Versicherungszeit bei der Beklagten fallende Arbeitsunfähigkeit (vgl. Arztzeugnis UVG vom 1. November 2001 [Urk. 2/15, 14/8/9, 14/8/11 und 15/8/6], Ärztliches Zeugnis vom 1. Juli 2002 [Urk. 15/8/1] sowie Unfallschein UVG [Urk. 2/14 = 14/2 = 15/3/1]; vgl. auch Stellungnahme vom 2. November 2001 [Urk. 14/8/10]). Anderseits attestierte die Hausärztin verschiedentlich eine 100%ige Arbeitsunfähigkeit bereits ab 30. März 2001 und nahm dabei eindeutig auf das ausserhalb der Versicherungszeit bei der Beklagten liegende Ereignis vom 30. März 2001 Bezug (Arztzeugnis UVG vom 29. Oktober 2001 [Urk. 14/8/8 und 15/8/5] und Bericht vom 6. Mai 2002 [Urk. 10/1 und 14/7]). Laut dem im MEDAS-Gutachten vom 3. Juli 2003 (Urk. 2/18 und 14/21/1-26) enthaltenen - und seitens der Klägerin inhaltlich unbeanstandet gebliebenen - Aktenauszug soll die Klägerin nach dem Unfallereignis vom 30. März 2001 noch gleichentags im Spital L.___ radiologisch abgeklärt worden sein, wobei eine Handgelenkskontusion (links) festgestellt worden sei (vgl. auch Auskunft des Spitals L.___ vom 24. Mai 2002 [Urk. 14/9, insbes. 14/9/5]). Die einschlägige Berichterstattung von Dr. I.___ wurde im MEDAS-Gutachten dahingehend wiedergegeben, dass die Hausärztin am 3. April 2001 nebst einem etwas geschwollenen und in der Beweglichkeit eingeschränkten linken Handgelenk ein lumbospondylogenes Syndrom ausgemacht habe; da dieses Syndrom auf konservative Behandlung günstig angesprochen habe, habe die Klägerin ab 24. April 2001 wieder als arbeitsfähig gegolten. Nun ist aufgrund der Angaben im Kreisarztbericht von Dr. P.___ vom 5. Juli 2006 (Urk. 14/124/6-11, insbes. 14/124/6) sowie in der Zuschrift der damaligen W.___-Versicherungen vom 19. Juni 2003 im unfallversicherungsrechtlichen Beschwerdeverfahren Proz.-Nr. UV.2002.00180 (Urk. 16/22) zwar davon auszugehen, dass die V.___ ihre Unfallversicherungsleistungen für das Ereignis vom 30. März 2001 mit Handgelenksdistorsion und insbesondere Rückenverletzung mit Verfügung vom 12. Juni 2003 tatsächlich per 23. April 2001 eingestellt hat; dies aber kaum zufolge in allen Teilen voller Arbeitsfähigkeit, sondern mutmasslich wegen fehlender Unfallkausalität noch vorhandener Beschwerden. In Anbetracht des Umstands, dass auf Veranlassung von Dr. I.___ im Mai 2001 weitere radiologische Abklärungen getätigt wurden (vgl. Bericht von PD Dr. Q.___ vom 8. Mai 2001 [Urk. 15/8/3 = 16/18]), ist weiter anzunehmen, dass die Klägerin aus Sicht der Hausärztin wegen der Rückenproblematik über April/Mai 2001 hinaus als medizinisch-theoretisch arbeitsunfähig oder zumindest teilarbeitsunfähig qualifiziert worden ist. Jedenfalls lässt die Meinungsäusserung von Dr. I.___ in der Stellungnahme vom 12. November 2001 (Urk. 14/8/7) darauf schliessen, dass sie das Ergebnis der Röntgenabklärung vom 7. Mai 2001 als erheblich und für die zumutbare Arbeitsleistung relevant erachtete. Aufgrund dessen erscheint die klägerische Argumentation, wonach es sich beim (wiederholten) hausärztlichen Attest einer von 30. März 2001 bis auf weiteres andauernden Arbeitsunfähigkeit um ein "offensichtliches Versehen" gehandelt haben soll (Urk. 21 S. 2 Ziff. II/3 und S. 4 Ziff. II/8), weder nachvollziehbar noch plausibel. Vielmehr sprechen die Meinungsäusserungen von Dr. I.___ alles in allem für ein zum Zeitpunkt des Stellenantritts der Klägerin beim A.___ aus hausärztlicher Sicht medizinisch-theoretisch erheblich eingeschränktes Leistungsvermögen; wenngleich die am 30. März 2001 erlittene Handprellung rasch problem- und folgenlos ausgeheilt gewesen sein mag (so die Klägerin; Urk. 1 S. 7 f. Ziff. II/B/5), gilt dies nicht ohne weiteres gleichermassen für die immerhin zu einer kernspintomographischen Abklärung der LWS Anlass gebende Rückenproblematik. Denn einerseits werden derartige bildgebende Abklärungen gemeinhin nicht leichtfertig angeordnet und anderseits hat die Massnahme Wirbelsäulenveränderungen hervorgebracht, welche im weiteren Verlauf auch vom MEDAS-Sachverständigen als erheblich eingestuft wurden (vgl. Rheumatologisches Untergutachten von Dr. F.___ vom 7. Mai 2003 [Urk. 2/18 Anhang und 14/21/27-31]). Dass im MEDAS-Gutachten vom 3. Juli 2003 (Urk. 2/18 und 14/21/1-26) der Beginn der massgebenden Arbeitsunfähigkeit auf August 2001 festgelegt worden sein soll, wie die Klägerin geltend macht (Urk. 1 S. 7 Ziff. II/B/4), ist ebenfalls zu relativieren: So wurde etwa von dem für die Aktenzusammenfassung zuständigen Dr. E.___ mehrfach auf Auffälligkeiten im Zusammenhang mit den hausärztlichen Arbeits(un)fähigkeitsattesten und deren Ereigniszuordnungen hingewiesen (S. 4, 5, 6 und 7). Im Rahmen der gutachterlichen Befragung gab die Klägerin zunächst an, die Rückenbeschwerden seien bei Arbeitsaufnahme im A.___ unwesentlich respektive eher minimal gewesen. Auf Nachfrage präzisierte sie dann aber, wahrscheinlich an leichteren Rückenbeschwerden gelitten zu haben, und räumte zudem ein, Dr. I.___ habe ihr aufgrund der Folgen des Ereignisses von 1998 geraten, höchstens 50 % zu arbeiten. Schliesslich gestand die Klägerin zu, ab Ende April 2001 unter stärkeren Rückenbeschwerden gelitten zu haben (ausgelöst durch das Heben eines Harasses), weshalb sie Anfang Mai 2001 röntgenologisch untersucht worden sei; zwar habe sie - in der Probezeit stehend - stets voll gearbeitet, doch sei ihr von Dr. I.___ nochmals nahegelegt worden, nur 50 % zu arbeiten (S. 15 und 17; vgl. auch Untergutachten von Dr. F.___ vom 7. Mai 2003 [Urk. 2/18 Beilage und 14/21/27-31 S. 2]). Auch gegenüber der Berufsberatung der IV-Stelle hatte die Klägerin beim Erstgespräch vom 16. September 2003 angegeben, dass ihr von ihrer Ärztin geraten worden sei, zu reduzieren (Verlaufsprotokoll vom 11. Dezember 2003 [Urk. 14/28, insbes. 14/28/3]). Dass die MEDAS-Gutachter bei der Auflistung der gestellten Diagnosen lediglich Stati nach Treppensturz am 22. April 1994, nach Sturz am 25. Juni 1998 und nach Verhebung am 2. August 2001 aufführten, das keineswegs folgenlose Ereignis vom 30. März 2001 hingegen unerwähnt liessen (S. 23 f.) und bei der zeitlichen Verortung der reduzierten Arbeitsfähigkeit auf die durch Arztzeugnisse dokumentierte 100%ige Arbeitsunfähigkeit ab August 2001 hinwiesen (S. 25), lässt unter diesen Umständen noch keineswegs triftig auf eine aus Sicht der MEDAS-Verantwortlichen vor August 2001 bestandene und gutachterlich bescheinigte volle Arbeitsfähigkeit schliessen. Dies, zumal ein Unfall- oder unfallähnliches Ereignis aus den im sozialversicherungsgerichtlichen Urteil vom 30. September 2003 (Urk. 10/3 und 16/26) dargelegten und im Lichte der heutigen Aktenlage nach wie vor zutreffenden Gründen gar nicht nachgewiesen ist.</p><p type="plain_text">Laut dem im MEDAS-Gutachten vom 3. Juli 2003 (Urk. 2/18 und 14/21/1-26) enthaltenen Aktenauszug soll die Klägerin im Nachgang zum Arbeitsunfall vom 25. Juni 1998 und den daraus resultierenden Schwangerschaftskomplikationen im November/Dezember 1998 über starke Rückenbeschwerden geklagt haben, depressiv verstimmt und klinisch kaum untersuchbar gewesen sein; Hinweise auf eine somatische Ursache für die multiplen Beschwerden seien bei evidenter psychischer Problematik verneint worden, was die V.___ zur Einstellung ihrer Unfallversicherungsleistungen per 6. November 1998 bewogen habe (S. 2). Gemäss Sozial- und Berufsanamnese war die Klägerin wegen ihrer sehr schlechten psychischen Verfassung in psychiatrischer Behandlung (S. 15). Nun wurde von Dr. I.___ in ihrer Stellungnahme vom 12. November 2001 (Urk. 14/8/7) zum weiteren Verlauf der Rückenproblematik seit 1998 zwar dargelegt, die Klägerin habe seit dem Unfallabschluss durch die V.___ per 6. November 1998 immer wieder Rückenschmerzen gehabt, sei aber deswegen bis zum Unfallereignis vom 30. März 2001 nicht mehr in Behandlung gestanden. Im Gegensatz dazu erwähnte Dr. O.___ jedoch in seinen Berichten vom 30. Mai 2006 (Urk. 14/124/14-16) und 7. Juli 2006 (Urk. 14/122) jeweils eine vorbestehende chronische Lumbalgie bei Status nach Sturz auf den Rücken "vor 8 Jahren" (sprich: 1998), was auf ein seit dem Vorfall vom Juni 1998 anhaltendes und beträchtliches Beschwerdeaufkommen schliessen lässt. Gemäss Konsiliarbericht zuhanden von Dr. I.___ vom 30. Mai 2006 (Urk. 14/124/14-16, insbes. 14/124/15) lauteten die persönlichen Anamneseangaben der Klägerin gegenüber dem von der Hausärztin beigezogenen Neurologen zudem dahingehend, dass sie seit dem im Juni 1998 erlittenen Sturz an Rückenschmerzen gelitten habe, wobei diese Schmerzen während der ersten drei Jahre nach diesem Sturz (d.h. bis Mitte 2001) sehr intensiv gewesen seien und es immer wieder zu Schmerzausstrahlungen ins rechte Bein gekommen sei. Das beschriebene Beschwerdebild deckt sich weitgehend mit demjenigen im beurteilungsrelevanten Zeitraum. Ungeachtet dessen, ob die Klägerin zwischen Ende 1998 und Ende März 2001 in spezifischer Behandlung gestanden hat, ist demnach gestützt auf die medizinischen Akten nicht nur von einer bereits zum Zeitpunkt des Stellenantritts der Klägerin beim A.___ (1. April 2001) erheblichen, das medizinisch-theoretische Leistungsvermögen einschränkenden Beschwerdesituation auszugehen, sondern es erscheint darüber hinaus zweifelhaft, ob die Klägerin seit dem Unfall vom 25. Juni 1998 überhaupt jemals wieder über längere Zeit eine die Erzielung eines rentenausschliessenden Einkommens erlaubende medizinisch-theoretische Arbeitsfähigkeit erlangt hat. Dies, zumal angesichts der nebst der körperlichen Problematik vorhandenen psychischen Schubkrankheit und anhaltenden psychosozialen Belastungssituation sowie unbesehen darum, dass während des Bezugs von Arbeitslosenversicherungsleistungen (ab April 1999) keine Arbeitsunfähigkeitsatteste aktenkundig sind. Eine stichhaltige Anknüpfung der invaliditätsursächlichen Arbeitsunfähigkeit an das Unfallereignis vom 30. März 2001 erscheint im Lichte der medizinischen Akten ebenso vage wie eine Fixierung auf den 2. August 2001 oder eine Terminierung auf einen anderen bestimmten Zeitpunkt vor Anfang November 20</p><p type="paragraph_mark">01.</p><p type="paragraph_mark">4.</p><p type="paragraph_mark">4.2</p><p type="plain_text">Auch anhand der weiteren Akten lässt sich keine überwiegend wahrscheinliche enge zeitliche Zuordnung der zur späteren Invalidität führenden klägerischen Arbeitsunfähigkeit zum Vorsorgeverhältnis bei der Beklagten treffen:</p><p type="plain_text">Gegenüber dem Unfallversicherer war seitens der Verantwortlichen des A.___ angegeben worden, die Klägerin habe bei der Anstellung Rückenbeschwerden erwähnt, doch habe man bei der Arbeit nie den Eindruck vorhandener Schmerzen gehabt. Allerdings habe die Klägerin die erwartete Arbeitsleistung nicht erreicht, weshalb man das Arbeitsverhältnis nach einer Probezeitverlängerung schliesslich aufgelöst habe. Die Klägerin sei bei der Arbeit eher langsam und phlegmatisch gewesen, habe lange gebraucht, bis sie die Kasse beherrscht habe, und in der notwendigen Zeit nicht alle ihr obliegenden Arbeiten zu erledigen vermocht (Rapport vom 5. Februar 2002 [Urk. 30/4]). Im Arbeitgeberbericht zuhanden der IV-Stelle vom 6. Mai 2002 (Urk. 2/13 = 14/5) wurde angegeben, der ausgerichtete Lohn habe nur teilweise der Arbeitsleistung entsprochen (S. 2 Ziff. 13). Im Bericht vom 5. März 2008 (gezeichnet: S.___, Direktor, und T.___, Leiterin Administration; Urk. 29) wurde von der Arbeitgeberin einerseits bekräftigt, dass die Klägerin die erwartete Leistung nicht habe erbringen können, was zur Kündigung geführt habe; anderseits wurde ausgeführt, der Lohn habe der Arbeitsleistung entsprochen. Ausserdem wurde dargelegt, die Klägerin habe beim Vorstellungsgespräch einen Unfall während der Schwangerschaft erwähnt, doch habe man bei der Arbeitsverrichtung keine entsprechenden Einschränkungen festgestellt. Das Vorhandensein von Absenzen wurde verneint. Die nunmehr im U.___, '___', tätige seinerzeitige Vorgesetzte der Klägerin, H.___, gab in ihrem Bericht vom 7. April 2008 (Urk. 37) an, die Arbeitsleistung der Klägerin habe auch nach verlängerter Einarbeitungszeit nicht den Erwartungen entsprochen; die Klägerin habe die geforderte Leistung nicht erbringen können. Der ausgerichtete Lohn habe zwar dem betriebsüblichen Verdienst einer ungelernten Service-Mitarbeitenden entsprochen, da die Klägerin ihrerseits jedoch keine entsprechende Leistung erbracht habe, sei im Arbeitgeberbericht zuhanden der IV-Stelle vom 6. Mai 2002 (Urk. 2/13 = 14/5) angegeben worden, der Lohn habe nur teilweise der Arbeitsleistung entsprochen. Während der täglichen Arbeit hätten keine gesundheitlichen Einschränkungen festgestellt werden können; Arbeitsausfälle/Absenzen seien, soweit erinnerlich, keine vorhanden gewesen.</p><p type="plain_text">Aus den Stellungnahmen der Arbeitgeberin sowie der persönlichen Verlautbarung der seinerzeitigen Vorgesetzten der Klägerin geht im Ganzen klar hervor, dass die Arbeitsleistung der Klägerin von Anfang an und anhaltend von den betriebsüblichen Anforderungen und Erwartungen deutlich abgefallen ist. Der vereinbarungsgemäss ausgerichtete Lohn hat zwar dem allgemeinen Ansatz für unqualifizierte Mitarbeitende in gleicher Funktion entsprochen, jedoch in einem eindeutigen Missverhältnis zur individuellen Arbeitsleistung gestanden. Zwar hat die Klägerin keine eigentlichen Arbeitsausfälle oder Absenzen zu verzeichnen gehabt (Arzttermine wurden ausserhalb der Dienstzeit oder an Freitagen wahrgenommen; vgl. MEDAS-Gutachten vom 3. Juli 2003 [Urk. 2/18 und 14/21/1-26 S. 15 f.]) und ist die Minderleistung arbeitgeberseits nicht mit gesundheitlichen Gründen (wie insbes. Nachwirkungen des von der Klägerin anlässlich des Vorstellungsgesprächs erwähnten Unfallereignisses von 1998) in Verbindung gebracht worden, doch legt die vorstehend geschilderte medizinischen Aktenlage (Erw. 4.4.1) nahe, dass die festgestellten Defizite eben doch auf die gesundheitliche Situation zurückzuführen gewesen sind, indem die von der Hausärztin medizinisch-theoretisch postulierte (Teil-)Arbeitsunfähigkeit in der Arbeitswelt durch eine deutliche Minderleistung nach aussen in Erscheinung getreten ist. Wohl kann aufgrund der von der Klägerin selbst beigebrachten Arbeitslosenversicherungsakten (Antragsformular, Taggeldabrechnung und Meldeformulare; Urk. 2/10-11) als erstellt gelten, dass die Klägerin über längere Zeit hinweg als voll vermittlungsfähige Stellensuchende Taggelder der Arbeitslosenversicherung bezogen hat, und ist dem Arbeitszeugnis des Restaurants Z.___ vom 25. April 2001 (Urk. 2/12 = 14/1/2) nichts über Leistungsdefizite zu entnehmen. Jedoch ist diesbezüglich nicht ausser Acht zu lassen, dass die langzeitarbeitslose Klägerin ihre Leistungsfähigkeit während der meisten Zeit des Taggeldbezugs nicht unter Beweis zu stellen hatte, der Arbeitseinsatz in einem Beschäftigungsprogramm der Arbeitslosenversicherung nicht mit der Tätigkeit auf dem allgemeinen Arbeitsmarkt verglichen werden kann und Arbeitszeugnisse grundsätzlich wohlwollend abzufassen sind, wobei das Formulierungsermessen im Rahmen arbeitsmarktlicher Massnahmen voll zugunsten der Arbeitssuchenden ausgeschöpft werden dürfte. Auch der Umstand, dass der Klägerin seitens der Verantwortlichen des Restaurants Z.___ geraten worden sein soll, sich unbedingt als voll Arbeitsfähige zu bewerben und eine Stelle zu suchen, sie werde dies schaffen (so die Angaben der Klägerin gemäss Sozial- und Berufsanamnese der MEDAS-Verantwortlichen; MEDAS-Gutachten vom 3. Juli 2003 [Urk. 2/18 und 14/21/1-26, insbes. S. 15]), bildet keinen stichhaltigen Beleg für ein vor dem Wechsel zum A.___ in jeder Hinsicht (körperlich und psychisch) uneingeschränktes Arbeits- und Leistungsvermögen. Und selbst wenn die seit Mitte 1998 gesundheitlich angeschlagene Klägerin während ihres von gegen Ende November 2000 bis Ende März 2001 (mithin nur etwas über vier Monate) dauernden Arbeitseinsatzes im Restaurant Z.___ eine volle (bzw. mindestens 80%ige) Arbeitsfähigkeit an den Tag gelegt hätte, vermöchte dies die vorhandenen Zweifel an der dauerhaften Wiedererlangung der Erwerbsfähigkeit nicht zu zerstreuen, namentlich angesichts des neuerlichen Unfallereignisses vom 30. März 20</p><p type="paragraph_mark">01.</p><p type="paragraph_mark">4.</p><p type="paragraph_mark">4.3</p><p type="plain_text">Zusammengefasst ist aufgrund der zur Verfügung stehenden medizinischen und weiteren Unterlagen der anspruchsbegründende enge zeitliche Zusammenhang zwischen der während der beurteilungsrelevanten Zeit vorgelegenen Arbeitsunfähigkeit der Klägerin und der später eingetretenen, ursächlich auf einen im Wesentlichen gleichartigen Gesundheitsschaden zurückzuführenden Invalidität nicht mit dem erforderlichen Beweisgrad der überwiegenden Wahrscheinlichkeit nachgewiesen. Weitere Abklärungen vermöchten daran nichts zu ändern, nachdem die echtzeitlichen ärztlichen Verlautbarungen in den wesentlichen Zügen bekannt sind, sich Hausärztin Dr. I.___ bereits mehrfach geäussert hat und von einem Beizug der Krankengeschichte keine weiterführenden Aufschlüsse zu erwarten sind sowie zum versicherten Arbeitsverhältnis gerichtliche Beweismassnahmen getätigt worden sind (antizipierte Beweiswürdigung; vgl. BGE 124 V 90 Erw. 4b und 122 V 157 Erw. 1d). Die Beweislosigkeit geht zulasten der beweisbelasteten Klägerin, die aus dem unbewiesen gebliebenen Sachverhalt Rechte ableiten wollte (vgl. BGE 117 V 261 Erw. 3b und 115 V 113 Erw. bb).</p><p type="paragraph_mark">4.5</p><p type="plain_text">Zusammenfassend führt dies zur Klageabweisun</p><p type="paragraph_mark">g.</p><p type="plain_text">Über die Anspruchsberechtigung der Klägerin gegenüber der Beigeladenen ist im vorliegenden Verfahren nicht zu entscheiden. Dies unbesehen der auch diesbezüglich aufscheinenden Zweifel am Bestehen eines Versicherungsverhältnisses im Zeitpunkt des Eintritts der Arbeitsunfähigkeit, deren Ursache zur Invalidität geführt hat (enger zeitlicher Zusammenhang).</p><p type="paragraph_mark">5.</p><p type="paragraph_mark">5.1</p><p type="plain_text">Das Verfahren ist kostenlos (Art. 73 Abs. 2 BVG in Verbindung mit § 33 GSVGer).</p><p type="paragraph_mark">5.2</p><p type="plain_text">Ausgangsgemäss ist Rechtsanwalt Dr. Krapf für seine Bemühungen und Auslagen im Zusammenhang mit der unentgeltlichen Rechtsvertretung der Klägerin aus der Gerichtskasse zu entschädigen. Die Entschädigung ist anhand der mit Eingabe vom 26. Juni 2009 (Urk. 52; samt Beilagen [Urk. 53/1-2]) im Einzelnen spezifizierten Bemühungen auf Fr. 3'562.--, zuzüglich 7.6 % MWSt, das heisst total auf Fr. 3'832.70 festzusetzen. Ein anrechenbarer Arbeitsaufwand von 17.81 Stunden (à Fr. 200.--/h; inkl. "Studium und Besprechung Urteil": 1 h) erscheint in zeitlicher Hinsicht als angemessen. Die Kosten für den vorprozessualen Schrift- und Telefonverkehr mit der Beklagten (0.92 h) sowie für die Rechnungsstellung zuhanden des Gerichts (0.17 h) zählen nicht zu den entschädigungsfälligen Bemühungen. Ausserdem können nur konkret ausgewiesene Barauslagen entschädigt werden, womit für die Geltendmachung von Pauschalspesen (konkret mit 2 % des Arbeitsentgelts veranschlagt) kein Raum bleibt.</p><p type="plain_text">Der obsiegenden Beklagten steht in ihrer Funktion als Trägerin der beruflichen Vorsorge praxisgemäss keine Prozessentschädigung zu (vgl. BGE 128 V 133 Erw. 5b, 126 V 150 Erw. 4a, 118 V 169 Erw. 7 und 117 V 349 Erw. 8, mit Hinweisen; vgl. auch BGE 122 V 125 Erw. 5b und 320 Erw. 1a und b sowie 112 V 356 Erw. 6). Ebenso wenig der in ebensolcher Funktion auftretenden Beigeladenen, welche sich am Verfahren zudem gar nicht massgeblich beteiligt hat.</p><p type="plain_text">Das Gericht erkennt:</p><p type="paragraph_mark">1.</p><p type="plain_text">Die Klage wird abgewiesen.</p><p type="paragraph_mark">2.</p><p type="plain_text">Das Verfahren ist kostenlos.</p><p type="paragraph_mark">3.</p><p type="plain_text">Der Beklagten wird keine Prozessentschädigung zugesprochen.</p><p type="paragraph_mark">4.</p><p type="plain_text">Der unentgeltliche Rechtsvertreter der Klägerin, Rechtsanwalt Dr. Markus Krapf, Zürich, wird für seine Bemühungen und Auslagen mit Fr. 3'832.70 (inkl. MWSt) aus der Gerichtskasse entschädigt.</p><p type="plain_text">Die Klägerin wird in diesem Zusammenhang nochmals auf § 92 des Gesetzes über den Zivilprozess (Zivilprozessordnung/ZPO; in Verbindung mit § 28 lit. a GSVGer) hingewiesen.</p><p type="paragraph_mark">5.</p><p type="plain_text">Zustellung gegen Empfangsschein an:</p><p type="plain_text">Rechtsanwalt Dr. Markus Krapf</p><p type="plain_text">AXA Stiftung Berufliche Vorsorge, Winterthur</p><p type="plain_text">Stiftung Auffangeinrichtung BVG</p><p type="plain_text">Bundesamt für Sozialversicherungen (B</p><p type="paragraph_mark">SV)</p><p type="paragraph_mark">6.</p><p type="plain_text">Gegen diesen Entscheid kann innert 30 Tagen seit der Zustellung beim Bundesgericht Beschwerde eingereicht werden (Art. 82 ff. in Verbindung mit Art. 90 ff. des Bundesgesetzes über das Bundesgericht [BGG]). Die Frist steht während folgender Zeiten still: vom siebten Tag vor Ostern bis und mit dem siebten Tag nach Ostern, vom 15. Juli bis und mit dem 15. August sowie vom 18. Dezember bis und mit dem 2. Januar (Art. 46 BGG).</p><p type="plain_text">Die Beschwerdeschrift ist dem Bundesgericht, Schweizerhofquai 6, 6004 Luzern, zuzustellen.</p><p type="plain_text">Die Beschwerdeschrift hat die Begehren, deren Begründung mit Angabe der Beweismittel und die Unterschrift des Beschwerdeführers oder seines Vertreters zu enthalten; der angefochtene Entscheid sowie die als Beweismittel angerufenen Urkunden sind beizulegen, soweit die Partei sie in Händen hat (Art. 42 BGG).</p></body></text>