<?xml version='1.0' encoding='UTF-8'?>
<text author="" date="2013-10-02" decade="2010" description="30 Widerruf der Niederlassungsbewilligung; Verhältnismässigkeit; Invalidenrente im Heimatland (Kosovo)Wenn eine Invalidenrente im Heimatland nicht mehr bezogen werdenkann, ist zu klären, in welchem Umfang dem Betroffenen durch sein Heimatland finanzielle Unterstützung gewährt wird. Entfällt eine finanzielleUnterstützung..." file="AG_OG_011_AGVE-2013-30_2013-10-02.html" id="AG_OG_011_AGVE-2013-30_2013-10-02" language="de" page="142-143" source="https://entscheidsuche.ch" subtopics="" title="Aargau Obergericht Verwaltungsgericht 02.10.2013 AGVE 2013 30" topics="Aargau Obergericht Verwaltungsgericht 02.10.2013 AGVE 2013 30" type="AG_OG_011" url="http://agve.weblaw.ch/html//AGVE-2013-30.html" year="2013"><body><p type="plain_text">Obergericht, Abteilung Verwaltungsgericht 30 Widerruf der Niederlassungsbewilligung; Verhältnismässigkeit; Invalidenrente im Heimatland (Kosovo) Wenn eine Invalidenrente im Heimatland nicht mehr bezogen werden kann, ist zu klären, in welchem Umfang dem Betroffenen durch sein Heimatland finanzielle Unterstützung gewährt wird. Entfällt eine finanzielle Unterstützung und ist unter Beachtung der Invalidität eine berufliche Wiedereingliederung nicht möglich oder nicht zumutbar, ist von einem markant erhöhten privaten Interesse an einem Verbleib in der Schweiz auszugehen. Aus dem Entscheid des Verwaltungsgerichts, 2. Kammer, vom 25. Oktober 2013 in Sachen A. gegen das Amt für Migration und Integration (WBE.2012.1027). Migrationsrecht Aus den Erwägungen</p><p type="paragraph_mark">4.3.</p><p type="paragraph_mark">4.3.1. - 4.3.3.</p><p type="plain_text">(...)</p><p type="paragraph_mark">4.3.4.</p><p type="plain_text">(...) In Bezug auf die Invalidenrente des Beschwerdeführers ist darauf hinzuweisen, dass das Bundesgericht in einem kürzlich ergangenen Urteil (BGE 139 V 263) das Abkommen zwischen der Schweizerischen Eidgenossenschaft und der (ehemaligen) Föderativen Volksrepublik Jugoslawien über Sozialversicherung vom 8. Juni 1962 (Sozialversicherungsabkommen; SR 0.831.109.818.1) auf kosovarische Staatsangehörige ab 1. April 2010 als nicht mehr anwendbar erklärt hat. Nachdem aufgrund dieser neusten Rechtsprechung nicht mehr davon ausgegangen werden kann, dass der Beschwerdeführer bei Übersiedlung in den Kosovo seine bisherige Rente weiter erhalten wird und aus den Akten nicht hervorgeht, ob und wenn ja inwiefern der Beschwerdeführer durch seinen Heimatstaat finanziell unterstützt würde, ist diese Frage und die Frage einer allfälligen beruflichen Wiedereingliederung unter Berücksichtigung seiner Invalidität detailliert abzuklären (...). Erhält der Beschwerdeführer im Kosovo keine finanzielle Unterstützung und ist eine berufliche Wiedereingliederung nicht möglich oder nicht zumutbar, ist von einem markant erhöhten privaten Interesse an einem Verbleib in der Schweiz auszugehen.</p></body></text>