<?xml version='1.0' encoding='UTF-8'?>
<text id="AI_KG_001_KSE-4-2020_2021-02-16" author="" title="Appenzell Innerrhoden Kantonsgericht 16.02.2021(publiziert) KSE 4-2020" source="https://entscheidsuche.ch" page="" topics="Appenzell Innerrhoden Kantonsgericht" subtopics="" language="de" date="2021-02-16" description="Gesuch um Wiederherstellung der Beschwerdefrist" type="AI_KG_001" file="AI_KG_001_KSE-4-2020_2021-02-16.pdf" year="2021" decade="2020"><body><p type="plain_text">Gesuch um Wiederherstellung der Beschwerdefrist Ein grobes Verschulden des Rechtsanwalts stellt dar, wenn seine Kanzleiangestellte ohne dessen Orientierung eine Einstellungsverfügung ins Mandantendossier legt und dadurch die Rechtsmittelfrist ungeachtet verstreicht. Dieses Organisationsverschulden ist seinen Mandanten anzurechnen, zumal die bundesgerichtliche Rechtsprechung, bei notwendiger Verteidigung könne in gewissen Fällen eine Ausnahme von der Anrechnung des Fehlers des Anwalts an den Mandanten angenommen werden, nicht auf Privatkläger auszudehnen ist (Art. 94 StPO). Erwägungen:</p><p type="paragraph_mark">I.</p><p type="paragraph_mark">1.</p><p type="plain_text">Die Staatsanwaltschaft Appenzell I.Rh. stellte mit Verfügung vom 3. Januar 2020 das Strafverfahren gegen A. wegen Verleumdung im Sinne von Art. 174 Ziff. 1 StGB und falscher Anschuldigung im Sinne von Art. 303 Ziff. 1 StGB ein. Diese Verfügung wurde am 6. Januar 2020 dem damaligen Rechtsvertreter der Rechtsanwälte B., C. und D. zugestellt.</p><p type="paragraph_mark">2.</p><p type="plain_text">Der Vertreter der Rechtsanwälte B., C. und D. (folgend: Beschwerdeführer) reichte am 16. März 2020 Beschwerde gegen die Einstellungsverfügung der Staatsanwaltschaft vom 3. Januar 2020 bei der kantonsgerichtlichen Kommission für Entscheide in Strafsachen ein.</p><p type="paragraph_mark">3.</p><p type="plain_text">Gleichzeitig mit der Beschwerdeschrift wurde das Gesuch um Wiederherstellung der Beschwerdefrist gestellt.</p><p type="paragraph_mark">4.</p><p type="plain_text">Zum Gesuch um Wiederherstellung reichten die Staatsanwaltschaft Appenzell I.Rh. am 8. April 2020 und die Rechtsvertreterin von A. (folgend: Beschwerdegegner) innert erstreckter Frist am 4. Mai 2020 je eine Stellungnahme ein.</p><p type="paragraph_mark">5.</p><p type="paragraph_mark">5.1.</p><p type="plain_text">Das Gesuch ist innert 30 Tagen nach Wegfall des Säumnisgrundes schriftlich und begründet bei der Behörde zu stellen, bei welcher die versäumte Verfahrenshandlung hätte vorgenommen werden sollen. Innert der gleichen Frist muss die versäumte Verfahrenshandlung nachgeholt werden (Art. 94 Abs. 2 StPO). Die Frist beginnt, sobald es dem Betroffenen wieder möglich ist, die Frist zu wahren, also etwa sobald der Säumige damit rechnen muss, die Frist verpasst zu haben (vgl. Riedo, in: Niggli/Heer/Wiprächtiger [Hrsg.], Schweizerische Strafprozessordnung,</p><p type="paragraph_mark">2.</p><p type="plain_text">Auflage, 2014, Art. 94 N 20).</p><p type="paragraph_mark">5.2.</p><p type="plain_text">Der Rechtsvertreter der Beschwerdeführer macht geltend, anlässlich eines Telefonats vom 4. März 2020 habe Rechtsanwältin C. festgestellt, dass die dem vormaligen Rechtsvertreter zugestellte Verfügung den Beschwerdeführern nicht zur Kenntnis gebracht worden sei. Gleichentags sei der vormalige Rechtsvertreter von den Beschwerdeführern kontaktiert worden und dieser habe feststellen müssen, dass die Einstellungsverfügung am 6. Januar 2020 tatsächlich zugestellt worden sei. Durch das «Beiseitelegen» der Assistenz des ehemaligen Rechtsvertreters der Beschwerdeführer sei ihnen die Wahrung ihrer Rechtsinteressen, d.h. die Einreichung der Beschwerde, unverschuldet objektiv verunmöglicht worden. Mit Kenntnisnahme der Einstellung des Strafverfahrens, d.h. durch Telefonat mit der Staatsanwaltschaft am 4. März 2020 durch die Beschwerdeführerin C. sei der Säumnisgrund am 4. März 2020 weggefallen und die dreissigtägige Frist zur Einreichung des Wiederherstellungsgesuchs und der Beschwerde habe folglich am 5. März 2020 zu laufen angefangen.</p><p type="paragraph_mark">5.3.</p><p type="plain_text">Die Rechtsvertreterin des Beschwerdegegners erwidert, mit Schreiben vom 30. Dezember 2019 habe die Staatsanwaltschaft Appenzell I.Rh. dem ehemaligen Rechtsvertreter der Beschwerdeführer mitgeteilt, dass man ihm "baldmöglichst die mit Parteimitteilung vom 17. Juni 2019 in Aussicht gestellte Einstellungsverfügung zukommen lassen" werde. Die Beschwerdeführer hätten somit ab Ende Dezember 2019 Kenntnis davon, dass die bereits mit Parteimitteilung vom 17. Juni 2019 in Aussicht gestellte Einstellungsverfügung "baldmöglichst" zugestellt werde. Es wäre Rechtsanwältin C. als rechtskundige Person sowohl objektiv möglich als auch subjektiv zumutbar gewesen, in ihrem Telefonat mit dem Staatsanwalt vom 13. Januar 2020 nachzufragen, wann die bereits explizit angekündigte Einstellungsverfügung ergehen werde. Der Säumnisgrund wäre somit spätestens am 13. Januar 2020 weggefallen. Die Frist von 30 Tagen für die Einreichung des Wiederherstellungsgesuchs sei somit verpasst worden.</p><p type="paragraph_mark">5.4.</p><p type="plain_text">Der Säumnisgrund, nämlich die fehlende Kenntnisnahme der Zustellung der Einstellungsverfügung vom 3. Januar 2020 durch den damaligen Rechtsvertreter selbst, fiel erst am 4. März 2020 weg: Einerseits erfuhr die Beschwerdeführerin anlässlich des Telefongesprächs an diesem Tag mit der Staatsanwaltschaft Appenzell I.Rh. vom 4. März 2020, dass die Einstellungsverfügung am 3. Januar 2020 zugestellt worden sei. Andererseits habe auch der damalige Rechtsvertreter der Beschwerdeführer erst am 4. März 2020 den Fehler, nämlich dass die Kanzlei die am 6. Januar 2020 in Empfang genommene Einstellungsverfügung ohne weitere Orientierung an ihn aus Versehen in das Mandanten-Dossier abgelegt habe, festgestellt. Erst ab diesem Tag bzw. mit Kenntnisnahme der Einstellungsverfügung, war es den Beschwerdeführern überhaupt möglich, eine Beschwerde einzureichen bzw. einreichen zu lassen. Das Gesuchs um Wiederherstellung wurde somit durch den Rechtsvertreter der Beschwerdeführer am 16. März 2020 innert der dreissigtägigen Frist nach Art. 94 Abs. 2 StPO eingereicht. Entsprechend ist auf das Gesuch um Wiederherstellung einzutreten.</p><p type="paragraph_mark">6.</p><p type="paragraph_mark">6.1.</p><p type="plain_text">Über das Gesuch entscheidet die Strafbehörde in einem schriftlichen Verfahren (Art. 94 Abs. 4 StPO).</p><p type="paragraph_mark">6.2.</p><p type="plain_text">Hinsichtlich der Zuständigkeit bei Kollegialbehörden ist im Zusammenhang mit der Wiederherstellung versäumter Rechtsmittelfristen von der Zuständigkeit des Kollegiums auszugehen, weil bei einer allfälligen Abweisung des Gesuchs gleichzeitig ein Endentscheid (Nichteintreten zufolge Verspätung) ergehen würde, welche allein dem Gericht obliegt (vgl. Brüschweiler, in: Donatsch/Hansjakob/Lieber [Hrsg.], Kommentar zur Schweizerischen Strafprozessordnung, 2. Auflage, 2014, Art. 94 N 11).</p><p type="paragraph_mark">6.3.</p><p type="plain_text">Entsprechend ist vorliegend die kantonsgerichtliche Kommission für Entscheide in Strafsachen als Beschwerdeinstanz zur Prüfung des vorliegenden Wiederherstellungsgesuchs zuständig (Art. 10 Abs. 1 StPO i.V.m. Art. 13 lit. c StPO).</p><p type="paragraph_mark">7.</p><p type="paragraph_mark">7.1.</p><p type="plain_text">Hat eine Partei eine Frist versäumt und würde ihr daraus ein erheblicher und unersetzlicher Rechtsverlust erwachsen, so kann sie die Wiederherstellung der Frist verlangen; dabei hat sie glaubhaft zu machen, dass sie an der Säumnis kein Verschulden trifft (Art. 94 Abs. 1 StPO).</p><p type="paragraph_mark">7.2.</p><p type="plain_text">Der Vertreter der Beschwerdeführer macht im Wesentlichen geltend, der Grund für die Säumnis liege nicht bei den Verfahrensbeteiligten, sondern bei Dritten (Rechtsvertreter bzw. dessen Assistenz). Gemäss Bundesgericht habe der Beschuldigte einen Anspruch auf wirksame Verteidigung und deshalb dürfe grobes Verschulden des Verteidigers dem Beschuldigten nicht zum Nachteil gereichen, wenn eine Sanktion von einigem Gewicht in Frage stehe und es sich um einen Fall notwendiger Verteidigung bzw. Wahlverteidigung handle. Es lasse sich nicht rechtfertigen, wenn die bundesgerichtlichen Grundsätze nicht auch dem Privatkläger zu Gute kommen sollten. So spreche auch denn das Bundesgericht in diesem Zusammenhang unterschieds- und vorbehaltslos von "Parteien" (Urteil des Bundesgerichts 6B_768/2007). Die Waffengleichheit wäre jedenfalls verletzt, wenn nur schwere Fehler der Verteidigung massgeblich wären, nicht jedoch solche der Vertreter von Privatklägern. Die Beschwerdeführer würden an der Säumnis keinerlei Verschulden treffen. Es sei ihnen bei gewissenhaftem Vorgehen objektiv und subjektiv unmöglich gewesen zu handeln. In diesem Zusammenhang sei erwähnenswert, dass die Beschwerdeführerin C. am 13. Januar 2020 mit Staatsanwalt E. telefoniert habe. Sie habe sich mit ihm über die Eingabe der Gegenpartei unterhalten. Die Beschwerdeführerin habe in Erfahrung bringen wollen, was die Staatsanwaltschaft von dieser Eingabe denke. Anlässlich dieses Telefonats habe der Staatsanwalt die Beschwerdeführerin nicht informiert, dass vor wenigen Tagen eine Einstellungsverfügung ergangen sei. Der Staatsanwalt hätte ohne weiteres merken müssen, dass die Beschwerdeführerin nichts von der Verfügung wisse. Die ordentliche Rechtsmittelfrist wäre zu diesem Zeitpunkt noch nicht abgelaufen gewesen. Dies stelle ein krass treuwidriges Verhalten der Staatsanwaltschaft dar. Bezeichnenderweise habe die Staatsanwaltschaft denn auch keine Aktennotiz von diesem Telefonat erstellt. Auch dieses krass treuwidrige Verhalten der Staatsanwaltschaft dürfe nicht dazu führen, dass den Beschwerdeführern ein Rechtsnachteil erwachse. Die Voraussetzungen für die Nichtanrechnung des Verschuldens des ehemaligen Rechtsvertreters seien vorliegend gegeben: Das Verhalten des ehemaligen Vertreters sei grob fahrlässig gewesen und sei mit den Regeln der Anwaltskunst gänzlich unvereinbar. Die Dokumentenverwaltung und Fristeinhaltung sei eine der wichtigsten Grundlagen der Berufsausübung der Anwälte, in der der ehemalige Vertreter vollständig versagt habe, wie er auch selbst eingestehe. Die Vertretenen hätten diese Fehlleistung selbst weder erkennen können noch hätten sie sie erkennen müssen. Sie hätten mit ihrem Rechtsvertreter noch Kontakt gehabt, wobei dieser noch nichts von der bei ihm eingegangenen Einstellungsverfügung gewusst habe. Sie hätten diesen Missstand auch nicht erkennen müssen, da die Entgegennahme der Korrespondenz die Aufgabe des Rechtsvertreters sei. Insbesondere hätten sie diese Fehlleistungen nicht erkennen müssen und können, da es ihnen gerade als Rechtsanwälte bewusst gewesen sei, dass die Strafbehörden teilweise sehr lange zur Bearbeitung der Strafanzeigen hätten, und die verstrichene Zeit kein Indiz gewesen sei, um sich darum zu sorgen, dass etwas untergegangen sein könnte. So hätten sie auch erst per Zufall in einem Gespräch mit dem Staatsanwalt von der Einstellung erfahren. Eine Schadensersatzleistung des ehemaligen Rechtsvertreters sei aufgrund der Wichtigkeit des Strafverfahrens untauglich, um für Wiedergutmachung zu sorgen. Bei der Strafklage gehe es nicht primär um den Zuspruch von Zivilleistungen, sondern um den Schuldspruch gegen die beschuldigte Person. Dies alles bestätige der ehemalige Rechtsvertreter ohne weiteres. Sein Schuldeingeständnis habe er schriftlich dargelegt. Sodann gebe es gute Gründe, warum das Verschulden des ehemaligen Rechtsvertreters den Parteien nicht angerechnet werden könne. Einerseits sei das Interesse der Beschwerdeführer am Strafverfahren enorm hoch, und andererseits handle es sich hier um eine "quasi" notwendige Verteidigung (resp. Vertretung). Bei den Beschwerdeführern handle es sich selber um Rechtsanwälte. Diese seien in einem anderen Verfahren vom Beschuldigten des Prozessbetrugs bezichtigt worden. Beim vorliegenden Verfahren handle es sich um eine Gegenanzeige. Es entspreche der üblichen Vorgehensweise, dass Rechtsanwälte, welche selbst Partei in einem Verfahren seien, sich dabei von einem Kollegen vertreten liessen, die Selbstvertretung sei lange Zeit sogar standesrechtlich verboten gewesen. Es liege folglich ein Fall der «notwendigen Vertretung» vor. Das ursprüngliche Verschulden treffe die Hilfsperson des ehemaligen Rechtsvertreters, welche das Eintreffen der Einstellungsverfügung dem Rechtsvertreter nach seiner Rückkehr aus den Ferien nicht mitgeteilt habe. Dieser habe das Verschulden selbst nicht erkennen können, habe als Rechtsanwalt gewusst, dass diese Verfahren lange in der Bearbeitung liegen könnten, und habe sich auf seine aufgesetzte Organisation der Posteingangsverwaltung verlassen können. Das Verhalten des Rechtsvertreters bzw. dessen Assistenz könne somit den Beschwerdeführern nicht angerechnet werden. Die Beschwerdeführer treffe folglich klarerweise kein Verschulden an der Säumnis und das Verschulden des ehemaligen Rechtsvertreters sei nicht den Beschwerdeführern anzurechnen. Subsidiär sei auch das Verhalten der Hilfsperson des Rechtsvertreters schon nicht dem Rechtsvertreter anzurechnen. Letztlich könne das Verhalten des ehemaligen Rechtsvertreters den Beschwerdeführern auch aufgrund des Rechtsgrundsatzes von Treu und Glauben im Verkehr mit Behörden nicht angerechnet werden. Wer von einem schweizerischen Rechtsanwalt vor Behörden vertreten werde, dürfe ohne weiteres davon ausgehen, dass dieser die trivialsten Pflichten wie die Entgegennahme einer Verfügung einerseits registriere und andererseits den Vertretenen sofort mitteile. Die Verletzung einer derartigen Pflicht erschüttere nicht nur das Vertrauensverhältnis der involvierten Parteien, sondern vertrage sich mitnichten mit den Pflichten eines Anwalts, der letztlich ein Organ der Justiz darstelle. Ein solch eklatantes Fehlverhalten könne den Beschwerdeführern nicht angerechnet werden.</p><p type="paragraph_mark">7.3.</p><p type="plain_text">Die Staatsanwaltschaft erwidert im Wesentlichen, es handle sich vorliegend nicht um einen Fall einer notwendigen oder amtlichen Verteidigung, sondern um eine gewählte anwaltliche Vertretung von Privatklägern, welche selbst Anwälte sind. Der Beistand eines Anwalts sei für die Privatkläger nicht nötig gewesen. Es bleibe kein Raum, eine Zurechnung der genannten anwaltlichen Verfehlung an die Beschwerdeführer zu verneinen. Inwiefern der Staatsanwaltschaft eine Pflicht zur Erfragung des ordnungsgemässen Empfangs der Einstellungsverfügung zukommen solle, erschliesse sich nicht, zumal die Äusserungen der Beschwerdeführerin C. anlässlich des Telefonats vom 13. Januar 2020 in erster Linie deren Unmut über die Gegenseite zum Ausdruck gebracht hätten. Gerade als Anwältin sei auch der Beschwerdeführerin bekannt, dass Behörden mit anwaltlich vertretenen Parteien nur bei besonderem Anlass direkt kommunizierten. So könne es nicht angehen, dass sich die Staatsanwaltschaft über deren Anwalt hinwegsetzen und einer von drei Parteien quasi mündlich einen Entscheid eröffnen sollte, wiederum verbunden mit einer vorwerfbaren Ungleichbehandlung der Parteien, auch hinsichtlich des Fristenbeginns. Dem Staatsanwalt ein krass treuwidriges Verhalten vorzuwerfen, schiesse mithin weit über das Ziel hinaus.</p><p type="paragraph_mark">7.4.</p><p type="plain_text">Die Rechtsvertreterin des Beschwerdegegners führt im Wesentlichen an, weder die Beschwerdeführer noch der betroffene Rechtsvertreter würden bestreiten, dass ein grobes Verschulden vorliege. Es könne dahingestellt bleiben, ob es sich tatsächlich so zugetragen habe, wie der ehemalige Rechtsvertreter ausführe. Die Beschwerdeführer müssten sich das Verhalten ihres Rechtsvertreters uneingeschränkt anrechnen lassen. Es finde sich in Praxis und Lehre keine einzige Belegstelle, welche eine Ausnahme von diesem Grundsatz für den Rechtsvertreter von Privatklägern unterstützen würde. Auch mangels einer gewichtigen im Raum stehenden Sanktion wäre eine Abweichung vom Grundsatz der Anrechenbarkeit nicht zu rechtfertigen. Die Argumentation der Beschwerdeführer, das Verhalten ihres ehemaligen Rechtsvertreters könne ihnen aufgrund des Rechtsgrundsatzes von "Treu und Glauben im Verkehr mit Behörden" nicht angerechnet werden, sei doch der Anwalt "ein Organ der Justiz", sei nicht nachvollziehbar. Ihr ehemaliger Rechtsvertreter sei nicht als Behördenmitglied oder Justizorgan tätig, sondern in seiner Funktion als privater Rechtsvertreter. Der Grundsatz des berechtigten Vertrauens in behördliches Verhalten komme somit nicht zur Anwendung. Wäre die Argumentation der Beschwerdeführer zutreffend, so könnte das Fehlverhalten eines Rechtsvertreters den Parteien nie zugerechnet werden. Dies stünde in diametralem Widerspruch zur ständigen Rechtsprechung des Bundesgerichts und zur einhelligen Meinung in der Lehre, wonach sich die Partei das Verhalten ihres Rechtsvertreters wie ihr eigenes zurechnen lassen müsse.</p><p type="paragraph_mark">8.</p><p type="paragraph_mark">8.1.</p><p type="plain_text">Eine Gutheissung des Wiederherstellungsgesuchs setzt voraus, dass den Beschwerdeführer an der Säumnis kein Verschulden trifft (vgl. Riedo, a.a.O. Art. 94 N 32). Allgemein wird man voraussetzen müssen, dass es dem Betroffenen in seiner konkreten Situation unmöglich war, die fragliche Frist zu wahren oder mit der Fristwahrung einen Dritten zu betrauen. Verlangt ist also klare Schuldlosigkeit. Jedes noch so geringfügige Verschulden, auch blosse Fahrlässigkeit, schliesst im Interesse eines geordneten Rechtsgangs, der Verfahrensdisziplin und der Rechtssicherheit die Wiederherstellung aus. Es gilt ein strenger Massstab (vgl. Riedo, a.a.O., Art. 94 N 35; Brüschweiler, a.a.O., Art. 94 N 2; Urteil des Bundesgerichts 6F_15/2013 vom 29. Oktober 2013 E. 2.1). Wer sich zur Erfüllung einer Aufgabe einer Hilfsperson bedient oder gar einen Vertreter mit der Wahrung seiner Interessen betraut, muss sich dessen Verhalten in sämtlichen Fällen der freiwilligen Rechtsvertretung im Regelfall wie sein eigenes anrechnen lassen (vgl. Riedo, a.a.O., Art. 94 N 44, 55 f.; Brüschweiler, a.a.O., Art. 94 N 3; vgl. BGE 143 I 281, Pra 107 (2018) Nr. 34, E. 1.3). Wenn sich ein Rechtsvertreter einer Hilfsperson, z.B. einer mitarbeitenden Person der Kanzlei, bedient, wird das Verschulden dieser Hilfsperson dem Rechtsvertreter angerechnet. Von Anwälten wird nämlich verlangt, dass sie unter anderem ihre Kanzlei und den Arbeitsablauf so organisieren, dass sie in der Lage sind, Fristen zu wahren (vgl. Brüschweiler, a.a.O., Art. 94 N 3; Oberholzer, Grundzüge der Strafprozessordnung, 3. Auflage, 2012, N 1317). Im Allgemeinen stellt ein Versagen der internen Organisation eines Anwalts keine nicht schuldhafte Verhinderung dar, welche eine Wiederherstellung der Frist rechtfertigt (vgl. BGE 143 I 281, Pra 107 (2018) Nr. 34, E. 1.3). So ist die Entgegennahme eines Entscheids durch die dazu bevollmächtigte Hilfsperson des Rechtsvertreters vorbehaltlos diesem zuzurechnen. Ebenfalls stellt nach bundesgerichtlicher Rechtsprechung zum Beispiel die Ablage einer Verfügung in die Akten eines anderen Mandanten durch die Assistenz des Rechtsvertreters des Beschwerdeführers kein unverschuldeter Hinderungsgrund dar, welcher zu einer Wiederherstellung der Frist führen könnte. Daran ändert auch der Umstand nichts, dass die Kanzlei des Rechtsvertreters sorgfältig und sachgerecht organisiert und der Anwalt seine Mitarbeiterin sorgfältig ausgewählt, ausreichend instruiert und überwacht haben soll (vgl. Urteile des Bundesgerichts 2C_177/2019 vom 22. Juli 2019 E. 4.3; 6F_15/2013 vom 29. Oktober 2013 E. 2.3; BGE 143 I 281, Pra 107 (2018) Nr. 34, E. 2.1; Riedo, a.a.O., Art. 94 N 58 ff.). Eine Ausnahme vom Grundsatz, wonach ein Fehler des Anwalts bzw. dessen Hilfsperson dem Mandanten zuzurechnen ist und kein unverschuldete Säumnis darstellt, besteht nach bundesgerichtlicher Rechtsprechung einzig im Rahmen einer notwendigen Verteidigung in einem Strafverfahren. Diese Ausnahme lässt sich dadurch rechtfertigen, dass im Rahmen der notwendigen Verteidigung die beschuldigte Person verpflichtet ist, sich vertreten zu lassen, so dass ihr auch nicht zugemutet werden kann, sich sämtliche Fehler ihres Rechtsvertreters zurechnen zu lassen (vgl. Urteil des Bundesgerichts 2C_177/2019 vom 22. Juli 2019 E. 4.2; vgl. Brüschweiler, a.a.O., Art. 94 N 3).</p><p type="paragraph_mark">8.2.</p><p type="plain_text">Vorliegend räumt der ehemalige Rechtsvertreter der Beschwerdeführer selbst ein, er sei sich bewusst, dass die Unterlassung - nämlich die Ablage der Einstellungsverfügung vom 3. Januar 2020 durch die Kanzleiangestellte ins Mandantendossier ohne Orientierung an den Rechtsvertreter – ein grobes (Organisations-)Verschulden von seiner Seite darstelle. Das Säumnis ist demnach nicht unverschuldet. Dieses Verschulden ist den Beschwerdeführern nach bundesgerichtlicher Praxis als eigenes anzurechnen, womit auch offenbleiben kann, inwiefern sie sich selbst um den Verbleib der Einstellungsverfügung hätten sorgen müssen oder dürfen. Es wäre den Beschwerdeführern freigestanden, sich über ihren damaligen Rechtsvertreter bei der Staatsanwaltschaft über den Verfahrensstand zu informieren, was jedoch nicht erfolgte. Der Staatsanwaltschaft kann kein treuwidriges Verhalten vorgeworfen werden: So durfte sie doch zum Zeitpunkt des Telefonanrufs der Beschwerdeführerin vom 13. Januar 2020 davon ausgehen bzw. konnte sich mit der Prüfung der Sendungsnachverfolgung bei der Post vergewissern, dass die Sendung vom 3. Januar 2020 der Kanzlei des Rechtsvertreters der Beschwerdeführer zugestellt worden ist  und entsprechend die Beschwerdeführer über die Einstellungsverfügung informiert worden seien. Inwiefern die Staatsanwaltschaft ohne weiteres hätte merken müssen, weshalb die Beschwerdeführerin nichts von dieser Verfügung gewusst hätte, wird nicht begründet und ist auch nicht erkennbar. Zudem sind vorliegend keine Gründe erkennbar, weshalb von der bundesgerichtlichen Rechtsprechung, einzig bei notwendiger Verteidigung könne in gewissen Fällen eine Ausnahme von der Anrechnung des Fehlers des Anwalts bzw. dessen Hilfsperson an den Mandanten angenommen werden, abgewichen werden solle. So waren die Beschwerdeführer als Privatkläger nicht verpflichtet, sich durch einen Berufskollegen vertreten zulassen. Auch dem im Gesuch erwähnten Entscheid des Bundesgerichts 6B_768/2007 vom 27. Juni 2008 kann nicht entnommen werden, dass diese Ausnahme auch auf Privatkläger ausgedehnt werden sollte, zumal damals ein Beschuldigter beim Bundesgericht Beschwerde führte. Das Gesuch um Wiederherstellung der Beschwerdefrist der Einstellungsverfügung der Staatsanwaltschaft vom 3. Januar 2020 ist folglich abzuweisen und auf die Beschwerde ist nicht einzutreten. (…) Kantonsgericht Appenzell I.Rh., Kommission für Entscheide in Strafsachen, Entscheid KSE 4-2020 vom 26. Juni 2020</p></body></text>