<?xml version='1.0' encoding='UTF-8'?>
<text id="BE_AK_001_AA-2020-136_2021-02-04" author="" page="1-10" title="Bern Kantonale Anwaltsaufsichtsbehörde 04.02.2021 AA 2020 136" source="https://entscheidsuche.ch" topics="Bern Kantonale Anwaltsaufsichtsbehörde" subtopics="" language="de" date="2021-02-04" description="Verletzung des Berufsgeheimnisses (Art. 13 BGFA); Prüfung und Verneinung der Löschung von Amtes wegen aus dem Anwaltsregister (Art. 8 Abs. 1 lit. b i.V.m. Art. 9 BGFA | Der Rechtsanwalt verletzte die Pflicht zur Wahrung des Berufsgeheimnisses gemäss Art. 13 BGFA, indem er im Rahmen eines Betreibungsgesuchs diverse Dokumente (wie die detaillierte Rechnung, Anwaltsvollmacht, Gesuch um Befreiung vom Anwaltsgeheimnis sowie die Stellungnahme seines vormaligen Mandanten im Verfahren betreffend Befreiung vom An-waltsgeheimnis) an die Betreibungsbeamtin weitergeleitet hat.\r\nDer Disziplinarbeklagte wurde mit rechtskräftigem Strafbefehlt wegen Verletzung des Be-rufsgeheimnisses schuldig erklärt. Eine Verletzung der Geheimhaltungspflicht - als funda-mentale Berufspflicht - wiegt grundsätzlich schwer, aufgrund der konkreten Umstände ist vorliegend von einer mittelschweren Verletzung auszugehen. In Anbetracht der gesamten Umstände bewirkt die Verurteilung des Disziplinarbeklagten keine Unvereinbarkeit mit dem Anwaltsberuf i.S.v. Art. 8 Abs. 1 lit. b i.V.m. Art. 9 BGFA, die eine Löschung im Anwaltsregister zu rechtfertigen vermöchte.\x3Cbr\x3E" type="BE_AK_001" file="BE_AK_001_AA-2020-136_2021-02-04.pdf" year="2021" decade="2020"><body><p type="plain_text">Briefkopf Obergericht des Kantons Bern Anwaltsaufsichtsbehörde Cour suprême du canton de Berne Autorité de surveillance des avocats Entscheid AA 20 136 Hochschulstrasse 17 Postfach 3001 Bern Telefon +41 31 635 48 05 anwaltsaufsicht.bern@justice.be.ch www.justice.be.ch/obergericht Bern, 4. Februar 2021</p><p type="plain_text">Besetzung Oberrichter Studiger (Präsident), Rechtsanwalt Prof. Dr. Stalder (Referent), Oberrichter D. Bähler, Fürsprecherin Marti, Gerichtspräsidentin Zürcher, Gerichtsschreiberin Spielmann Verfahrensbeteiligte Staatsanwaltschaft Bern-Mittelland, Hodlerstrasse 7, 3011 Bern Anzeigerin gegen A.________Disziplinarbeklagter Gegenstand Disziplinarverfahren Anzeige vom 30. Juni 2020 Regeste: Verletzung des Berufsgeheimnisses (Art. 13 BGFA); Prüfung und Verneinung der Löschung von Amtes wegen aus dem Anwaltsregister (Art. 8 Abs. 1 lit. b i.V.m. Art. 9 BGFA Der Rechtsanwalt verletzte die Pflicht zur Wahrung des Berufsgeheimnisses gemäss Art. 13 BGFA, indem er im Rahmen eines Betreibungsgesuchs diverse Dokumente (wie die detaillierte Rechnung, Anwaltsvollmacht, Gesuch um Befreiung vom Anwaltsgeheimnis sowie die Stellungnahme seines vormaligen Mandanten im Verfahren betreffend Befreiung vom Anwaltsgeheimnis) an die Betreibungsbeamtin weitergeleitet hat. Der Disziplinarbeklagte wurde mit rechtskräftigem Strafbefehlt wegen Verletzung des Berufsgeheimnisses schuldig erklärt. Eine Verletzung der Geheimhaltungspflicht – als fundamentale Berufspflicht – wiegt grundsätzlich schwer, aufgrund der konkreten Umstände ist vorliegend von einer mittelschweren Verletzung auszugehen. In Anbetracht der gesamten Umstände bewirkt die Verurteilung des Disziplinarbeklagten keine Unvereinbarkeit mit dem Anwaltsberuf i.S.v. Art. 8 Abs. 1 lit. b i.V.m. Art. 9 BGFA, die eine Löschung im Anwaltsregister zu rechtfertigen vermöchte. Erwägungen: I. Sachverhalt</p><p type="paragraph_mark">1.</p><p type="plain_text">Die Staatsanwaltschaft des Kantons Bern, Region-Mittelland (nachfolgend Anzeigerin) teilte der Anwaltsaufsichtsbehörde des Kantons Bern den Strafbefehl vom 30. Juni 2020 in der Strafsache gegen A.________ (nachfolgend Disziplinarbeklagter) im Verfahren BM 20 9558 mit. Die Anzeigerin erklärte den Disziplinarbeklagten darin schuldig wegen Verletzung des Berufsgeheimnisses, indem er der Betreibungsbeamtin des Betreibungsamts Pfäffikon/ZH mit E-Mails vom 4. Juni 2019 sowie 27. Juni 2019 diverse Unterlagen zustellte, mit denen er in Kauf nahm, Geheimnisse, die ihm von einem Mandanten infolge des Mandatsverhältnisses anvertraut worden waren, zu offenbaren. Sie bestrafte ihn mit einer Geldstrafe von 25 Tagessätzen zu je CHF 270.00, ausmachend CHF 6'750.00. Der Vollzug der Geldstrafe wurde unter Ansetzung einer Probezeit von 2 Jahren aufgeschoben.</p><p type="paragraph_mark">2.</p><p type="plain_text">Mit Schreiben vom 9. Juli 2020 setzte der Präsident der Anwaltsaufsichtsbehörde dem Disziplinarbeklagten Frist zur Einreichung einer kurzen Stellungnahme zu den gegen ihn erhobenen Vorwürfen.</p><p type="paragraph_mark">3.</p><p type="plain_text">Innert angesetzter Frist reichte der Disziplinarbeklagte am 29. Juli 2020 eine Stellungnahme ein. Er anerkannte den im Strafbefehl umschriebenen objektiven Tatbestand und führte aus, dass er zu keinem Zeitpunkt die Absicht gehabt habe, das Berufsgeheimnis gegenüber seinem Klienten B.________ zu verletzen. Die betreffenden E-Mails habe er nur deshalb an die Betreibungsbeamtin gesendet, weil er den von ihm geforderten Nachweis gemäss Art. 8a Abs. 3 lit. d des Bundesgesetzes vom 11. April 1889 über Schuldbetreibung und Konkurs (SchKG; SR 281.1) gegenüber einer dem Amtsgeheimnis unterliegenden Behörde habe erbringen wollen. Er sei davon ausgegangen, dass er diese Unterlagen gegenüber einer dem Amtsgeheimnis unterstehenden Amtsperson offenbaren dürfe und dass er einer Mitwirkungspflicht nachzukommen habe.</p><p type="paragraph_mark">4.</p><p type="plain_text">Mit Verfügung vom 11. August 2020 nahm und gab der Präsident der Anwaltsaufsichtsbehörde des Kantons Bern Kenntnis von der Meldung in Form eines Strafbefehls der Anzeigerin vom 30. Juni 2020 und der Stellungnahme des Disziplinarbeklagten vom 29. Juli 2020. Er stellte weiter fest, dass der Disziplinarbeklagte im Anwaltsregister des Kantons Bern eingetragen sei und somit der durch die Anwaltsaufsichtsbehörde des Kantons Bern ausgeübten Aufsicht im Sinne von Art. 14 des Bundesgesetzes vom 23. Juni 2000 über die Freizügigkeit der Anwältinnen und Anwälte (BGFA; SR 935.61) i.V.m. Art. 12 des Kantonalen Anwaltsgesetzes vom 28. März 2006 (KAG; BSG 168.11) unterstehe. Gegen den Disziplinarbeklagten wurde ein Disziplinarverfahren wegen möglicher Verletzung von Art. 13 BGFA eröffnet.</p><p type="paragraph_mark">5.</p><p type="plain_text">Mit Schreiben vom 24. August 2020 teilte die Anzeigerin mit, dass der im Verfahren BM 20 9558 ergangene Strafbefehl in Rechtskraft erwachsen ist. Zudem ersuchte die Anzeigerin um Mitteilung über Art und Erledigung des Disziplinarverfahrens.</p><p type="paragraph_mark">6.</p><p type="plain_text">Mit Eingabe vom 2. September 2020 nahm der Disziplinarbeklagte zu den gegen ihn erhobenen Vorwürfen erneut Stellung.</p><p type="paragraph_mark">7.</p><p type="plain_text">Mit Verfügung vom 8. September 2020 hat der Präsident der Anwaltsaufsichtsbehörde Kenntnis von der Stellungnahme des Disziplinarbeklagten vom 2. September 2020 genommen und RA Prof. Dr. Beat Stalder zum Referenten ernannt. Die Verfahrensakten AA 19 81 betreffend Gesuch um Entbindung vom Berufsgeheimnis wurden zu den Verfahrensakten erkannt. Weitere Beweismassnahmen wurden nicht getroffen. II. Erwägungen A) Zuständigkeit</p><p type="paragraph_mark">8.</p><p type="plain_text">Der Disziplinarbeklagte ist im Anwaltsregister des Kantons Bern eingetragen. Die sachliche, örtliche und funktionelle Zuständigkeit der Anwaltsaufsichtsbehörde des Kantons Bern ist gestützt auf Art. 14 BGFA in Verbindung mit Art. 12 Abs. 1 lit. b KAG gegeben. Die Anwaltsaufsichtsbehörde hat in dem gegen den Disziplinarbeklagten eröffneten Disziplinarverfahren zu beurteilen, ob dieser gegen die in Art. 13 BGFA verankerte Pflicht zur Wahrung des Berufsgeheimnisses verstossen hat. B) Zur Frage der Berufsgeheimnisverletzung</p><p type="paragraph_mark">1.</p><p type="plain_text">Pflicht zur Wahrung des Berufsgeheimnisses (Art. 13 BFGA) im Allgemeinen</p><p type="paragraph_mark">9.</p><p type="plain_text">Gemäss Art. 13 BGFA unterstehen Anwältinnen und Anwälte zeitlich unbegrenzt und gegenüber jedermann dem Berufsgeheimnis über alles, was ihnen infolge ihres Berufs von ihrer Klientschaft anvertraut worden ist (vgl. auch Art. 321 des Schweizerischen Strafgesetzbuches vom 31. Dezember 1937 [StGB; SR 311.0]). Die Entbindung berechtigt sie, verpflichtet sie aber nicht zur Preisgabe von Anvertrautem.</p><p type="paragraph_mark">10.</p><p type="plain_text">Gegenstand des durch Art. 13 BGFA (sowie auch Art. 321 StGB) geschützten anwaltlichen Berufsgeheimnisses sind vertrauliche Informationen des Klienten, an denen dieser sowohl ein berechtigtes Interesse an der Geheimhaltung als auch den erkennbaren diesbezüglichen Willen hat (WALTER FELLMANN, Anwaltsrecht,</p><p type="paragraph_mark">2.</p><p type="plain_text">Auflage, 2017, Rz. 542 und 614 ff.). Unter die Geheimhaltungspflicht fallen nach herrschender Auffassung über den zu engen Gesetzeswortlaut hinaus nicht nur, was der Klient seinem Anwalt anvertraut, sondern alles, was der Anwalt im Hinblick auf, im Zusammenhang mit oder im Nachgang zu einem Mandat wahrnimmt (vgl. HANS NATER / GAUDENZ G. ZINDEL, in: FELLMANN/ZINDEL, Kommentar zum Anwaltsgesetz, Zürich 2011, Art. 13 N 97 f.; WALTER FELLMANN, a.a.O., Rz. 614 ff. m.w.H.). Die Tathandlung des Disziplinartatbestandes von Art. 13 BGFA ist wesentlich weiter gefasst als jene des Straftatbestandes von Art. 321 StGB. Bei Art. 321 StGB handelt es sich um ein Antragsdelikt, das nur bei Vorsatz bestraft wird. Eine Verletzung der Berufsregel zum Schutz des Berufsgeheimnisses nach Art. 13 BGFA kann demgegenüber auch bei blosser Fahrlässigkeit bzw. sogar schon präventiv bei ernsthafter Gefährdung disziplinarisch geahndet werden (WALTER FELLMANN, a.a.O., Rz. 535 und Rz. 626).</p><p type="paragraph_mark">11.</p><p type="plain_text">Zu den Tatsachen, welche unter den Schutz des Anwaltsgeheimnisses fallen, gehört schon der Umstand des Bestehens eines Mandats zwischen dem Rechtsanwalt und seinem Klienten (HANS NATER / GAUDENZ G. ZINDEL, a.a.O., Art. 13 N 86 und N 107). Deshalb setzt die klageweise Einforderung einer Honorarforderung praxisgemäss eine vorgängige Befreiung des Anwalts von seiner Schweigepflicht voraus (vgl. BGer 2C_1127/2013 vom 7. April 2014, E. 3.1 m.w.H.). Eine Ausnahme gilt einzig insoweit, als Inkassomassnahmen ohne Offenlegung geheimhaltungspflichtiger Sachverhalte möglich sind, wie dies in einem Betreibungsbegehren, wo als Forderungsgrund bloss «Rechnung vom ...» angegeben werden kann, der Fall ist (vgl. AA 2013 102 vom 19. Februar 2014, E. 7.2).</p><p type="paragraph_mark">2.</p><p type="plain_text">Verletzung des Berufsgeheimnisses im vorliegenden Fall</p><p type="paragraph_mark">12.</p><p type="plain_text">B.________ mandatierte die Kanzlei C.________ am 3. September 2018 mit der Vertretung seiner rechtlichen Interessen im Zusammenhang mit einem Strafverfahren. Mit Begehren vom 18. Februar 2019 reichte der Disziplinarbeklagte ein Betreibungsgesuch gegen B.________ für die Durchsetzung der offenen Honorarrechnung vom 17. Dezember 2018 über CHF 3'426.90 ein. Mit Schreiben vom 28. Mai 2019 wurde der Disziplinarbeklagte vom Betreibungsamt Pfäffikon/ZH über das Gesuch von B.________ um Nichtbekanntgabe dieser Betreibung im Betreibungsregister informiert und aufgefordert mitzuteilen, ob bezüglich dieser Betreibung ein Verfahren zur Beseitigung des Rechtsvorschlags eingeleitet worden sei. Der Disziplinarbeklagte stellte in der Folge dem Betreibungsamt Pfäffikon/ZH am 4. Juni 2019 eine E-Mail zu, welcher er sein Gesuch um Entbindung vom Anwaltsgeheimnis vom 6. Mai 2019 (AA 19 81), die Anwaltsvollmacht vom 3. September 2018 sowie die detaillierte Rechnung vom 17. Dezember 2018, die Verfügung der Anwaltsaufsichtsbehörde vom 31. Mai 2019 betreffend Fristerstreckungsgesuch sowie das Fristverlängerungsgesuch von B.________ vom 28. Mai 2019 anhängte. Am 27. Juni 2019 stellte der Disziplinarbeklagte dem Betreibungsamt eine weitere E-Mail zu, welcher er die Verfügung der Anwaltsaufsichtsbehörde vom 25. Juni 2019 betreffend Fristansetzung zur Stellungnahme sowie die Stellungnahme von B.________ zum Gesuch um Entbindung vom Anwaltsgeheimnis vom 14. Juni 2019 mit zahlreichen Beilagen aus dem Mandatsverhältnis mit dem Disziplinarbeklagten anhängte.</p><p type="paragraph_mark">13.</p><p type="plain_text">Der Disziplinarbeklagte führte aus, dass er zu keinem Zeitpunkt die Absicht gehabt habe, das gegenüber B.________ geltende Berufsgeheimnis zu verletzen. Die betreffenden E-Mails habe er an die Betreibungsbeamtin gesendet, weil diese von ihm einen Nachweis gemäss Art. 8a Abs. 3 lit. d SchKG verlangt habe. Die beiden E-Mails habe er kurz nach resp. während zweier Telefongespräche mit der Betreibungsbeamtin gesendet. Er habe sich dazu aus zwei Gründen hinreissen lassen. Erstens sei er anlässlich dieser Telefongespräche, welchen ein gewisses Überrumpelungsmoment innewohnte, davon ausgegangen, dass er ihr diese Dokumente offenbaren dürfe, da die Betreibungsbeamtin dem Amtsgeheimnis unterstehe. Zweitens sei er davon ausgegangen, ihr gegenüber einer Mitwirkungspflicht nachkommen zu müssen. Ihm sei eine Unsorgfältigkeit unterlaufen, welche er auch mit seinen eigenen Ansprüchen an die Qualität der Berufsausübung nicht vereinbaren könne und welche er mit dem Strafbefehl als hoffentlich einmalige Lektion verstanden habe.</p><p type="paragraph_mark">14.</p><p type="plain_text">Durch die Weitergabe dieser Dokumente offenbarte der Disziplinarbeklagte Geheimnisse, die ihm vom Mandanten infolge des Mandatsverhältnisses anvertraut worden waren. Konkret wurde nicht nur das Bestehen, sondern auch der Gegenstand des Mandats (detaillierte Rechnung sowie Verfahren betreffend Gesuch um Entbindung vom Anwaltsgeheimnis [AA 19 81]) genannt. Da das Geheimnis gegenüber jedermann, also auch gegenüber Gerichts- oder Betreibungsbehörden gilt, stellt dies eine Verletzung von Art. 13 BGFA dar, soweit die Bekanntgabe nicht infolge Entbindung durch den Klienten oder durch die Aufsichtsbehörde gerechtfertigt ist.</p><p type="paragraph_mark">15.</p><p type="plain_text">Eine Entbindung durch den Klienten ist nicht erfolgt. Im Gegenteil, dieser hat sich einer Entbindung widersetzt (Verfahren AA 19 81). Gemäss Art. 37 ff. KAG kann die Anwältin oder der Anwalt die Anwaltsaufsichtsbehörde um Befreiung vom Berufsgeheimnis ersuchen, wenn die Auftraggeberin oder der Auftraggeber die Einwilligung nicht erteilt oder diese nicht eingeholt werden kann.</p><p type="paragraph_mark">16.</p><p type="plain_text">Bei der Entbindung vom Anwaltsgeheimnis durch die Aufsichtsbehörde ist gestützt auf die konkreten Umstände des Einzelfalles eine Interessenabwägung zwischen Geheimhaltung und Offenbarung vorzunehmen. In Fällen, wo es um die Durchsetzung von Honoraransprüchen des Anwalts gegenüber seinem Klienten geht, wird diese Entbindung nach konstanter Praxis der Kantone in der Regel ohne Weiteres erteilt, da das Interesse an der Durchsetzung der Honoraransprüche dem Interesse des Klienten an der Geheimhaltung grundsätzlich vorgeht, weil sonst der Anwalt generell schlechter gestellt wäre als andere Beauftragte (vgl. AA 2013 102 vom 19. Februar 2014, E. 7.7 m.w.H.).</p><p type="paragraph_mark">17.</p><p type="plain_text">Ein Gesuch um Entbindung vom Anwaltsgeheimnis war im Zeitpunkt der Weiterleitung der Unterlagen hängig, jedoch noch nicht abgeschlossen. Nach konstanter Praxis gilt, dass die Befreiung nicht rückwirkend erteilt wird. Bereits erfolgte Verletzungen werden durch die nachträgliche Befreiung damit grundsätzlich nicht zu rechtmässigen (vgl. AA 2013 102 vom 19. Februar 2014, E.</p><p type="paragraph_mark">7.6</p><p type="plain_text">m.w.H.). Der Disziplinarbeklagte kann sich somit nicht auf einen Rechtfertigungsgrund berufen. Überdies wurde das Verfahren betreffend Entbindung vom Anwaltsgeheimnis mit Verfügung vom 28. Juli 2019 als gegenstandslos abgeschrieben (Verfahren AA 19 81).</p><p type="paragraph_mark">18.</p><p type="plain_text">Der Disziplinarbeklagte geht auch fehl, wenn er sich auf die Mitwirkungspflicht gemäss SchKG beruft. Eine gesetzliche Pflicht zur Herausgabe von Akten besteht in vorliegender Konstellation nicht. Art. 8 Abs. 3 lit. d SchKG führt nicht zu einer Umgehung des Berufsgeheimnisses. Aufgrund der Verschwiegenheitspflicht des Anwalts ist die Mitwirkungsverweigerung nicht bloss als Recht, sondern auch als Pflicht des Anwalts zu verstehen (HANS NATER / GAUDENZ G. ZINDEL, a.a.O., Art. 13 N 180). Der Disziplinarbeklagte kann sich mittels Berufung auf Art. 8 Abs. 3 lit. d SchKG nicht vom Berufsgeheimnis befreien.</p><p type="paragraph_mark">19.</p><p type="plain_text">Aus dem Gesagten folgt, dass der Disziplinarbeklagte die Pflicht zur Wahrung des Berufsgeheimnisses gemäss Art. 13 BGFA verletzt hat, indem er diverse Dokumente wie die detaillierte Rechnung, Anwaltsvollmacht, Gesuch um Entbindung vom Anwaltsgeheimnis sowie die Stellungnahme seines vormaligen Mandanten im Verfahren betreffend Entbindung vom Anwaltsgeheimnis an die Betreibungsbeamtin weitergeleitet hat.</p><p type="paragraph_mark">3.</p><p type="plain_text">Sanktionen</p><p type="paragraph_mark">20.</p><p type="plain_text">Gemäss Art. 17 Abs. 1 BGFA kann die Anwaltsaufsichtsbehörde bei der Verletzung von Art. 13 BGFA als Disziplinarmassnahme eine Verwarnung, einen Verweis, eine Busse bis zu CHF 20'000, ein befristetes Berufsausübungsverbot für längstens zwei Jahre oder ein dauerndes Berufsausübungsverbot anordnen, allenfalls verbunden mit einer Busse.</p><p type="paragraph_mark">21.</p><p type="plain_text">Disziplinarsanktionen sind nach dem Verhältnismässigkeitsprinzip zu bemessen. Massgebend sind die Schwere des Verstosses, das Mass des Verschuldens sowie das berufliche Vorleben des Anwalts. Die Schwere der Sanktion hat sich überdies an ihrem Zweck zu orientieren; dieser besteht neben der Wahrung der Disziplin innerhalb des Berufsstandes insbesondere darin, den fehlbaren Anwalt zu einem in Zukunft standeskonformen Verhalten zu veranlassen (TOMAS POLEDNA, in: FELLMANN/ZINDEL, Kommentar zum Anwaltsgesetz, 2011, Art. 17 N 15 und 23ff.).</p><p type="paragraph_mark">22.</p><p type="plain_text">Die Verletzung des Berufsgeheimnisses wiegt normalerweise schwer, zählt dieses doch zu den fundamentalen Berufspflichten. Es ist ein unerlässlicher Baustein des Rechtsstaats und bildet ein «Markenzeichen des Anwalts und der Anwältin» (HANS NATER / GAUDENZ G. ZINDEL, a.a.O., Art. 13 N 1f., m.w.H., AA 2013 102 vom 19. Februar 2014, E. 10.2). Im Sinn einer Relativierung ist vorliegend in Anschlag zu bringen, dass die Offenlegung nicht gegenüber beliebigen Dritten erfolgte, sondern gegenüber einer dem Amtsgeheimnis unterstehenden Behörde (was sie aber noch nicht zur rechtmässigen werden lässt; vorne Rz. 14). Zum andern wurden gegenüber dem Betreibungsamt nicht besonders heikle Sachverhalte über den Inhalt des Mandatsverhältnisses mit B.________ wie etwa detaillierte Informationen über die diesem zur Last gelegten Delikte oder diesbezügliche ergangene Urteile offengelegt, sondern lediglich – aber immerhin – Informationen über das Bestehen eines Mandatsverhältnisses als solches, der allgemein umrissene Gegenstand sowie Angaben zum Verfahren um Entbindung vom Berufsgeheimnis. Erschwerend wirkt sich aus, dass der Disziplinarbeklagte – freilich derselben Fehleinschätzung der Rechtslage unterliegend – das Berufsgeheimnis mehrfach verletzt hat, indem er dem Betreibungsamt zweimalig Aufschluss über das Mandat und teilweise über seinen Inhalt erteilt hat. In Würdigung der gesamten Umstände geht die Anwaltsaufsichtsbehörde in objektiver Hinsicht von einer mittelschweren Verletzung des Berufsgeheimnisses aus (vgl. AA 11 185 vom 21. März 2013, E. 13).</p><p type="paragraph_mark">23.</p><p type="plain_text">In subjektiver Hinsicht hat der Disziplinarbeklagte in Kauf genommen, dass er Berufsgeheimnisse offenbart, was umso erstaunlicher ist, als ihm aufgrund des bei der Anwaltsaufsichtsbehörde zuvor gestellten Gesuchs um Entbindung vom Berufsgeheimnis sowohl die Geheimhaltungspflicht als solche als auch die damit verbundenen Rechte und Pflichten bewusst sein mussten. Zwar macht der Disziplinarbeklagte geltend, im Überraschungsmoment gehandelt zu haben. Weiter sei er davon ausgegangen, dass er einer Person, die selbst dem Amtsgeheimnis unterstehe, diese Dokumente hätte offenbaren dürfen bzw. er einer Mitwirkungspflicht nachkommen musste. Dies vermag ihn jedoch nicht zu entlasten. Bei Konsultation der einschlägigen Literatur sowie der Praxis der Aufsichtsbehörden und des Bundesgerichts hätte es ihm ohne weiteres klarwerden müssen, dass die Weiterleitung von solchen Unterlagen an ihrerseits dem Amtsgeheimnis unterstehende Personen unter das Berufsgeheimnis fallen. Ebenso hätte er erkennen müssen, dass keine Mitwirkungspflicht für die Herausgabe solcher Dokumente ohne vorgängige Entbindung vom Berufsgeheimnis besteht. Insgesamt hat es der Disziplinarbeklagte an der erforderlichen Sorgfalt fehlen lassen.</p><p type="paragraph_mark">24.</p><p type="plain_text">Der Disziplinarbeklagte hat sich bisher klaglos verhalten. Zudem ist er einsichtig. Angesichts der dargelegten objektiven und subjektiven Elemente der Berufsgeheimnisverletzung geht die Anwaltsaufsichtsbehörde von einem mittelschweren Fall aus. Sie erachtet in Würdigung aller Umstände gestützt auf Art. 17 Abs. 1 Bst. c BGFA eine Busse von CHF 2'000.00 als angemessen. C) Zur Frage der Löschung von Amtes wegen aus dem Anwaltsregister (Art. 8 Abs. 1 lit. b i.V.m. Art. 9 BGFA)</p><p type="paragraph_mark">25.</p><p type="plain_text">Anwältinnen und Anwälte, die eine der Voraussetzungen für den Registereintrag nicht mehr erfüllen, werden im Register gelöscht (Art. 9 BGFA). Art. 8 BGFA listet die persönlichen Bedingungen auf, die der Anwalt erfüllen muss, um im kantonalen Register eingetragen zu werden. Darunter fällt gemäss Art. 8 Abs. 1 lit. b BGFA das Erfordernis, dass keine strafrechtliche Verurteilung wegen Handlungen vorliegen darf, die mit dem Anwaltsberuf nicht zu vereinbaren sind, es sei denn, diese Verurteilung erscheine nicht mehr im Strafregisterauszug für Privatpersonen.</p><p type="paragraph_mark">26.</p><p type="plain_text">Ob eine bestimmte Handlung mit dem Anwaltsberuf zu vereinbaren ist oder nicht, entscheidet sich aufgrund der konkreten Tatumstände. Im Vordergrund stehen Verurteilungen wegen Vermögensdelikten wie Betrug, Veruntreuung, Diebstahl, Raub, Erpressung, ungetreue Geschäftsbesorgung und Steuerdelikte (ERNST STAEHELIN / CHRISTIAN OETIKER, in: FELLMANN/ZINDEL, Kommentar zum Anwaltsgesetz, 2011, Art. 8 N 20). Beim Entscheid, ob die Taten, die zu einer Verurteilung des Anwalts führten, mit dem Anwaltsberuf vereinbar sind oder nicht, verfügt die Aufsichtsbehörde über einen weiten Ermessensspielraum. In diesem Rahmen ist sie gehalten, die Verhältnismässigkeit zu beachten. So müssen Taten einer gewissen Schwere vorliegen, so dass ein vernünftiges Verhältnis zur Löschung im Register besteht (BGE 137 II 425 in Pra 101 (2012) Nr. 48, E. 6.1 m.w.H., BGE 129 I 35, E. 10.2, BGE 106 Ia 100, E. 13c). Liegt eine Verurteilung wegen mit dem Anwaltsberuf nicht vereinbarenden Taten vor, muss die zuständige Behörde gemäss Art. 9 BGFA die Löschung vornehmen, ohne dass sie noch über irgendeinen Ermessensspielraum verfügt (BGer 2C_119/2010 vom 1. Juli 2010, E. 3).</p><p type="paragraph_mark">27.</p><p type="plain_text">Mit rechtskräftigem Strafbefehl vom 30. Juni 2020 wurde der Disziplinarbeklagte wegen Verletzung des Berufsgeheimnisses schuldig erklärt. Die Staatsanwaltschaft kam zum Schluss, dass der Disziplinarbeklagte mindestens in Kauf nahm, Geheimnisse, die ihm durch seinen früheren Mandanten infolge des Mandatsverhältnisses anvertraut worden sind, zu offenbaren. Eine Verletzung des Berufsgeheimnisses ist ein Vergehen (Art. 321 Abs. 1 i.V.m. Art. 10 StGB). Da eine bedingte Geldstrafe ausgesprochen wurde, ist die Verurteilung im Strafregister einzutragen (Art. 366 Abs. 2 lit. a StGB). Sie erscheint somit erst nach Ablauf der Probezeit von zwei Jahren nicht mehr im Strafregisterauszug für Privatpersonen (Art. 371 Abs. 3bis StGB).</p><p type="paragraph_mark">28.</p><p type="plain_text">Die Geheimhaltungspflicht gehört zu den fundamentalen Berufspflichten (vgl. vorne Rz. 22). Eine Verletzung wiegt deshalb grundsätzlich schwer und ist geeignet, das nötige Vertrauen der Rechtssuchenden und der Öffentlichkeit in den Anwaltsberuf zu zerstören. Aufgrund der konkreten Umstände ist vorliegend von einer mittelschweren Verletzung auszugehen (vorne Rz. 20 ff.). Der Disziplinarbeklagte hat sich bis anhin nichts zu Schulden kommen lassen und zeigt sich einsichtig. In Anbetracht der gesamten Umstände bewirkt die Verurteilung des Disziplinarbeklagten keine Unvereinbarkeit mit dem Anwaltsberuf im Sinne von Art. 8 Abs. 1 lit. b i.V.m. Art. 9 BGFA, die eine Löschung im Anwaltsregister zu rechtfertigen vermöchte. Von einer Löschung ist deshalb abzusehen. D) Kosten Vorliegend wurde eine Verletzung von Art. 13 BGFA festgestellt. Bei diesem Ausgang des Verfahrens sind die Kosten dem Disziplinarbeklagten aufzuerlegen (Art. 35 Abs. 1 KAG). Gemäss Art. 36 Abs. 1 KAG besteht weder Anspruch auf Parteikostenersatz noch auf Parteientschädigung. Die Anwaltsaufsichtsbehörde entscheidet:</p><p type="paragraph_mark">1.</p><p type="plain_text">Gegen den Disziplinarbeklagten wird wegen Verletzung von Art. 13 BGFA in Anwendung von Art. 17 lit. c BGFA eine Busse in der Höhe von CHF 2'000.00 ausgesprochen.</p><p type="paragraph_mark">2.</p><p type="plain_text">Die Kosten des Verfahrens in Höhe von CHF 1'500.00 werden dem Disziplinarbeklagten zur Zahlung auferlegt.</p><p type="paragraph_mark">3.</p><p type="plain_text">Von einer Löschung von Amtes wegen aus dem Anwaltsregister wird abgesehen.</p><p type="paragraph_mark">4.</p><p type="plain_text">Zu eröffnen: - dem Disziplinarbeklagten</p><p type="paragraph_mark">5.</p><p type="plain_text">Der Anzeigerin wird die Art der Erledigung des Verfahrens mit separatem Schreiben mitgeteilt (Art. 32 Abs. 2 KAG). Bern, 4. Februar 2021 Im Namen der Anwaltsaufsichtsbehörde Der Präsident: Oberrichter Studiger Die Gerichtsschreiberin: Spielmann Rechtsmittelbelehrung Gegen diesen Entscheid kann innert 30 Tagen beim Verwaltungsgericht des Kantons Bern Beschwerde geführt werden gemäss Art. 22 des Kantonalen Anwaltsgesetzes vom 28. März 2006 (KAG; BSG 168.11) in Verbindung mit Art. 74 ff. des Gesetzes vom 23. Mai 1989 über die Verwaltungsrechtspflege (VRPG; BSG 155.21). Die kantonalen Gesetzestexte sind online abrufbar unter www.belex.sites.be.ch, die eidgenössischen unter https://www.admin.ch/gov/de/start/bundesrecht/systematische-sammlung.html. Hinweis: Dieser Entscheid ist rechtskräftig.</p></body></text>