<?xml version='1.0' encoding='UTF-8'?>
<text id="BE_OG_008_BK-2020-66_2020-03-27" author="" title="Bern Obergericht Beschwerdekammer in Strafsachen 27.03.2020 BK 2020 66" source="https://entscheidsuche.ch" page="1–8" topics="Bern Obergericht Beschwerdekammer in Strafsache" subtopics="" language="de" date="2020-03-27" description="Zeugnisverweigerungsrecht | Andere Verfügungen StA, Polizei (393-a)" type="BE_OG_008" file="BE_OG_008_BK-2020-66_2020-03-27.pdf" year="2020" decade="2020">
  <body>
    <p type="plain_text">Briefkopf</p>
    <p type="plain_text">Obergerichtdes Kantons Bern</p>
    <p type="plain_text">Beschwerdekammer in Strafsachen</p>
    <p type="plain_text">Cour suprêmedu canton de Berne</p>
    <p type="plain_text">Chambre de recours pénale</p>
    <p type="plain_text">BeschlussBK 20 66</p>
    <p type="plain_text">Hochschulstrasse 17Postfach3001 BernTelefon +41 31 635 48 09Fax +41 31 634 50 54obergericht-straf.bern@justice.be.chwww.justice.be.ch/obergericht Bern, 27. März 2020</p>
    <p type="plain_text">Besetzung Oberrichterin Schnell (Präsidentin), Oberrichter J. Bähler, Oberrichterin FalknerGerichtsschreiberin Lustenberger</p>
    <p type="plain_text">Verfahrensbeteiligte A.________a.v.d. Fürsprecher B.________</p>
    <p type="plain_text">Beschuldigter</p>
    <p type="plain_text">Generalstaatsanwaltschaft des Kantons Bern, Nordring 8, Postfach, 3001 Bern</p>
    <p type="plain_text">C.________v.d. Rechtsanwalt D.________</p>
    <p type="plain_text">Zeuge/Gesuchsteller</p>
    <p type="plain_text">Gegenstand Schutzmassnahmen / Zeugnisverweigerungsrecht</p>
    <p type="plain_text">Strafverfahren wegen Tätlichkeiten, Drohung und Widerhandlung gegen das Strassenverkehrsgesetz</p>
    <p type="plain_text">Beschwerde gegen die Verfügung der Regionalen Staatsanwaltschaft Bern-Mittelland vom 6. Februar 2020 (BM 18 18816)</p>
    <p type="plain_text">Erwägungen:</p>
    <p type="paragraph_mark">1.</p>
    <p type="plain_text">A.________ (nachfolgend: Beschuldigter) wird vorgeworfen, am 10. April 2018 seine damals 14-jährige Tochter E.________ geschlagen, bedroht und ihr Mobiltelefon beschädigt zu haben. E.________ erstattete Strafanzeige gegen ihren Vater. In den Vorfall involviert war auch der damalige Freund von E.________, C.________. Auch er soll vom Beschuldigten geschlagen worden sein. Er verzichtete jedoch auf die Einreichung einer Strafanzeige. Am 10. Januar 2020 wurde C.________ betreffend den Vorfall vom 10. April 2018 als Zeuge vorgeladen. Mit Schreiben vom 21. Januar 2020 teilte C.________ der zuständigen Regionalen Staatsanwaltschaft Bern-Mittelland (nachfolgend: Staatsanwaltschaft) mit, er wolle keine Aussagen machen, da er Repressalien seitens des Beschuldigten befürchte. Zudem ersuchte er um die Möglichkeit, sich von einer Vertrauensperson zur Einvernahme begleiten zu lassen, alle Parteien von seiner Einvernahme auszuschliessen und eine Konfrontation mit dem Beschuldigten oder seiner Tochter anlässlich der Befragung zu vermeiden. Schliesslich beantragte er die anonyme Behandlung seiner Wohnadresse. Mit Schreiben vom 27. Januar 2020 erklärte die Staatsanwaltschaft, dass im vorliegenden Fall keine Möglichkeit bestehe, ihn von seiner Zeugnispflicht zu befreien und die beantragten Schutzmassnahmen anzuordnen. Hingegen hiess sie den Antrag auf Begleitung durch eine Vertrauensperson gut. Auf Verlangen von C.________ erliess die Staatsanwaltschaft am 6. Februar 2020 die angefochtene Verfügung. Darin wies sie die Anträge des Zeugen C.________ auf Zeugnisverweigerung, Ausschluss aller Parteien an seiner Einvernahme und Zusicherung der Anonymität ab (Ziff. 1). Hingegen schloss sie den Beschuldigten während der Einvernahme von der persönlichen Anwesenheit im Einvernahmeraum aus. Seinem Anspruch auf rechtliches Gehör sollte dadurch Rechnung getragen werden, dass er die Einvernahme per Videoübertragung in einem Nebenraum mitverfolgen und im Anschluss daran über seinen Verteidiger Ergänzungsfragen stellen kann (Ziff. 2). Gegen diese Verfügung erhob C.________ am 17. Februar 2020 Beschwerde. Er beantragte, die angefochtene Verfügung sei aufzuheben und die Staatsanwaltschaft sei anzuweisen, ihm das Recht auf Zeugnisverweigerung zu gewähren, dies unter Kosten- und Entschädigungsfolgen. Im anschliessenden Beschwerdeverfahren stellte die Generalstaatsanwaltschaft am 10. März 2020 Antrag auf kostenfällige Abweisung der Beschwerde. In seiner Replik vom 19. März 2020 hielt C.________ vollumfänglich an seinen Anträgen und deren Begründung fest</p>
    <p type="paragraph_mark">2.</p>
    <p type="paragraph_mark">2.1</p>
    <p type="plain_text">Gemäss Art. 174 Abs. 2 der Strafprozessordnung (StPO; SR 312.0) kann ein Zeuge sofort nach der Eröffnung des Entscheids über die Zulässigkeit der Zeugnisverweigerung die Beurteilung durch die Beschwerdeinstanz verlangen. Obschon die Beurteilung durch die Beschwerdekammer erfolgt, handelt es sich nicht um eine Beschwerde im eigentlichen Sinn. Das Verfahren richtet sich jedoch im Wesentlichen nach den Regeln des Beschwerdeverfahrens, allerdings unter der Berücksichtigung, dass ein Entscheid rasch zu erfolgen hat, da die NichtGewährung des Zeugnisverweigerungsrechts ein Verfahren unter Umständen blockieren kann (Beschlüsse des Obergerichts des Kantons Bern BK 16 164 vom 8. Juni 2016 und 12 59 vom 4. April 2012 E. 2 m.w.H.). Vorliegend wurde das Zeugnisverweigerungsrecht zwar nicht wie in den beiden genannten Verfahren während einer laufenden Einvernahme, sondern bereits im Vorfeld, als Reaktion auf die Zeugenvorladung, geltend gemacht, woraufhin die Staatsanwaltschaft eine anfechtbare Verfügung erlassen hat. Die vorstehenden Überlegungen gelten aber auch hier. Bei der Eingabe des Zeugen handelt es sich somit nicht um eine Beschwerde im eigentlichen Sinn, sie wird aber nach den gleichen Regeln wie eine Beschwerde behandelt. Dementsprechend werden die Eingabe des Zeugen der Einfachheit halber als Beschwerde und der Zeuge als Beschwerdeführer bezeichnet.</p>
    <p type="paragraph_mark">2.2</p>
    <p type="plain_text">Die Zuständigkeit der Beschwerdekammer in Strafsachen ergibt sich aus Art. 174 Abs. 2 StPO i.V.m. Art. 35 des Gesetzes über die Organisation der Gerichtsbehörden und der Staatsanwaltschaft (GSOG; BSG 161.1) und Art. 29 Abs. 2 des Organisationsreglements des Obergerichts (OrR OG; BSG 162.11). Fraglich ist, ob die Beschwerde fristgerecht erfolgte. Während die gewöhnliche Beschwerdefrist von Art. 396 Abs. 1 StPO zehn Tage beträgt, verlangt Art. 174 Abs. 2 StPO, dass der Zeuge «sofort» an die Beschwerdeinstanz gelangt. Art. 174 Abs. 2 StPO bezieht sich jedoch auf Fälle, in denen der Zeuge bei einer Einvernahme bereits vor Ort ist. In solchen Fällen macht es offensichtlich Sinn, dass der Zeuge sofort reagieren muss. Vorliegend erliess die Staatsanwaltschaft eine gewöhnliche schriftliche Verfügung. Es kann daher die zehntätige Beschwerdefrist von Art. 396 Abs. 1 StPO analog angewandt werden. Diese Frist sowie im Übrigen auch die Form hat der Beschwerdeführer gewahrt. Die Legitimation des als Zeuge vorgeladenen Beschwerdeführers ist mit Art. 174 StPO klarerweise gegeben. Auf die Beschwerde wird eingetreten</p>
    <p type="paragraph_mark">3.</p>
    <p type="plain_text">In seiner Beschwerde schildert der Beschwerdeführer einleitend die Geschehnisse, wie sie sich am 10. April 2018 aus seiner Sicht im Elternhaus seiner damaligen Freundin und heutigen Privatklägerin ereignet haben: «Am 10. April 2018 wurden der Beschwerdeführer und E.________ beim Verlassen des Badezimmers vom Vater der E.________, A.________ (hiernach Beschuldigter) unvermittelt angegriffen. Der Beschuldigte, welchem der Beschwerdeführer bislang noch nie begegnet war, ging davon aus, der Beschwerdeführer habe mit seiner Tochter geschlechtlich verkehrt. Daraufhin schlug der Beschuldigte E.________ auf den Rücken und ins Gesicht und warf ihr Handy gegen die Wand. Den Beschwerdeführer zerrte er am Kragen seines T-Shirts aus dem Badezimmer und schlug ihn ebenfalls mehrfach mit der Faust ins Gesicht. Anschliessend zog er den Beschwerdeführer die Treppe ins Wohnzimmer hinunter, wo er ihn ein weiteres Mal schlug, und ihm mehrmals auf Englisch drohte, ihn umzubringen. Der Beschuldigte führte aus, dass er heute einen guten Tag erwischt habe, ansonsten der Beschwerdeführer bereits im Inselspital wäre. Ebenso betitelte er den Beschwerdeführer als „piece of shit" und „junkie". Er forderte den Beschwerdeführer, unter der Drohung, er würde ihn andernfalls umbringen, dazu auf, sich auszuziehen. Daraufhin entledigte sich der Beschwerdeführer seiner Hose und, nach erneuter Todesdrohung, auch seines Oberteils und der Unterhose. Als der Beschwerdeführer nackt im Wohnzimmer stand und mit seinen Händen seine Geschlechtsteile verdeckte, wurde er vom Beschuldigten aufgefordert, seine Hände von den Geschlechtsteilen wegzunehmen, ansonsten werde ihn der Beschuldigte nackt auf die Strasse stellen. In diesem Zustand musste der Beschwerdeführer vor dem Beschuldigten ausharren. Erst mit dem Eintreffen der Ehefrau, F.________, erlaubte der Beschuldigte dem Beschwerdeführer sich wieder anzuziehen und das Haus zu verlassen. Am Folgetag wurde beim Beschwerdeführer im City Notfall Bern eine Kontusion des rechten Kiefergelenks festgestellt.» Ergänzend dazu beschrieb er einen weiteren Vorfall: «Nur rund drei Wochen nach diesem Vorfall, Anfang Mai 2018, lauerte der Beschuldigte dem Beschwerdeführer und seinem Kollegen, G.________ (Nachname unbekannt), erneut unter der Zugbrücke auf der Schützenmatte auf. Anlässlich dieses Zusammentreffens riss der Beschuldigte G.________ an der Jacke herum, würgte und bedrohte ihn. Daraufhin verständigte der Beschwerdeführer telefonisch die Polizei, welche erfolgslos versuchte, den Beschuldigten auf dem Areal zu lokalisieren. Der Vorfall müsste bei der Polizei aktenkundig sein.» Weiter führte er aus, die Mutter des Beschwerdeführers habe von F.________ erfahren, dass es im Haus der Familie A.________ immer wieder zu häuslicher Gewalt gekommen sei, infolge derer die Ehefrau das Frauenhaus aufgesucht habe und eine Fernhaltemassnahme gegen den Beschuldigten habe verfügt werden müssen. Die zwei Angriffe und das Wissen um das Gewaltpotential des Beschuldigten hätten zu einer tiefsitzenden Angst des Beschwerdeführers und seiner Familie geführt. Sie würden namentlich befürchten, dass der Beschuldigte bei ihnen vor der Haustüre auftauchen oder dem Beschwerdeführer erneut irgendwo abpassen könnte. Im Rahmen des Vorfalls vom 10. April 2018 habe der Beschuldigte durch massive Gewaltanwendung auf den Beschwerdeführer eingewirkt. Es sei festzuhalten, dass er mehrfach Morddrohungen gegen den Beschwerdeführer ausgesprochen und ein entsprechender Angriff ihm gegenüber bereits erfolgt sei. Beim zweiten Vorfall habe zwar der Begleiter des Beschwerdeführers im Fokus des Angriffs gestanden. Der Vorfall zeige jedoch klar, dass der Beschuldigte nicht davor zurückweiche, männliche Bekanntschaften seiner Tochter auf offener Strasse physisch anzugreifen. Es handle sich somit keinesfalls um Konflikte rein familiärer Art. Schlussfolgernd sei festzuhalten, dass das Gewaltpotential des Beschuldigten, trotz fehlender Einträge im Strafregister, nicht nur in familiären, sondern auch in ausserfamiliären Konflikten äusserst ausgeprägt sei. Daher bestehe eine konkrete und ernstliche Gefährdung für Leib und Leben des Beschwerdeführers. Zusammenfassend seien die Voraussetzungen für ein Zeugnisverweigerungsrecht des Beschwerdeführers gegeben. In seiner Replik ergänzte er, die Strafuntersuchung gegen den Beschuldigten sei einzig aufgrund der Strafanzeige von E.________ eingeleitet worden. Der Beschwerdeführer seinerseits habe gerade wegen potentieller Repressalien durch den Beschuldigten keine Strafanzeige eingereicht. Aufgrund des Vorfalls habe er sich auch weitestgehend von E.________ distanziert. Erst durch die Vorladung, als Zeuge gegen den Beschuldigten auszusagen, sei er wieder in dessen Fokus gerückt. Diese Schlussfolgerung rechtfertige sich umso mehr, als dass der Beschuldigte davon ausgehen müsse, der Beschwerdeführer werde belastende Aussagen gegen ihn machen. Werde die Einvernahme per Video übertragen, könne der Beschuldigte zudem das Gesicht des Beschwerdeführers sehen und ihn fortan leicht wieder erkennen. Dass seit Juni 2018 trotz Kenntnis der Wohnadresse ein Angriff ausgeblieben sei, stelle somit keine Gewähr dar, dass der Beschuldigte nach der Zeugenaussage des Beschwerdeführers die angedrohten Repressalien nicht doch umsetzen werde. Mit Blick auf die zwei bereits erfolgten Angriffe und die dabei gegen den Beschwerdeführer ausgesprochenen Todesdrohungen wäre es schlicht unverhältnismässig, eine erneute Todesdrohung bzw. einen Angriff zu verlangen, welche die drohende Gewaltbereitschaft des Beschuldigten manifestieren würde.</p>
    <p type="paragraph_mark">4.</p>
    <p type="plain_text">Eine Person kann das Zeugnis verweigern, wenn ihr oder einer ihr nahe stehenden Person durch ihre Aussage eine erhebliche Gefahr für Leib und Leben oder ein anderer schwerer Nachteil droht, welcher mit Schutzmassnahmen nicht abgewendet werden kann (Art. 169 Abs. 3 StPO). Der Zeuge muss glaubhaft machen, dass er oder eine ihm nahe stehende Person einer solchen Gefahr ausgesetzt ist. Dabei müssen nebst dem subjektiven Gefühl des Zeugen auch objektive Anhaltspunkte für das Bestehen einer Gefährdung vorhanden sein. Der Verfahrensleitung muss es möglich sein, die Angaben zu objektivieren (VEST/HORBER, in: Basler Kommentar, Strafprozessordnung, 2. Aufl. 2014, N. 9 zu Art. 169 StPO; DONATSCH, in: Kommentar zur Schweizerischen Strafprozessordnung [StPO], 2. Aufl. 2014, N. 16 zu Art. 169 StPO). Die erhebliche Gefahr für Leib und Leben besteht etwa dann, wenn Morddrohungen gegen den Verfahrensbeteiligten selbst oder einen Angehörigen ausgestossen wurden, bereits entsprechende Attacken erfolgten oder solche angesichts des Milieus, in dem sich die betreffende Person bewegte oder noch bewegt, ernsthaft zu befürchten sind. Allzu hohe Anforderungen an die Gefahrenlage und deren Glaubhaftmachung sind nicht zu stellen. Erforderlich sind jedoch stets konkrete Anhaltspunkte für das Bestehen erheblicher Gefahren oder drohender schwerer Nachteile. Der allgemeine psychische Druck, mögliche Nachteile in persönlicher oder finanzieller Hinsicht sowie denkbare Einschüchterungen genügen nicht, ebenso wenig die Erwartung, dass z.B. die beschuldigte Person auf belastende Zeugenaussagen mit Hass reagieren könnte (SCHMID/JOSITSCH, Schweizerische Strafprozessordnung, Praxiskommentar, 3. Aufl. 2017, N. 2 f. zu Art. 149 StPO). Das Recht, das Zeugnis aus den vorgenannten Gründen zu verweigern, kommt nur subsidiär zur Anwendung. Es besteht erst, wenn die drohende Gefahr nicht mit Schutzmassnahmen nach Art. 149 ff. StPO abgewendet werden kann (VEST/HORBER, a.a.O., N. 11 zu Art. 169 StPO; DONATSCH, a.a.O., N. 16 f. zu Art. 169 StPO)</p>
    <p type="paragraph_mark">5.</p>
    <p type="plain_text">Dass die geschilderten Vorfälle beim Beschwerdeführer Spuren hinterlassen haben, scheint nachvollziehbar. Auf subjektiver Ebene ebenfalls verständlich ist, dass der Beschwerdeführer aufgrund dessen Angst vor dem Beschuldigten verspürt. Objektive Anhaltspunkte für eine konkrete Gefährdung des Beschwerdeführers fehlen jedoch. Wie die Akten zeigen, stand das beschriebene gewalttätige Verhalten des Beschwerdeführers jeweils klar im familiären Kontext. Es sind die Konflikte mit seiner Ehefrau oder seiner Tochter, bei denen er seine Emotionen nicht im Griff zu haben scheint. Vorfälle, bei denen der Beschuldigte wahllos gegen Aussenstehende gewalttätig geworden wäre, sind nicht aktenkundig. Der Beschwerdeführer ist zwar zweifellos kein Familienmitglied. Er verkennt jedoch, dass er als damaliger Freund der Privatklägerin in besonderer Nähe zur Familie stand und gerade deswegen in den Fokus des Beschuldigten geriet, weil dieser mit männlichen Bekanntschaften seiner Tochter nicht einverstanden war. Der erste Vorfall stellte offensichtlich eine spontane Bestrafungsreaktion des Beschwerdeführers dar, während der Beschuldigte mit seinem zweiten Auftritt eine weitere Kontaktaufnahme des Beschwerdeführers mit seiner Tochter ein für allemal verhindern wollte. Dass er dieses Ziel hatte und auch erreicht hat, wird vom Beschwerdeführer nicht in Abrede gestellt. Die Vorgehensweise des Beschuldigten, sollte sie so vonstattengegangen sein, wie vom Beschwerdeführer und der Privatklägerin geschildert, stellt klarerweise eine Überreaktion dar und ist keinesfalls zu tolerieren. Sie war aber im Ergebnis einzig auf seine Tochter ausgerichtet. Sein Ziel, nämlich einen kompletten Kontaktabbruch zwischen dem Beschwerdeführer und der Privatklägerin, hat er offensichtlich erreicht. Entsprechend sind weitere Übergriffe seither ausgeblieben – dies, obwohl der Beschuldigte seit Juni 2018, als ihm erstmals Akteneinsicht gewährt wurde, Kenntnis von der im Anzeigerapport vom 3. Mai 2018 aufgeführten Wohnadresse des Beschwerdeführers hat. Dass die anstehende Zeugeneinvernahme die Bedrohungslage wieder hat aufleben lassen, ist allein schon dadurch widerlegt, dass die Vorladung vom 10. Januar 2020, von der auch eine Kopie an den Beschuldigten gegangen war, offensichtlich keinen Kontaktversuch bei diesem ausgelöst hat. Ansonsten wäre dies spätestens in der Replik geltend gemacht worden. Ausserdem hat der Beschuldigte sicher nicht vergessen, wer der Beschwerdeführer ist und wie er aussieht. Damit ist auch das Argument, dass er ihn nach der Videoübertragung der Einvernahme leicht wieder erkennen könnte, nicht stichhaltig. Dass der Beschwerdeführer belastende Aussagen machen kann, dürfte dem Beschuldigten ebenfalls längst bekannt sein. Wenn der Beschuldigte seit den fraglichen Vorfällen im Mai 2018, also seit bald zwei Jahren, keine Kontaktaufnahme unternommen hat, lässt dies klar auf das Fehlen einer objektiven Bedrohungslage schliessen. Zusammenfassend sind die Befürchtungen des Beschwerdeführers in subjektiver Hinsicht zwar verständlich. Objektiv betrachtet fehlt es aber an einer erheblichen Gefahr für Leib und Leben, wie sie Art. 169 Abs. 3 StPO für die Geltendmachung eines Zeugnisverweigerungsrechts verlangt. Der Beschwerde ist damit kein Erfolg beschieden. Es wird festgestellt, dass die Zeugnisverweigerung des Beschwerdeführers unzulässig ist und er der Zeugenvorladung Folge zu leisten hat.</p>
    <p type="paragraph_mark">6.</p>
    <p type="plain_text">Nach der Grundregel von Art. 423 StPO trägt der Kanton die Kosten, sofern die StPO keine abweichende Bestimmung enthält. Die Bestimmung von Art. 428 StPO, wonach im Rechtsmittelverfahren die unterliegende Partei die Kosten trägt, kann vorliegend nicht zum Zug kommen, weil der Entscheid nach Art. 174 StPO kein Rechtsmittelverfahren im eigentlichen Sinne ist. Eine Regelung, welche wie zum Beispiel beim Ausstand die Kostenauflage an die gesuchstellende Person ermöglicht (Art. 59 Abs. 4 StPO), existiert bei Art. 174 StPO nicht. Eine gesetzliche Grundlage für die Auferlegung der Kosten an den Gesuchsteller fehlt somit. Die Verfahrenskosten, bestimmt auf CHF 800.00, trägt der Kanton (vgl. Beschlüsse des Obergerichts des Kantons Bern BK 16 164 vom 8. Juni 2016 E. 7 und BK 12 59 vom 4. April 2012 E. 5).</p>
    <p type="paragraph_mark">7.</p>
    <p type="plain_text">Ein Anspruch auf Entschädigung für seine Aufwendungen im Beschwerdeverfahren steht dem Beschwerdeführer nicht zu. Die Bestimmung, welche sich zum Entschädigungsanspruch Dritter ausdrücklich äussert, Art. 434 StPO, ist auf die vorliegende Konstellation nicht anwendbar, denn es geht nicht darum, dass der Beschwerdeführer durch Verfahrenshandlungen oder bei der Unterstützung von Strafbehörden einen Schaden erlitten hätte. Denkbar wäre es, dem Beschwerdeführer in analoger Anwendung von Art. 429 Abs. 1 Bst. a StPO eine Entschädigung zuzusprechen. Dies würde aber ein Obsiegen seinerseits voraussetzen. Da der Beschwerdeführer mit seinen Anträgen in der Sache nicht durchdringt, ist ein Entschädigungsanspruch zu verneinen Die Beschwerdekammer in Strafsachen beschliesst:</p>
    <p type="paragraph_mark">1.</p>
    <p type="plain_text">Es wird festgestellt, dass die Zeugnisverweigerung von C.________ nicht zulässig ist. Er ist verpflichtet, im Verfahren BM 18 18816 der Regionalen Staatsanwaltschaft Bern-Mittelland als Zeuge auszusagen</p>
    <p type="paragraph_mark">2.</p>
    <p type="plain_text">Die Kosten dieses Verfahrens, bestimmt auf CHF 800.00, trägt der Kanton Bern</p>
    <p type="paragraph_mark">3.</p>
    <p type="plain_text">Zu eröffnen:- dem Zeugen/Beschwerdeführer, v.d. Rechtsanwalt D.________- der Generalstaatsanwaltschaft Mitzuteilen:- dem Beschuldigten, a.v.d. Fürsprecher B.________- der Regionalen Staatsanwaltschaft Bern-Mittelland, Staatsanwalt H.________ (mit den Akten) Bern, 27. März 2020 Im Namen der Beschwerdekammerin Strafsachen Die Präsidentin: Oberrichterin Schnelli.V. Oberrichter J. Bähler Die Gerichtsschreiberin: Lustenbergeri.V. Gerichtsschreiberin Lauber RechtsmittelbelehrungGegen diesen Entscheid kann innert 30 Tagen seit Zustellung beim Bundesgericht, Av. du Tribunal fédéral 29, 1000 Lausanne 14, Beschwerde in Strafsachen gemäss Art. 39 ff., 78 ff. und 90 ff. des Bundesgerichtsgesetzes (BGG; SR 173.110) geführt werden. Die Beschwerde muss den Anforderungen von Art. 42 BGG entsprechen.</p>
  </body>
  <body_footnote />
</text>