<?xml version='1.0' encoding='UTF-8'?>
<text author="" date="1983-12-05" decade="1980" description="Voraussetzungen, unter denen mit dem Entscheid der letzten kantonalen Instanz auch derjenige der unteren Instanz angefochten werden kann. 1. Hat die oberste kantonale Instanz den Streitgegenstand nur mit beschränkter Kognition überprüfen können, so kann mit der staatsrechtlichen Beschwerde auch noch der Entscheid der unteren kantonalen Instanz angefochten werden (Bestätigung der Rechtsprechung). 2. Dies setzt jedoch voraus, dass die oberste kantonale Instanz auf die Sache eingetreten ist. Tritt sie dagegen auf ein Rechtsmittel nicht ein, so kann mit staatsrechtlicher Beschwerde nur noch dieser Nichteintretensentscheid angefochten werden (Präzisierung der Rechtsprechung)." file="CH_BGE_002_BGE-109-Ia-248_nodate.html" id="CH_BGE_002_BGE-109-Ia-248_nodate" language="de" page="249–251" source="https://entscheidsuche.ch" subtopics="" title="Bundesgericht (BGE) Band Ia BGE 109 Ia 248" topics="Eidgenossenschaft Bundesgericht (BGE) Band Ia" type="CH_BGE_002" url="https://www.bger.ch/ext/eurospider/live/de/php/clir/http/index.php?lang=de&amp;type=highlight_simple_query&amp;page=4&amp;from_date=&amp;to_date=&amp;from_year=1983&amp;to_year=1983&amp;sort=relevance&amp;insertion_date=&amp;from_date_push=&amp;top_subcollection_clir=bge&amp;query_words=&amp;part=all&amp;de_fr=&amp;de_it=&amp;fr_de=&amp;fr_it=&amp;it_de=&amp;it_fr=&amp;orig=&amp;translation=&amp;rank=32&amp;highlight_docid=atf%3A%2F%2F109-IA-248%3Ade&amp;number_of_ranks=345&amp;azaclir=clir" year="1983"><body><p type="plain_text">Urteilskopf</p><p type="plain_text">109</p><p type="plain_text">Ia 248</p><p type="plain_text">46. Auszug aus dem Urteil der II. öffentlichrechtlichen Abteilung vom 5. Dezember 1983 i.S. X. c. Handelsschule des Kaufmännischen Vereins Y. sowie Regierungsrat und Verwaltungsgericht des Kantons Aargau (staatsrechtliche Beschwerde)</p><p type="plain_text">Regeste</p><p type="plain_text">Voraussetzungen, unter denen mit dem Entscheid der letzten kantonalen Instanz auch derjenige der unteren Instanz angefochten werden kann.  1. Hat die oberste kantonale Instanz den Streitgegenstand nur mit beschränkter Kognition überprüfen können, so kann mit der staatsrechtlichen Beschwerde auch noch der Entscheid der unteren kantonalen Instanz angefochten werden (Bestätigung der Rechtsprechung). 2. Dies setzt jedoch voraus, dass die oberste kantonale Instanz auf die Sache eingetreten ist. Tritt sie dagegen auf ein Rechtsmittel nicht ein, so kann mit staatsrechtlicher Beschwerde nur noch dieser Nichteintretensentscheid angefochten werden (Präzisierung der Rechtsprechung).</p><p type="plain_text">BGE 109 Ia 248 S. 249</p><p type="paragraph_mark">X.</p><p type="plain_text">unterrichtete als Hauptlehrerin an der Kaufmännischen Berufsschule in Y. Am 17. März 1982 beschloss der Schulvorstand, sie für die bis 1985 dauernde Amtsperiode nicht wiederzuwählen. Auf Beschwerde hin hob das Erziehungsdepartement des Kantons Aargau diesen Beschluss auf. Gegen diesen Entscheid führte wiederum die Handelsschule des Kaufmännischen Vereins Y. beim Regierungsrat Beschwerde, welcher den Entscheid des Erziehungsdepartements aufhob.</p><p type="plain_text">Nach der Rechtsmittelbelehrung im Entscheid des Regierungsrates konnte gegen diesen wegen formeller Rechtsverweigerung oder wegen Verletzung der Vorschriften über die Zuständigkeit, den Ausstand, das rechtliche Gehör und die Akteneinsicht beim Verwaltungsgericht des Kantons Aargau Beschwerde geführt werden (§ 53 Gesetz über die Verwaltungsrechtspflege, VRPG). In der Folge richtete X. eine Eingabe an das Verwaltungsgericht, worin sie allerdings nicht die in der Rechtsmittelbelehrung genannten, sondern andere Rügen gegen den Regierungsratsentscheid vortrug. Das Verwaltungsgericht gewährte ihr daher die Möglichkeit, ihre Eingabe nachträglich zu verbessern, um eine der genannten, gesetzlich möglichen Rügen vorzubringen. Nachdem die hiefür gesetzte Frist unbenützt verstrichen war, trat das Verwaltungsgericht auf die Beschwerde nicht ein.</p><p type="plain_text">Im Anschluss an den Entscheid des Verwaltungsgerichts liess X. die vorliegende staatsrechtliche Beschwerde einreichen, worin verlangt wird, das Bundesgericht solle den Entscheid des Verwaltungsgerichts wie auch den Entscheid des Regierungsrates aufheben.</p><p type="plain_text">Das Bundesgericht tritt auf die Beschwerde nicht ein.</p><p type="plain_text">BGE 109 Ia 248 S. 250</p><p type="plain_text">Aus den Erwägungen:</p><p type="paragraph_mark">1.</p><p type="plain_text">Nicht einzutreten ist auf die Beschwerde insoweit, als sie sich gegen den Sachentscheid des Regierungsrates richtet. Dieser war der Beschwerdeführerin offensichtlich noch vor dem 15. Februar 1983 zugestellt worden, richtete sie doch an diesem Tage ihre Eingabe an das Verwaltungsgericht. Im Zeitpunkt der Einreichung der staatsrechtlichen Beschwerde war die dreissigtägige Beschwerdefrist gemäss Art. 89 Abs. 1 OG somit verstrichen.</p><p type="plain_text">Die Beschwerdeführerin beruft sich zwar auf eine in BGE 94 I 462 f. eingeleitete und seither in einer Reihe von Urteilen (BGE 97 I 119, BGE 97 I 226 E. 3a, BGE 100 Ia 123, BGE 100 Ia 267 E. 2, BGE 104 Ia 83, BGE 104 Ia 136, BGE 104 Ia 204 /5) bestätigte Rechtsprechung, wonach ein vorinstanzlicher Sachentscheid noch mit staatsrechtlicher Beschwerde beim Bundesgericht angefochten werden kann, wenn der obersten kantonalen Instanz nur eine beschränkte Überprüfungsbefugnis zustand und wenn er mit dem Entscheid der letzteren zusammen angefochten wird. Die Beschwerdeführerin und der Regierungsrat, welcher deren Ansicht zu teilen scheint, übersehen jedoch, dass in allen zitierten Urteilen die oberste kantonale Instanz auf das bei ihr eingelegte Rechtsmittel eingetreten war, wenn sie auch den vorinstanzlichen Entscheid nicht in jeder Hinsicht und mit freier Kognition überprüfen konnte. Im vorliegenden Fall hat das Verwaltungsgericht die ihm vorgelegte Streitsache jedoch nicht unter einem wie auch immer beschränkten Blickwinkel beurteilt, sondern es ist auf die Beschwerde überhaupt nicht eingetreten. Somit liegt kein neuer Entscheid in der Sache vor, mit welchem zusammen der Entscheid des Regierungsrates unter den erwähnten Voraussetzungen noch mit staatsrechtlicher Beschwerde angefochten werden könnte.</p><p type="plain_text">Die Ausgangslage ist dieselbe wie in dem vom Bundesgericht am 21. März 1979 beurteilten Fall X. c. Chambre d'accusation du canton de Genève (nichtveröffentlichte E. 1 von BGE 105 Ia 104), wo die oberste kantonale Instanz auf ein Rechtsmittel gegen eine Entscheidung des Procureur général nicht eingetreten war und daher auch das Bundesgericht keine Möglichkeit mehr hatte, die letztere im Rahmen des staatsrechtlichen Beschwerdeverfahrens auf ihre Verfassungsmässigkeit hin zu überprüfen. Im vorliegenden Fall erhob die Beschwerdeführerin beim kantonalen Verwaltungsgericht eine Beschwerde, ohne eine einzige der Rügen vorzutragen, BGE 109 Ia 248 S. 251welche nach der klaren Rechtsmittelbelehrung des Regierungsrates allein in Betracht kamen (§ 53 VRPG).</p></body></text>