<?xml version='1.0' encoding='UTF-8'?>
<text author="" date="2000-00-00" decade="2000" description="Art. 16 Abs. 3, Art. 40 UVG: Zusammentreffen von Sozialversicherungsleistungen. Bei der Ermittlung der Überentschädigung nach Art. 40 UVG sind auch Zeiten in die gemäss Rechtsprechung vorzunehmende Globalrechnung (BGE 117 V 394) einzubeziehen, während welchen gestützt auf Art. 16 Abs. 3 UVG Taggelder der Invalidenversicherung anstelle jener der Unfallversicherung ausgerichtet wurden." file="CH_BGE_007_BGE-126-V-193_nodate.html" id="CH_BGE_007_BGE-126-V-193_nodate" language="de" page="193–197" source="https://entscheidsuche.ch" subtopics="" title="Bundesgericht (BGE) Band V BGE 126 V 193" topics="Eidgenossenschaft Bundesgericht (BGE) Band V" type="CH_BGE_007" url="https://www.bger.ch/ext/eurospider/live/de/php/clir/http/index.php?lang=de&amp;type=highlight_simple_query&amp;page=20&amp;from_date=&amp;to_date=&amp;from_year=2000&amp;to_year=2000&amp;sort=relevance&amp;insertion_date=&amp;from_date_push=&amp;top_subcollection_clir=bge&amp;query_words=&amp;part=all&amp;de_fr=&amp;de_it=&amp;fr_de=&amp;fr_it=&amp;it_de=&amp;it_fr=&amp;orig=&amp;translation=&amp;rank=194&amp;highlight_docid=atf%3A%2F%2F126-V-193%3Ade&amp;number_of_ranks=311&amp;azaclir=clir" year="2000"><body><p type="plain_text">Urteilskopf</p><p type="plain_text">126</p><p type="plain_text">V 193</p><p type="plain_text">33. Auszug aus dem Urteil vom 19. Mai 2000 i.S. Schweizerische National-Versicherungs-Gesellschaft gegen W. und Versicherungsgericht des Kantons Basel-Stadt</p><p type="plain_text">Regeste</p><p type="plain_text">Art. 16 Abs. 3, Art. 40 UVG: Zusammentreffen von Sozialversicherungsleistungen.  Bei der Ermittlung der Überentschädigung nach Art. 40 UVG sind auch Zeiten in die gemäss Rechtsprechung vorzunehmende Globalrechnung (BGE 117 V 394) einzubeziehen, während welchen gestützt auf Art. 16 Abs. 3 UVG Taggelder der Invalidenversicherung anstelle jener der Unfallversicherung ausgerichtet wurden.</p><p type="plain_text">BGE 126 V 193 S. 193</p><p type="plain_text">Das Eidg. Versicherungsgericht zieht in Erwägung:</p><p type="paragraph_mark">1.</p><p type="plain_text">Vorbehältlich besonderer Koordinationsregeln werden gemäss Art. 40 UVG Geldleistungen, ausgenommen Hilflosenentschädigungen, so weit gekürzt, als sie mit anderen Sozialversicherungsleistungen zusammentreffen und den mutmasslich entgangenen Verdienst übersteigen. Nach Art. 51 Abs. 3 UVV entspricht der mutmasslich entgangene Verdienst jenem Verdienst, den der Versicherte ohne schädigendes Ereignis erzielen würde.</p><p type="plain_text">Die Vorschrift von Art. 40 UVG stellt eine Generalklausel zur Vermeidung von Überentschädigungen dar. Sie gilt ihrem Wortlaut nach nur subsidiär, d.h. wenn keine andere Koordinationsnorm anwendbar ist. So finden Art. 40 UVG und die entsprechenden, gemäss altrechtlicher Rechtsprechung (namentlich zu Art. 74 Abs. 3 KUVG) entwickelten Grundsätze im Allgemeinen keine Anwendung beim Zusammentreffen von Renten der obligatorischen Unfallversicherung mit solchen der Alters- und Hinterlassenenversicherung oder der Invalidenversicherung, da die Art. 20 Abs. 2 und 31 Abs. 4 UVG diesbezüglich eine besondere BGE 126 V 193 S. 194Koordinationsregel enthalten. Demgegenüber greift Art. 40 UVG beispielsweise dann Platz, wenn Taggelder der Unfallversicherung mit Renten der Invalidenversicherung zusammentreffen (BGE 121 V 131 Erw. 2b, BGE 117 V 395 Erw. 2b und BGE 115 V 279 Erw. 1c mit Hinweisen).</p><p type="paragraph_mark">2.</p><p type="plain_text">Im Streit liegt die Frage, welche Sozialversicherungsleistungen in die Berechnung der Überversicherung einzubeziehen sind. Nach Auffassung der Versicherungsgesellschaft und des Bundesamtes für Sozialversicherung (BSV) ist der Zeitraum der Eingliederung der Versicherten durch die Invalidenversicherung, während welchem nicht der Unfallversicherer, sondern die Invalidenversicherung Taggelder ausbezahlt hat, von der Überversicherungsberechnung auszuklammern. Die Beschwerdegegnerin spricht sich demgegenüber für eine Globalrechnung ab Unfalldatum aus.</p><p type="paragraph_mark">a)</p><p type="plain_text">Das kantonale Gericht hat erwogen, dass die Invalidenversicherung während der Dauer der von ihr durchgeführten beruflichen Eingliederungsmassnahmen gestützt auf Art. 16 Abs. 3 UVG und Art. 25bis IVG Leistungen anstelle der an sich vom Unfallversicherer geschuldeten Taggelder erbracht habe. Da der gesetzliche Anspruch nach UVG lediglich durch Taggeldleistungen der Invalidenversicherung abgelöst und überdeckt worden sei, müsse die gesamte Periode in die Überversicherungsberechnung einbezogen werden.</p><p type="paragraph_mark">b)</p><p type="plain_text">In der Verwaltungsgerichtsbeschwerde wird hiegegen eingewendet, Art. 16 Abs. 3 UVG befreie den Unfallversicherer ausdrücklich von seiner Leistungspflicht. Während der Zeit der Taggeldzahlungen durch die Invalidenversicherung bestehe weder ein Leistungsanspruch gegenüber dem Unfallversicherer, noch seien von diesem Leistungen erbracht worden. Ebenso wenig könne aus der Koordinationsnorm von Art. 25bis IVG geschlossen werden, den Taggeldleistungen der Invalidenversicherung komme nur stellvertretender Charakter zu oder sie stellten mittelbare Leistungen des Unfallversicherers dar. Anknüpfungspunkt für eine globale Überversicherungsberechnung nach Art. 40 UVG könnten indessen nur effektive Bezugsperioden von Leistungen nach diesem Gesetz bilden. Würde die Berechnung losgelöst von den unfallversicherungsrechtlichen Ansprüchen vorgenommen und die massgebende Periode auf sämtliche sozialversicherungsrechtlichen Ansprüche ausgedehnt, führe dies zur Statuierung eines allgemein gültigen Überversicherungsverbotes, das weder im Gesetz noch in der Rechtsprechung eine Stütze finde.</p><p type="plain_text">BGE 126 V 193 S. 195</p><p type="paragraph_mark">3.</p><p type="plain_text">Das Eidg. Versicherungsgericht hat bezüglich der Frage, welche Sozialversicherungsleistungen (Taggelder der Unfallversicherung, Renten der Invalidenversicherung) in zeitlicher Hinsicht in die Berechnung der Überversicherung einzubeziehen sind, in BGE 117 V 394 entschieden, dass in Fortführung der unter dem KUVG entwickelten Praxis (BGE 105 V 315 Erw. I/4) auch für die Ermittlung der Überentschädigung gemäss Art. 40 UVG eine Globalrechnung vorzunehmen ist. Die Auffassung, dass beim Zusammentreffen von Taggeldern der Unfallversicherung mit Rentenleistungen der Invalidenversicherung stets gleiche Zeitabschnitte einander gegenüberzustellen seien, hat es aus rechtlichen und praktischen Überlegungen abgelehnt und sich für eine globale Abrechnung für die gesamte Bezugsperiode, beginnend ab der Entstehung des Anspruchs auf Taggelder der Unfallversicherung, ausgesprochen. Gegen die Beibehaltung der früheren Praxis sprechen seiner Ansicht nach weder der im Verhältnis zur altrechtlichen Bestimmung geänderte Wortlaut noch die Materialien und die Tatsache, dass die Komplementärrenten als Gegenstand der besonderen Koordinationsvorschriften (Art. 20 Abs. 2 und Art. 31 Abs. 4 UVG) anderen Grundsätzen folgen, noch schliesslich der Umstand, dass im Rahmen der Regressbestimmungen gemäss Art. 41 ff. UVG der Grundsatz der zeitlichen Kongruenz massgebend ist. Art. 40 UVG sei der Vorschrift von Art. 74 Abs. 3 KUVG nachgebildet und gelte als Generalklausel grundsätzlich für das Zusammentreffen mit sämtlichen sozialversicherungsrechtlichen Geldleistungen (BGE 117 V 396 Erw. 3b).</p><p type="plain_text">4. a)</p><p type="plain_text">Nach Art. 16 Abs. 3 UVG wird das Taggeld der Unfallversicherung nicht gewährt, solange Anspruch auf ein Taggeld der Invalidenversicherung besteht. Diese Bestimmung gehört zu den besonderen Koordinationsvorschriften, welche eine Harmonisierung unter den verschiedenen Sozialversicherungszweigen sicherstellen und verhindern soll, dass sowohl der Unfallversicherer wie auch die Invalidenversicherung während des gleichen Zeitraumes Taggeldleistungen erbringen (vgl. RUDOLF WIPF, Koordinationsrechtliche Fragen des UVG, in: SZS 1994 S. 14). Nach dem Prinzip der Subsidiarität wird der Unfallversicherer gestützt auf diese Gesetzesvorschrift von seiner Leistungspflicht befreit, solange die primär leistungspflichtige Invalidenversicherung das Taggeld gewährt (MAURER, Schweizerisches Unfallversicherungsrecht, S. 532 f.; ERICH PETER, Die Koordination von Invalidenrenten im Sozialversicherungsrecht, Diss. Freiburg 1996, S. 176). Die BGE 126 V 193 S. 196Prioritätenordnung wurde deshalb im dargelegten Sinne getroffen, weil die Eingliederungsmassnahmen beruflicher Art in den Aufgabenbereich der Invalidenversicherung und nicht in jenen des Unfallversicherers fallen (JEAN-MAURICE FRÉSARD, L'assurance-accidents obligatoire, in: Schweizerisches Bundesverwaltungsrecht [SBVR], Bd. Soziale Sicherheit, Rz. 173). Wie die Versicherungsgesellschaft und das BSV zu Recht festhalten, schliesst die genannte Bestimmung somit beim Bezug von Taggeldern der Invalidenversicherung einen gleichzeitigen Leistungsanspruch gegenüber dem Unfallversicherer aus. Art. 25bis IVG, welcher unter der Überschrift "Koordination mit der Unfallversicherung" steht, sichert die Koordination im Sinne einer invalidenversicherungsrechtlichen Besitzstandsgarantie zu (BGE 119 V 126 Erw. 2c), indem der Gesamtbetrag des Taggeldes mindestens dem bisher bezogenen Taggeld der Unfallversicherung zu entsprechen hat. Sinn und Zweck dieser Bestimmung ist es, ein leistungsmässiges Absinken des bisherigen Bezügers von Taggeldern der Unfallversicherung - welche gemäss Art. 17 Abs. 1 UVG bei voller Arbeitsunfähigkeit 80% des versicherten Verdienstes betragen - nach der Aufnahme einer von der Invalidenversicherung übernommenen Eingliederung mit nach Massgabe der invalidenversicherungsrechtlichen Regeln ermittelten Taggeldern zu vermeiden (BGE 120 V 179 Erw. 3a).</p><p type="plain_text">b) Von diesen Koordinationsnormen zu unterscheiden ist die unter dem 3. Kapitel "Kürzung und Verweigerung von Versicherungsleistungen" stehende allgemeine Überversicherungsregel von Art. 40 UVG. Bezüglich der im Rahmen dieser Bestimmung vorzunehmenden Überentschädigungsberechnung hat die Rechtsprechung dem Globalvergleich gegenüber dem Grundsatz der zeitlichen Kongruenz den Vorzug gegeben, weil er einen längeren Anspruchszeitraum umfasst und das Ergebnis der Überentschädigungsberechnung somit weniger von kurzfristigen Schwankungen und zufälligen Konstellationen abhängt, als dies bei strenger Beachtung des Grundsatzes der zeitlichen Kongruenz der Fall wäre (BGE 117 V 397 Erw. 3b). Das Eidg. Versicherungsgericht hat sich für eine Globalrechnung bereits ab Beginn des Taggeldanspruches der Unfallversicherung entschieden, obwohl die Renten der Invalidenversicherung gestützt auf Art. 29 Abs. 1 lit. b IVG erst nach Ablauf der einjährigen Wartezeit mit den Taggeldern der Unfallversicherung zusammentreffen. Die erwähnte Lösung ermöglicht es somit, eine Unterdeckung (20%) aus der Periode, während welcher der Versicherte nur Taggeldleistungen der Unfallversicherung BGE 126 V 193 S. 197bezogen hat, mit Leistungen einer späteren Bezugsperiode zu kompensieren (FRÉSARD, a.a.O., Rz. 173). Es soll lediglich vermieden werden, dass der Versicherte durch die Gesamtheit der erbrachten Sozialversicherungsleistungen besser gestellt wird als im Fall, in welchem sich das versicherte Ereignis nicht verwirklicht hätte. Dementsprechend sind gemäss dem der globalen Abrechnung zu Grunde liegenden Zweckgedanken nicht einzelne Zeitabschnitte - also etwa die Periode, während welcher Taggelder der Invalidenversicherung ausgerichtet wurden -, sondern der gesamte Fluss von Leistungen dem mutmasslich entgangenen Verdienst gegenüberzustellen mit der Folge, dass die Globalrechnung nicht nur für das Zusammentreffen von Taggeldern der Unfallversicherung mit Renten der Invalidenversicherung, sondern auch für die Dauer der Taggeldzahlung der Invalidenversicherung anzustellen ist. Der zeitliche Abschnitt, während welchem zwar Taggelder der Invalidenversicherung, nicht aber solche der Unfallversicherung beansprucht wurden, ist folglich nicht gesondert herauszugreifen, zumal nicht einzusehen ist, weshalb Versicherte, die während der Umschulung Taggelder der Invalidenversicherung beziehen, schlechter gestellt werden sollen, als jene, welchen durchwegs Taggelder nach dem Unfallversicherungsgesetz ausgerichtet werden. Daraus folgt allerdings nicht, dass für die Dauer des Anspruchs auf Taggelder der Invalidenversicherung auch ein Anspruch auf Taggelder des Unfallversicherers bestünde, wie die Vorinstanz annimmt, oder dieser für diesen Zeitraum gar zur Erbringung von irgendwelchen Leistungen verpflichtet würde. Vielmehr geht es lediglich darum festzustellen, ob für den gesamten massgebenden Zeitraum eine Überentschädigung vorliegt und der Versicherte somit insgesamt mehr Leistungen empfangen hat, als seinem mutmasslich entgangenen Verdienst entspricht. Der Unfallversicherer ist alsdann zur Kürzung nur berechtigt, soweit der Versicherte während der gesamten Periode eine Überentschädigung erhalten hat. (...).</p></body></text>