<?xml version='1.0' encoding='UTF-8'?>
<text id="CH_PATG_001_O2016-003_2016-05-02" author="" title="Bundespatentgericht 02.05.2016 O2016_003" source="https://entscheidsuche.ch" page="1–11" topics="Eidgenossenschaft Bundespatentgericht" subtopics="" language="de" date="2016-05-02" description="Prozessaufteilung" type="CH_PATG_001" file="CH_PATG_001_O2016-003_2016-05-02.pdf" year="2016" decade="2010">
  <body>
    <p type="plain_text">00014365</p>
    <p type="plain_text">B u n d e s p a t e n t g e r i c h t</p>
    <p type="plain_text">T r i b u n a l  f é d é r a l  d e s  b r e v e t s</p>
    <p type="plain_text">T r i b u n a l e  f e d e r a l e  d e i  b r e v e t t i</p>
    <p type="plain_text">T r i b u n a l  f e d e r a l  d a  p a t e n t a s</p>
    <p type="plain_text">F e d e r a l  P a t e n t  C o u r t</p>
    <p type="plain_text">O2016_003</p>
    <p type="plain_text">Ve r f ü g u n g v o m  2 .  M a i  2 0 1 6</p>
    <p type="plain_text">Besetzung Präsident Dr. iur. Dieter Brändle,</p>
    <p type="plain_text">Erste Gerichtsschreiberin lic. iur. Susanne Anderhalden</p>
    <p type="plain_text">Verfahrensbeteiligte 1. A.,</p>
    <p type="plain_text">2. B.,</p>
    <p type="plain_text">beide vertreten durch Rechtsanwalt Dr. iur. Andri Hess und</p>
    <p type="plain_text">Rechtsanwalt Dr. iur. Richard Stäuber</p>
    <p type="plain_text">Klägerinnen</p>
    <p type="plain_text">gegen</p>
    <p type="plain_text">C.,</p>
    <p type="plain_text">Beklagte</p>
    <p type="plain_text">Gegenstand Patentverletzung</p>
    <p type="plain_text">O2016_003</p>
    <p type="plain_text">Der Präsident zieht in Erwägung:</p>
    <p type="paragraph_mark">1.</p>
    <p type="plain_text">Mit Klageschrift vom 21. April 2016 machten die Klägerinnen 1, A., und 2, B., die vorliegende Patentverletzungsklage gegen die Beklagte C. mit folgenden Rechtsbegehren anhängig: “1. Claimant 2 requests that Respondent shall be prohibited, under threat of an administrative fine of CHF 1,000 per day pursuant to Article 343(1)(c) CPC, but of at least CHF 5,000 pursuant to Article 343(1)(b) CPC, as well as punishment pursuant to Article 292 CC in the event of noncompliance, from using and offering the following procedure: […]</p>
    <p type="paragraph_mark">2.</p>
    <p type="plain_text">Claimant 1 requests that Respondent shall be prohibited, under threat of an administrative fine of CHF 1,000 per day pursuant to Article 343(1)(c) CPC, but of at least CHF 5,000 pursuant to Article 343(1)(b) CPC, as well as punishment pursuant to Article 292 CC in the event of noncompliance, from using and offering the following procedure: […];</p>
    <p type="paragraph_mark">3.</p>
    <p type="plain_text">Claimant 1 requests that Respondent shall be prohibited, under threat of an administrative fine of CHF 1,000 per day pursuant to Article 343(1)(c) CPC, but of at least CHF 5,000 pursuant to Article 343(1)(b) CPC, as well as punishment pursuant to Article 292 CC in the event of noncompliance, from using, in particular from manufacturing and possessing for use, the following product: […]</p>
    <p type="paragraph_mark">4.</p>
    <p type="plain_text">Claimant 1 requests that Respondent shall be prohibited, under threat of an administrative fine of CHF 1,000 per day pursuant to Article 343(1)(c) CPC, but of at least CHF 5,000 pursuant to Article 343(1)(b) CPC, as well as punishment pursuant to Article 292 CC in the event of noncompliance, from using and offering the following procedure: […];</p>
    <p type="paragraph_mark">5.</p>
    <p type="plain_text">Claimant 1 requests that Respondent shall be prohibited, under threat of an administrative fine of CHF 1,000 per day pursuant to Article 343(1)(c) CPC, but of at least CHF 5,000 pursuant to Article 5 1 80 343(1)(b) CPC, as well as punishment pursuant to Article 292 CC in the event of non-compliance, from using, in particular from manufacturing and possessing for use, the following product: […];</p>
    <p type="paragraph_mark">6.</p>
    <p type="plain_text">Claimant 1 requests that Respondent shall be prohibited, under threat of an administrative fine of CHF 1,000 per day pursuant to Article 343(1)(c) Swiss Code of Civil Procedure (CPC; ZPO), but of at least CHF 5,000 pursuant to Article 343(1)(b) CPC, as well as punishment pursuant to Article 292 Swiss Criminal Code (CC; StGB) in the event of noncompliance, from using and offering the following procedure: […];</p>
    <p type="paragraph_mark">7.</p>
    <p type="plain_text">Claimant 1 requests that Respondent shall be ordered under threat of an administrative fine of CHF 1,000 per day pursuant to Article 343(1)(c) CPC, but of at least CHF 5,000 pursuant to Article 343(1)(b) CPC, as well as punishment pursuant to Article 292 CC in the event of noncompliance, to lay detailed accounts in accordance with recognized principles of accounting, and grant information, as to the profits earned with Respondent‘s use and offering of the procedures […] according to Prayers for Relief 2, 4 and 6, and Respondent‘s use of the product according to Prayers for Relief 3 and 5;</p>
    <p type="paragraph_mark">8.</p>
    <p type="plain_text">Claimant 2 requests that Respondent shall be ordered under threat of an administrative fine of CHF 1,000 per day pursuant to Article 343(1)(c) CPC, but of at least CHF 5,000 pursuant to Article 343(1)(b) CPC, as well as punishment pursuant to Article 292 CC in the event of noncompliance, to Iay detailed accounts in accordance with recognized principles of accounting, and grant information, as to the profits earned with Respondent‘s use and offering of the procedure […] according to Prayer for Relief 1;</p>
    <p type="paragraph_mark">9.</p>
    <p type="plain_text">Claimant 1 and Claimant 2 each request that Respondent shall be ordered to pay the amount requested by each Claimants after the accounts and information […] in accordance with Prayers for Relief 7 and 8 have been provided by Respondent. With costs and indemnification (including patent attorney‘s expenses) to be borne by Respondent.” Zusätzlich stellten die Klägerinnen folgende prozessuale Anträge: “1. Claimant 1 and Claimant 2 each request that the claims made by Claimant 1 and Claimant 2 hereunder shall be assessed in the same proceedings (voluntary joinder of proceedings; einfache Streitgenossenschaft);</p>
    <p type="paragraph_mark">2.</p>
    <p type="plain_text">Claimant 1 and Claimant 2 each request that proceedings shall be limited to infringement and injunctive relief (and, potentially, validity) as well as provision of information and data according to Prayers for Relief 1 to 8, until a final judgment has been reached on these issues;</p>
    <p type="paragraph_mark">3.</p>
    <p type="plain_text">Claimant 1 and Claimant 2 each request that proceedings shall for now be suspended as regards the claims for financial compensation according to Prayer for Relief 9.”</p>
    <p type="paragraph_mark">2.</p>
    <p type="plain_text">Die Klage stützt sich auf vier europäische Patente: 1) EP 000 (Lizenznehmerin Klägerin 1) 2) EP 111 (Lizenznehmerin Klägerin 2) 3) EP 222 (Lizenznehmerin Klägerin 1) 4) EP 333 (Lizenznehmerin Klägerin 1) Patenteigentümer sind jeweils Dritte; die Klägerinnen sind ausschliessliche Lizenznehmerinnen. Die Klägerinnen treten als einfache Streitgenossenschaft auf und beantragen, ihre Klagen im selben Verfahren zu behandeln, weil die Verletzungshandlung, aus denen die Klägerinnen ihre Rechte ableiteten, jeweils dieselbe sei (prozessualer Antrag 1). Sodann führen die Klägerinnen an, die Parteien hätten sich auf die Verwendung der englischen Sprache geeinigt.</p>
    <p type="paragraph_mark">3.</p>
    <p type="plain_text">Die Frage der Verfahrenstrennung stellt sich im vorliegenden Fall nicht wegen den beiden Klägerinnen oder wegen der als patentverletzend gerügten Handlung, sondern wegen des unterschiedlichen Rechtsstands der Streitpatente, wie er sich aus dem EP-Register ergibt: Bezüglich des Patents EP 000 (Lizenznehmerin Klägerin 1) ist das Verfahren vor dem EPA abgeschlossen. Diesbezüglich kann der Prozess ohne Weiterungen zum Urteil geführt werden. Bezüglich des Patents EP 111 (Lizenznehmerin Klägerin 2) läuft das Einspruchsverfahren; die Verhandlung ist auf November 2016 angesetzt. Bezüglich des Patents EP 222 (Lizenznehmerin Klägerin 1) läuft ebenfalls das Einspruchsverfahren; die Verhandlung ist auf Juni 2016 angesetzt. Beim Patent EP 333 (Lizenznehmerin Klägerin 1) erfolgte die Publikation der Erteilung erst im Februar 2016, mithin läuft die Einspruchsfrist noch. Angesichts dieser Gegebenheiten, welche dazu führen werden, dass bezüglich der einzelnen Patente der Prozess zu sehr verschiedenen Zeitpunkten entscheidungsreif sein wird, erscheint es sachgerecht, das Verfahren in Anwendung von Art. 125 lit. b ZPO wie folgt aufzutrennen: Die Klage der Klägerin 1 gestützt auf EP 000 ist mit den Rechtsbegehren 6, 7 und 9 unter der vorliegenden Prozessnummer O2016_003 weiterzuführen. Die Klage der Klägerin 2 gestützt auf EP 111 ist abzutrennen und mit den Rechtsbegehren 1, 8 und 9 unter der Prozessnummer O2016_004 weiterzuführen. Die Klage der Klägerin 1 gestützt auf die weitgehend übereinstimmenden Patente EP 222 und EP 333 ist abzutrennen und mit den Rechtsbegehren 2, 3, 4, 5, 7 und 9 unter der Prozessnummer O2016_005 weiterzuführen.</p>
    <p type="paragraph_mark">4.</p>
    <p type="plain_text">Bezüglich der prozessualen Anträge 2 und 3 bleibt anzufügen, dass der entsprechende Ablauf des Verfahrens sich aus der Natur der Stufenklage ergibt, weshalb sich eine ausdrückliche Anordnung erübrigt. Dies mit dem Hinweis, dass eine formelle Sistierung des Forderungsbegehrens (Rechtsbegehren 9) nicht erforderlich ist, da das Begehren dahin geht, die nach erfolgter Abrechnung gestellte Forderung der Klägerinnen zuzusprechen, womit das Begehren automatisch erst nach erfolgter Abrechnung seitens der Beklagten und Bezifferung seitens der Klägerinnen behandelt werden kann.</p>
    <p type="paragraph_mark">5.</p>
    <p type="plain_text">Die Klägerinnen machen geltend, die Parteien hätten sich auf die Verwendung der englischen Sprache geeinigt. Die Klägerinnen stützen sich dafür auf ein Dokument, das sie als „letter of B“ bezeichnen. Es handelt sich dabei allerdings um ein Schreiben auf dem Briefpapier einer Firma „C“ (gemäss Klägerinnen die Muttergesellschaft der Beklagten), unterzeichnet von einem X, welcher jedenfalls nicht als Zeichnungsberechtigter der Beklagten figuriert und dessen Funktion bei C dem Schreiben ebenfalls nicht zu entnehmen ist. Dieses Schreiben kann deshalb nicht als Zustimmung der Beklagten gewertet werden. Die Beklagte ist deshalb (bezüglich aller drei Verfahren) anzufragen, ob sie mit der Verwendung der englischen Sprache durch die Parteien (Parteiensprache) einverstanden ist (Art. 36 Abs. 3 PatGG).</p>
    <p type="paragraph_mark">6.</p>
    <p type="plain_text">Als Verfahrenssprache ist Deutsch festzulegen (Art. 36 Abs. 1 PatGG). Der Präsident verfügt:</p>
    <p type="paragraph_mark">1.</p>
    <p type="plain_text">Das Verfahren wird wie folgt aufgetrennt: Die Klage der Klägerin 1 gestützt auf EP 000 wird mit den Rechtsbegehren 6, 7 und 9 unter der vorliegenden Prozessnummer O2016_003 weitergeführt. Die Klage der Klägerin 2 gestützt auf EP 111 wird abgetrennt und mit den Rechtsbegehren 1, 8 und 9 unter der Prozessnummer O2016_004 weitergeführt. Die Klage der Klägerin 1 gestützt auf die Patente EP 222 und EP 333 wird abgetrennt und mit den Rechtsbegehren 2, 3, 4, 5, 7 und 9 unter der Prozessnummer O2016_005 weitergeführt.</p>
    <p type="paragraph_mark">2.</p>
    <p type="plain_text">Der Klägerin 1 wird eine Frist bis 19. Mai 2016 angesetzt, um für das vorliegende Verfahren O2016_003 einen Kostenvorschuss in der Höhe von CHF 30‘000.– zu leisten.</p>
    <p type="paragraph_mark">3.</p>
    <p type="plain_text">Der Beklagten wird Frist bis 19. Mai 2016 angesetzt, um mitzuteilen, ob sie mit der Verwendung der englischen Sprache durch die Parteien einverstanden ist. Stillschweigen gilt als Ablehnung.</p>
    <p type="paragraph_mark">4.</p>
    <p type="plain_text">Die Verfahrenssprache ist Deutsch</p>
    <p type="paragraph_mark">5.</p>
    <p type="plain_text">Schriftliche Mitteilung an die Parteien, je gegen Empfangsbestätigung, an die Klägerinnen unter Beilage der Rechnung Nr. … zuhanden Klägerin 1, an die Beklagte mit Kopie der Klageschrift inkl. Beilagen und ergänzter Vollmacht. St. Gallen, 2. Mai 2016 Im Namen des Bundespatentgerichts Präsident Erste Gerichtsschreiberin Dr. iur. Dieter Brändle lic. iur. Susanne Anderhalden Versand: 02.05.2016</p>
  </body>
  <body_footnote />
</text>