<?xml version='1.0' encoding='UTF-8'?>
<text author="" date="2014-09-30" decade="2010" description="Genève Cour de justice (Cour de droit public) Chambre des assurances sociales 30.09.2014 A/4499/2011" file="GE_CJ_014_A-4499-2011_2014-09-30.html" id="GE_CJ_014_A-4499-2011_2014-09-30" language="fr" page="" source="https://entscheidsuche.ch" subtopics="" title="Genève Cour de justice (Cour de droit public) Chambre des assurances sociales 30.09.2014 A/4499/2011" topics="Genf  Chambre des assurances sociales" type="GE_CJ_014" url="http://justice.ge.ch/apps/decis/fr/atas/show/1970282?doc=" year="2014"><body><p type="plain_text">&lt;table border="0" cellpadding="0" cellspacing="0"&gt; &lt;tr&gt; &lt;td&gt;RÉPUBLIQUE ET CANTON DE GENÈVE
&lt;/td&gt; &lt;/tr&gt; &lt;tr&gt; &lt;td colspan="3" width="572"&gt; &lt;p&gt;POUVOIR JUDICIAIRE&lt;/p&gt;
&lt;p&gt; &lt;/p&gt;
&lt;/td&gt; &lt;/tr&gt; &lt;tr&gt; &lt;td colspan="3" width="572"&gt; &lt;p align="left"&gt;A/4499/2011 &lt;a href="https://justice.ge.ch/apps/decis/fr/decis/search?query=ATAS/1042/2014"&gt;ATAS/1042/2014&lt;/a&gt;&lt;/p&gt;
&lt;p&gt;COUR DE JUSTICE&lt;/p&gt;
&lt;p&gt;Chambre des assurances sociales&lt;/p&gt;
&lt;/td&gt; &lt;/tr&gt; &lt;tr&gt; &lt;td colspan="3" width="572"&gt; &lt;p&gt;Arrêt du 30 septembre 2014&lt;/p&gt;
&lt;p&gt;1&lt;sup&gt;ère&lt;/sup&gt; Chambre&lt;/p&gt;
&lt;/td&gt; &lt;/tr&gt; &lt;/table&gt;</p><p type="plain_text">A/4499/2011 ATAS/1042/2014</p><p type="plain_text">COUR DE JUSTICE</p><p type="plain_text">Chambre des assurances sociales</p><p type="plain_text">Arrêt du 30 septembre 2014</p><p type="paragraph_mark">1</p><p type="plain_text">ère Chambre</p><p type="plain_text">En la cause</p><p type="plain_text">&lt;table border="0" cellpadding="0" cellspacing="0" width="581"&gt; &lt;tr&gt; &lt;td valign="top" width="487"&gt; &lt;p align="left"&gt;Madame A______, domiciliée à GENEVE, comparant avec élection de domicile en l'étude de Maître NANCHEN Henri&lt;/p&gt;
&lt;/td&gt; &lt;td valign="top" width="95"&gt; &lt;p&gt;recourante&lt;/p&gt;
&lt;/td&gt; &lt;/tr&gt; &lt;/table&gt;</p><p type="plain_text">recourante</p><p type="plain_text">contre</p><p type="plain_text">&lt;table border="0" cellpadding="0" cellspacing="0" width="581"&gt; &lt;tr&gt; &lt;td valign="top" width="487"&gt; &lt;p align="left"&gt;SUVA, CAISSE NATIONALE SUISSE D'ASSURANCE EN CAS D'ACCIDENTS, sise Fluhmattstrasse 1, LUZERN, comparant avec élection de domicile en l'étude de Maître DERIVAZ Olivier&lt;/p&gt;
&lt;p align="left"&gt; &lt;/p&gt;
&lt;p align="left"&gt; &lt;/p&gt;
&lt;/td&gt; &lt;td valign="top" width="95"&gt; &lt;p&gt;intimée&lt;/p&gt;
&lt;/td&gt; &lt;/tr&gt; &lt;/table&gt;</p><p type="plain_text">intimée</p><p type="plain_text">Attendu en fait que par décision du 10 février 2010, confirmée sur opposition le 18 novembre 2011, la SUVA, Caisse nationale suisse d'assurance en cas d'accidents (ci-après SUVA) a reconnu le droit de Madame A______ à une rente d’invalidité de CHF 511.-, à compter du 1er janvier 2009, correspondant à une perte de gain de 14%, ainsi qu’à une indemnité pour atteinte à l’intégrité de 8% ;</p><p type="plain_text">Que par arrêt du 17 décembre 2013, la chambre de céans a partiellement admis le recours interjeté par l’assurée, annulé les décisions litigieuses - dans la mesure où le taux de la rente d’invalidité était de 14% -, fixé le taux à 23%, confirmé le taux d’atteinte à l’intégrité de 8% et renvoyé la cause à la SUVA pour calcul des prestations, ainsi que pour nouvelle décision ; qu’elle a par ailleurs alloué à l’assurée une indemnité à titre de dépens de CHF 1'500.- ;</p><p type="plain_text">Que par arrêt du 10 septembre 2014, le Tribunal fédéral a partiellement admis le recours interjeté par la SUVA, en ce sens que l’assurée a droit à une rente d’invalidité fondée sur un taux d’incapacité de gain de 20% ; qu’il a annulé le chiffre 5 du dispositif de l'arrêt de la chambre de céans portant sur les dépens ; qu’il a renvoyé la cause à la chambre de céans pour nouvelle décision sur les dépens de la procédure cantonale ;</p><p type="plain_text">Considérant en droit que le recourant qui obtient gain de cause a droit à des dépens à titre de participation à ses frais et à ceux de son avocat ;</p><p type="plain_text">Que la chambre de céans fixe les dépens en fonction du nombre d'écritures, d'audiences et d'actes d'instruction ;</p><p type="plain_text">Qu'en l'espèce, il y a lieu d'accorder à l’assurée une indemnité à titre de dépens, celle-ci ayant obtenu partiellement gain de cause, et de maintenir dès lors à CHF 1'500.- le montant dû par la SUVA à l’assurée à titre de participation à ses frais et dépens ;</p><p type="plain_text">***</p><p type="plain_text">PAR CES MOTIFS, LA CHAMBRE DES ASSURANCES SOCIALES :</p><p type="paragraph_mark">1.</p><p type="plain_text">Prend acte de l'arrêt du Tribunal fédéral du 10 septembre 2014 (8C_88/2014) réformant son arrêt du 17 décembre 2013 (ATAS/1261/2013).![endif]&gt;![if&gt;</p><p type="paragraph_mark">2.</p><p type="plain_text">Condamne la SUVA à payer à l’assurée la somme de CHF 1'500.- à titre de participation à ses frais et dépens.![endif]&gt;![if&gt;</p><p type="paragraph_mark">3.</p><p type="plain_text">Informe les parties de ce qu’elles peuvent former une réclamation auprès de la Chambre de céans contre le présent arrêt dans un délai de 30 jours dès sa notification, conformément à l’art. 87 al. 4 de la loi sur la procédure administrative, du 12 septembre 1985 (LPA; RS E 5 10); la réclamation doit indiquer les conclusions, motifs et moyens de preuve éventuels et porter la signature du recourant ou de son mandataire; elle doit être adressée à la Cour de céans par voie postale. Le présent arrêt et les pièces en possession du recourant, invoquées comme moyens de preuve, doivent être joints à l'envoi.![endif]&gt;![if&gt;</p><p type="plain_text">&lt;table border="0" cellpadding="0" cellspacing="0" width="567"&gt; &lt;tr&gt; &lt;td valign="top" width="189"&gt; &lt;p&gt;La greffière&lt;/p&gt;
&lt;p&gt; &lt;/p&gt;
&lt;p&gt; &lt;/p&gt;
&lt;p&gt; &lt;/p&gt;
&lt;p&gt; &lt;/p&gt;
&lt;p&gt;Nathalie LOCHER&lt;/p&gt;
&lt;/td&gt; &lt;td valign="top" width="189"&gt; &lt;p&gt; &lt;/p&gt;
&lt;/td&gt; &lt;td width="189"&gt; &lt;p&gt;La présidente&lt;/p&gt;
&lt;p&gt; &lt;/p&gt;
&lt;p&gt; &lt;/p&gt;
&lt;p&gt; &lt;/p&gt;
&lt;p&gt; &lt;/p&gt;
&lt;p&gt;Doris GALEAZZI&lt;/p&gt;
&lt;/td&gt; &lt;/tr&gt; &lt;/table&gt;</p><p type="plain_text">Nathalie LOCHER</p><p type="plain_text">La présidente</p><p type="plain_text">Doris GALEAZZI</p><p type="plain_text">Une copie conforme du présent arrêt est notifiée aux parties par le greffe le</p></body></text>