<?xml version='1.0' encoding='UTF-8'?>
<text author="" date="2011-08-30" decade="2010" description="Genève Cour de justice (Cour de droit public) Chambre administrative 30.08.2011 A/133/2011" file="GE_CJ_013_A-133-2011_2011-08-30.html" id="GE_CJ_013_A-133-2011_2011-08-30" language="fr" page="" source="https://entscheidsuche.ch" subtopics="" title="Genève Cour de justice (Cour de droit public) Chambre administrative 30.08.2011 A/133/2011" topics="Genf  Chambre administrative" type="GE_CJ_013" url="http://justice.ge.ch/apps/decis/fr/ata/show/1884740?doc=" year="2011"><body><p type="plain_text">En faitEn droit</p><p type="plain_text">&lt;table border="0" cellpadding="0" cellspacing="0"&gt; &lt;tr&gt; &lt;td&gt;RÉPUBLIQUE ET CANTON DE GENÈVE
&lt;/td&gt; &lt;/tr&gt; &lt;tr&gt; &lt;td width="9"&gt;&lt;p&gt; &lt;/p&gt;&lt;/td&gt; &lt;td colspan="3" width="543"&gt; &lt;p&gt;POUVOIR JUDICIAIRE&lt;/p&gt;
&lt;p&gt;&lt;b&gt;A/133/2011-LCI&lt;/b&gt; &lt;b&gt;&lt;a href="https://justice.ge.ch/apps/decis/fr/decis/search?query=ATA/532/2011"&gt;ATA/532/2011&lt;/a&gt;&lt;/b&gt; &lt;/p&gt;
&lt;p&gt;COUR DE JUSTICE&lt;/p&gt;
&lt;p&gt;Chambre administrative &lt;/p&gt;
&lt;p&gt;Arrêt du 30 août 2011&lt;/p&gt;
&lt;/td&gt; &lt;td width="5"&gt;&lt;p&gt; &lt;/p&gt;&lt;/td&gt; &lt;/tr&gt; &lt;/table&gt;</p><p type="plain_text">POUVOIR JUDICIAIRE</p><p type="plain_text">A/133/2011-LCI ATA/532/2011</p><p type="plain_text">COUR DE JUSTICE</p><p type="plain_text">Chambre administrative</p><p type="plain_text">Arrêt du 30 août 2011</p><p type="plain_text">dans la cause</p><p type="plain_text">HOIRIE RIESEN, soit pour elle Madame Renée Alice RIESEN Madame Francine MARTINA Madame Danièle GUITTON Madame Arianne RIESEN Monsieur Philippe RIESEN représentés par Me Stéphane Piletta-Zanin, avocat</p><p type="plain_text">contre</p><p type="plain_text">DÉPARTEMENT DES CONSTRUCTIONS ET DES TECHNOLOGIES DE L’INFORMATION et COMMUNE DE MEYRIN représentée par Me Daniel Perren, avocat et DÉPARTEMENT DE L’INTÉRIEUR ET DE LA MOBILITÉ</p><p type="plain_text">_________</p><p type="plain_text">Recours contre le jugement du Tribunal administratif de première instance du 19 mai 2011 (RTAPI/188/2011)</p><p type="paragraph_mark">1.</p><p type="plain_text">Par acte du 17 janvier 2011, Mesdames Danièle Guitton, Francine Martina, Arianne et Renée Alice Riesen et Monsieur Philippe Riesen, constituant l’hoirie Riesen (ci-après : l’hoirie) ont recouru auprès du Tribunal administratif de première instance (ci-après : TAPI) contre l’autorisation de construire DD 95628-4 délivrée le 14 décembre 2010 par le département des constructions et des technologies de l’information (ci-après : DCTI) à la commune de Meyrin (ci-après : la commune).</p><p type="plain_text">Etait aussi partie à la procédure le département de l’intérieur et de la mobilité (ci-après : DIM).</p><p type="paragraph_mark">2.</p><p type="plain_text">Dans le cadre de l’instruction du recours, la présidente du TAPI a, par décision du 22 févier 2011, rejeté dans la mesure de sa recevabilité, la requête en restitution de l’effet suspensif formée par l’hoirie.</p><p type="paragraph_mark">3.</p><p type="plain_text">Le 7 mars 2011, l’hoirie a recouru contre cette décision auprès de la chambre administrative de la section administrative de la Cour de justice (ci-après : la chambre administrative).</p><p type="paragraph_mark">4.</p><p type="plain_text">Le 24 mars 2011, le DCTI a retiré l’autorisation litigieuse.</p><p type="paragraph_mark">5.</p><p type="plain_text">Le 31 mars 2011, la chambre administrative a constaté que le recours pendant devant elle était devenu sans objet et a rayé la cause du rôle, sans allouer d’indemnité, cette question devant être réglée par la juridiction saisie du fond.</p><p type="paragraph_mark">6.</p><p type="plain_text">Le 19 mai 2011, le TAPI a constaté que le recours interjeté le 17 janvier 2011 par l’hoirie était devenu sans objet et a rayé la cause du rôle. Il n’a pas perçu d’émolument et a alloué à l’hoirie une indemnité de CHF 2'000.- à titre de dépens comprenant une participation aux honoraires d’avocat, à la charge de l’Etat de Genève.</p><p type="plain_text">S’agissant de la question des dépens, l’hoirie avait conclu à la condamnation des parties intimées, conjointement et solidairement, en tous les frais et dépens de l’instance, comprenant ceux devant la chambre administrative, soit une équitable indemnité de procédure valant une participation aux honoraires d’avocat, à hauteur de CHF 20'000.-. Le recours était devenu sans objet en raison du retrait de la décision querellée par le DCTI. L’hoirie avait obtenu partiellement gain de cause puisque l’autorité avait retiré l’autorisation litigieuse afin de reprendre l’instruction y relative. Au vu de l’ensemble des circonstances, une indemnité de CHF 2'000.- était adéquate.</p><p type="paragraph_mark">7.</p><p type="plain_text">Par acte du 27 juin 2011, l’hoirie a recouru auprès de la chambre administrative contre le jugement susmentionné, concluant préalablement à ce que soit ordonnée la suppression, dans les écritures de la commune des 11 février et 12 mai 2011 devant le TAPI, de plusieurs passages estimés fallacieux. Elle conclut principalement à l’annulation du jugement querellé, à la condamnation des intimées à une amende pour usage abusif de procédure, au paiement de tous les frais de procédure, y compris une indemnité valant participation aux honoraires d’avocat de CHF 20'000.- pour l’ensemble des procédures devant le TAPI et la chambre administrative, et à la publication du dispositif du jugement à venir dans deux quotidiens de son choix mais aux frais des intimés.</p><p type="plain_text">Le TAPI n’avait pas statué sur la suppression des passages fallacieux, ni sur la publication du jugement. L’indemnité allouée était dérisoire en regard de l’importance du travail effectué. L’attitude de la commune devait être sanctionnée par la suppression des passages litigieux, la publication du jugement et une amende pour téméraire plaideur.</p><p type="paragraph_mark">8.</p><p type="plain_text">Le 1er juillet 2011, le DCTI, le DIM et la commune ont reçu copie des écritures de l’hoirie. Les parties ont été avisées que la cause était gardée à juger en application de l’art. 72 de la loi sur la procédure administrative du 12 septembre 1985 (LPA - E 5 10).</p><p type="paragraph_mark">1.</p><p type="plain_text">La juridiction administrative qui rend la décision statue sur les frais de procédure et les émoluments. Ceux-ci peuvent faire l’objet d’une réclamation dans le délai de trente jours dès la notification de la décision (art. 87 al. 1 et 4 LPA).</p><p type="plain_text">En tant qu’elle conteste les frais et émoluments fixés par le TAPI, l’hoirie devait ainsi adresser à ce dernier d’une réclamation et non saisir la chambre de céans. Son recours est irrecevable sur ce point.</p><p type="plain_text">Conformément à l’art. 64 al. 2 LPA, la cause sera transmise d’office au TAPI afin qu’il statue sur cet objet.</p><p type="paragraph_mark">2.</p><p type="plain_text">Pour le surplus, le recours a été interjeté en temps utile devant la juridiction compétente (art. 132 de la loi sur l’organisation judiciaire du 26 septembre 2010 - LOJ - E 2 05 ; art. 62 al. 1 let. a LPA).</p><p type="paragraph_mark">3.</p><p type="plain_text">Ni l’art. 116 LOJ ni l’art. 132 LOJ, ni les art. 57 et ss LPA ne donnent de compétence au TAPI, respectivement à la chambre de céans pour statuer en matière de publication d’un jugement ou d’une rectification à l’instar du juge civil en application de l’art. 28a du Code civil suisse du 10 décembre l907 (CCS - RS 210).</p><p type="plain_text">En tant qu’il fait grief au TAPI de ne pas avoir statué sur une demande de publication du jugement, le recours ne peut qu’être rejeté. La conclusion identique prise devant la chambre administrative est irrecevable (ATA/454/2009 du 15 septembre 2009 ; ATA/245/2007 du 15 mai 2007).</p><p type="paragraph_mark">4.</p><p type="plain_text">De même ne trouve-t-on pas dans la LPA de disposition équivalente à l’art. 42 al. 6 de la loi fédérale sur le Tribunal fédéral du 17 juin 2005 (LTF - RS 173.110), qui permettrait de renvoyer à leur auteur des écritures illisibles, inconvenantes, incompréhensibles ou prolixes en lui impartissant un délai approprié pour y remédier, à défaut de quoi le mémoire ne serait pas pris en considération. A fortiori ces juridictions n’ont pas compétence d’ordonner la suppression de passages dans les mémoires des parties.</p><p type="plain_text">En tant qu’il fait grief au TAPI de ne pas avoir statué sur une demande de suppression de certains passages des écritures de la commune, le recours doit donc être rejeté. La conclusion identique prise devant la chambre administrative est irrecevable.</p><p type="paragraph_mark">5.</p><p type="plain_text">De jurisprudence constante, il n’appartient pas aux parties de prendre des conclusions visant à la condamnation de leur partie adverse pour emploi abusif des procédures au sens de l’art. 88 LPA (ATA/880/2010 du 14 décembre 2010 ; ATA/685/2010 du 5 octobre 2010 ; ATA/ 396/2006 du 26 juillet 2006).</p><p type="plain_text">En tant qu’il fait grief au TAPI de ne pas avoir statué sur une demande de condamnation des parties intimées à une amende pour téméraire plaideur, le recours sera rejeté. La conclusion identique prise devant la chambre administrative est irrecevable.</p><p type="paragraph_mark">6.</p><p type="plain_text">Au vu de ce qui précède, le recours sera rejeté dans la mesure où il est recevable, sans acte d’instruction (art. 72 LPA).</p><p type="plain_text">La cause sera transmise au TAPI pour qu’il statue sur la réclamation sur émoluments.</p><p type="plain_text">Vu l’issue de litige, un émolument de CHF 1'000.- sera mis à la charge de l’hoirie, soit pour elle Mesdames Danièle Guitton, Francine Martina, Arianne et Renée Alice Riesen et Monsieur Philippe Riesen, pris conjointement et solidairement. Aucune indemnité de procédure ne sera allouée (art. 87 LPA).</p><p type="plain_text">* * * * *</p><p type="plain_text">PAR CES MOTIFS LA CHAMBRE ADMINISTRATIVE</p><p type="plain_text">rejette dans la mesure où il est recevable le recours interjeté le 27 juin 2011 par l’hoirie Riesen, soit pour elle Mesdames Danièle Guitton, Francine Martina, Arianne et Renée Alice Riesen et Monsieur Philippe Riesen contre le jugement du Tribunal de première instance du 19 mai 2011 ;</p><p type="plain_text">transmet la cause au Tribunal administratif de première instance en tant qu’elle vaut réclamation sur les émoluments et frais de procédure fixés par le jugement du 19 mai 2011 ;</p><p type="plain_text">met émolument de CHF 1'000.- à la charge de l’hoirie Riesen, soit pour elle Mesdames Danièle Guitton, Francine Martina, Arianne et Renée Alice Riesen et Monsieur Philippe Riesen, pris conjointement et solidairement ;</p><p type="plain_text">dit qu’il n’est pas alloué d’indemnité de procédure ;</p><p type="plain_text">dit que, conformément aux art. 82 ss de la loi fédérale sur le Tribunal fédéral du 17 juin 2005 (LTF - RS 173.110), le présent arrêt peut être porté dans les trente jours qui suivent sa notification par-devant le Tribunal fédéral, par la voie du recours en matière de droit public ; le mémoire de recours doit indiquer les conclusions, motifs et moyens de preuve et porter la signature du recourant ou de son mandataire ; il doit être adressé au Tribunal fédéral, 1000 Lausanne 14, par voie postale ou par voie électronique aux conditions de l’art. 42 LTF. Le présent arrêt et les pièces en possession du recourant, invoquées comme moyens de preuve, doivent être joints à l’envoi ;</p><p type="plain_text">communique le présent arrêt à Me Stéphane Piletta-Zanin, avocat de l’hoirie Riesen, soit pour elle Mesdames Danièle Guitton, Francine Martina, Arianne et Renée Alice Riesen et Monsieur Philippe Riesen, au département des constructions et des technologies de l’information, au département de l’intérieur et de la mobilité, à la commune de Meyrin, ainsi qu’au Tribunal administratif de première instance.</p><p type="plain_text">Siégeants : Mme Hurni, présidente, M. Thélin, Mme Junod et M. Dumartheray juges, M. Torello, juge suppléant.</p><p type="plain_text">Au nom de la chambre administrative :</p><p type="plain_text">&lt;table border="0" cellpadding="0" cellspacing="0"&gt; &lt;tr&gt; &lt;td valign="top" width="189"&gt; &lt;p&gt;la greffière de juridiction :&lt;/p&gt;
&lt;p&gt; &lt;/p&gt;
&lt;p&gt; &lt;/p&gt;
&lt;p&gt;M. Tonossi&lt;/p&gt;
&lt;/td&gt; &lt;td valign="top" width="189"&gt; &lt;p&gt; &lt;/p&gt;
&lt;/td&gt; &lt;td width="189"&gt; &lt;p&gt;la présidente siégeant :&lt;/p&gt;
&lt;p&gt; &lt;/p&gt;
&lt;p&gt; &lt;/p&gt;
&lt;p&gt;E. Hurni&lt;/p&gt;
&lt;p&gt; &lt;/p&gt;
&lt;p&gt; &lt;/p&gt;
&lt;/td&gt; &lt;/tr&gt; &lt;/table&gt;</p><p type="paragraph_mark">M.</p><p type="plain_text">Tonossi</p><p type="plain_text">la présidente siégeant :</p><p type="paragraph_mark">E.</p><p type="plain_text">Hurni</p><p type="plain_text">Copie conforme de cet arrêt a été communiquée aux parties.</p><p type="plain_text">&lt;table border="0" cellpadding="0" cellspacing="0"&gt; &lt;tr&gt; &lt;td valign="top" width="189"&gt; &lt;p align="left"&gt;Genève, le &lt;/p&gt;
&lt;p&gt; &lt;/p&gt;
&lt;p&gt; &lt;/p&gt;
&lt;p&gt; &lt;/p&gt;
&lt;p&gt; &lt;/p&gt;
&lt;p&gt; &lt;/p&gt;
&lt;/td&gt; &lt;td valign="top" width="189"&gt; &lt;p&gt; &lt;/p&gt;
&lt;/td&gt; &lt;td width="189"&gt; &lt;p&gt;la greffière :&lt;/p&gt;
&lt;p&gt; &lt;/p&gt;
&lt;p&gt; &lt;/p&gt;
&lt;p&gt; &lt;/p&gt;
&lt;p&gt; &lt;/p&gt;
&lt;p&gt; &lt;/p&gt;
&lt;/td&gt; &lt;/tr&gt; &lt;/table&gt;</p><p type="plain_text">la greffière :</p></body></text>