<?xml version='1.0' encoding='UTF-8'?>
<text author="" date="2012-02-15" decade="2010" description="Art. 251 StPO. Abklärung des Drogenkonsums mittels einer Haarprobe. Bezüglich einer Haarprobe sind die Vorschriften über die Untersuchungen von Personen anwendbar. Eine Haarprobe stellt einen bloss geringfügigen Eingriff in die körperliche Integrität dar. | Strafprozessrecht" file="LU_KG_002_2N-11-155_2012-02-15.html" id="LU_KG_002_2N-11-155_2012-02-15" language="de" page="" source="https://entscheidsuche.ch" subtopics="" title="Luzern Kantonsgericht 2. Abteilung 15.02.2012 2N 11 155 (2012 I Nr. 66)" topics="Luzern Kantonsgericht 2. Abteilun" type="LU_KG_002" url="https://gerichte.lu.ch/recht_sprechung/lgve/Ajax?EnId=10070" year="2012"><body><p type="plain_text">Rechtsprechung</p><p type="plain_text">Gericht/Verwaltung:</p><p type="plain_text">Obergericht</p><p type="plain_text">Abteilung:</p><p type="paragraph_mark">2.</p><p type="plain_text">Abteilung</p><p type="plain_text">Rechtsgebiet:</p><p type="plain_text">Strafprozessrecht</p><p type="plain_text">Entscheiddatum:</p><p type="plain_text">15.02.2012</p><p type="plain_text">Fallnummer:</p><p type="plain_text">2N 11 155</p><p type="plain_text">LGVE:</p><p type="plain_text">2012 I Nr. 66</p><p type="plain_text">Leitsatz:</p><p type="plain_text">Art. 251 StPO. Abklärung des Drogenkonsums mittels einer Haarprobe. Bezüglich einer Haarprobe sind die Vorschriften über die Untersuchungen von Personen anwendbar. Eine Haarprobe stellt einen bloss geringfügigen Eingriff in die körperliche Integrität dar.</p><p type="plain_text">Rechtskraft:</p><p type="plain_text">Diese Entscheidung ist rechtskräftig.</p><p type="plain_text">Entscheid:</p><p type="plain_text">Art. 251 StPO. Abklärung des Drogenkonsums mittels einer Haarprobe. Bezüglich einer Haarprobe sind die Vorschriften über die Untersuchungen von Personen anwendbar. Eine Haarprobe stellt einen bloss geringfügigen Eingriff in die körperliche Integrität dar.</p><p type="plain_text">Aus den Erwägungen:</p><p type="paragraph_mark">3.1.</p><p type="plain_text">Die Untersuchung einer Person umfasst die Untersuchung ihres körperlichen oder geistigen Zustands. Die beschuldigte Person kann u.a. untersucht werden, um den Sachverhalt festzustellen. Eingriffe in die körperliche Integrität können angeordnet werden, wenn sie weder besondere Schmerzen bereiten noch die Gesundheit gefährden (Art. 251 Abs. 1-3 StPO). Untersuchungen von Personen und Eingriffe in die körperliche Integrität werden von einer Ärztin oder einem Arzt oder von einer anderen medizinischen Fachperson vorgenommen (Art. 252 StPO).</p><p type="paragraph_mark">3.2.</p><p type="plain_text">Bezüglich einer Haarprobe sind die Vorschriften über die Untersuchungen von Personen anwendbar (Riklin, Komm. Schweizerische Strafprozessordnung, Zürich 2010, Art. 251 StPO N 2; Botschaft zur Vereinheitlichung des Strafprozesses vom 21.12.2005, in: BBl 2006 Nr. 5 S. 1243). Der Staatsanwalt hat denn auch die Abnahme richtigerweise durch den Amtsarzt angeordnet.</p><p type="paragraph_mark">3.3.</p><p type="plain_text">Der Verteidiger macht geltend, der Beschwerdeführer sei geständig, bei der Tat beteiligt gewesen zu sein. Die von ihm gemachten Aussagen stimmten grösstenteils mit denjenigen des Opfers überein. Es sei nicht ersichtlich, inwiefern die Abnahme einer Haarprobe zur weiteren Sachverhaltsabklärung dienlich oder erforderlich sein soll. Es werde nicht bestritten, dass der Beschwerdeführer mit dem Opfer sexuellen Kontakt gehabt habe und dass er mit ihm im Auto gesessen sei. Durch die Abnahme werde in die körperliche Integrität eingegriffen. Zudem würden zusätzliche Kosten verursacht.</p><p type="plain_text">Der Beschwerdeführer hat gemäss Angaben beider Mittäter am 29. Oktober 2011 vorgängig zur Tat Kokain konsumiert. Der Beschwerdeführer machte demgegenüber geltend, am fraglichen Abend seien keine Drogen konsumiert worden und er habe bisher nur Haschisch gekifft, letztmals vor einigen Monaten.</p><p type="plain_text">Aufgrund dieser widersprüchlichen Aussagen war die Abnahme und Auswertung der Haarprobe zur Klärung, ob der Beschwerdeführer Drogen konsumiert hatte, rechtmässig, notwendig und zweckmässig, um den Sachverhalt abzuklären. Sie war auch verhältnismässig, da es sich bei der Haarprobe nur um einen geringfügigen Eingriff in die körperliche Integrität handelt (Urteil des Bundesgerichts 6A.8/2007 vom 1.5.2007 E. 2.3f.).</p><p type="plain_text">Das rechtliche Gehör des Beschwerdeführers war zudem gewahrt. Der Rechtspraktikant war an der Einvernahme des Beschwerdeführers vom 13. Dezember 2011, an der die Befragung bezüglich des Drogenkonsums erfolgte, anwesend. Er musste somit den Grund der Haarprobe kennen. Zudem wurde ihm auch die ausführliche Begründung des Staatsanwalts in der Vernehmlassung vom 30. Januar 2012 zugestellt.</p><p type="plain_text">Die Beschwerde ist deshalb abzuweisen.</p><p type="paragraph_mark">2.</p><p type="plain_text">Abteilung, 15. Februar 2012 (2N 11 155)</p></body></text>