<?xml version='1.0' encoding='UTF-8'?>
<text author="" date="2015-11-26" decade="2010" description="AbR 1980/81 Nr. 27, S. 75: Art. 279 Abs. 1 SchKG Gegen die Verweigerung der Arrestbewilligung kann bei der Obergerichtskommission Rekurs erhoben werden. Urteil der Obergerichtskommission vom 20. Juli 1980 Aus den Erwägungen: Gegen den Arre" file="OW_OG_001_AbR-1980-81-Nr--27_2015-11-26.html" id="OW_OG_001_AbR-1980-81-Nr--27_2015-11-26" language="de" page="75" source="https://entscheidsuche.ch" subtopics="" title="Obwalden Amtsbericht über die Rechtspflege (AbR) 26.11.2015(publiziert) AbR 1980/81 Nr. 27" topics="Obwalden Amtsbericht über die Rechtspflege (AbR)" type="OW_OG_001" url="http://rechtsprechung.ow.ch/download/entscheide/AbR-80-81/AbR-80-81-27.htm" year="2015"><body><p type="plain_text">AbR 1980/81 Nr. 27</p><p type="plain_text">AbR 1980/81 Nr. 27, S. 75:</p><p type="plain_text">Art. 279 Abs. 1 SchKG  Gegen die Verweigerung der Arrestbewilligung kann bei der Obergerichtskommission Rekurs erhoben werden.</p><p type="plain_text">Urteil der Obergerichtskommission vom 20. Juli 1980</p><p type="plain_text">Aus den Erwägungen:</p><p type="plain_text">Gegen den Arrestbefehl findet weder Berufung noch Beschwerde statt (Art. 279 Abs. 1 SchKG). Diese Bestimmung bezieht sich aber nur auf die Bewilligung des Arrestes. Sie schliesst demnach nicht aus, dass die Kantone gegen die Verweigerung eines Arrestgesuches Rechtsmittel einräumen (BGE 46 1486/7; Jaeger, N 1 zu Art. 279; Fritzsche, Schuldbetreibung, 2. Auflage, Band II, 217; 91 III 28). Von dieser Möglichkeit hat der Kanton Obwalden Gebrauch gemacht. Gegen die Verweigerung der Arrestbewilligung kann bei der Obergerichtskommission Rekurs erhoben werden (Art. 240 ZPO in Verbindung mit Art. 241 ZPO und Art. 68 Bst. c GOG). Das Verfahren wird durch das kantonale Prozessrecht bestimmt.</p></body></text>