<?xml version='1.0' encoding='UTF-8'?>
<text author="" date="2020-06-08" decade="2020" description="Eheschutz" file="SG_OG_003_ZKBER-2020-46_2020-06-08.html" id="SG_OG_003_ZKBER-2020-46_2020-06-08" language="de" page="" source="https://entscheidsuche.ch" subtopics="" title="Solothurn Obergericht Zivilkammer 08.06.2020 ZKBER.2020.46" topics="Solothurn Obergericht Zivilkamme" type="SG_OG_003" url="https://gerichtsentscheide.so.ch/cgi-bin/nph-omniscgi.exe?OmnisPlatform=WINDOWS&amp;WebServerUrl=https://gerichtsentscheide.so.ch&amp;WebServerScript=/cgi-bin/nph-omniscgi.exe&amp;OmnisLibrary=JURISWEB&amp;OmnisClass=rtFindinfoWebHtmlService&amp;OmnisServer=7001&amp;Parametername=WEB&amp;Schema=JGWEB&amp;Source=&amp;Aufruf=getMarkupDocument&amp;cSprache=DE&amp;nF30_KEY=144404&amp;W10_KEY=3581943&amp;nTrefferzeile=26&amp;Template=/simple/search_result_document.html" year="2020"><body><p type="plain_text">Obergericht</p><p type="plain_text">Zivilkammer</p><p type="plain_text">Urteil vom 8. Juni 2020</p><p type="plain_text">Es wirken mit:</p><p type="plain_text">Präsident Frey</p><p type="plain_text">Oberrichter Müller</p><p type="plain_text">Oberrichterin Hunkeler</p><p type="plain_text">Gerichtsschreiberin Trutmann</p><p type="plain_text">In Sachen</p><p type="plain_text">A.___,</p><p type="plain_text">Berufungskläger</p><p type="plain_text">gegen</p><p type="plain_text">B.___, vertreten durch Rechtsanwalt Andreas Ehrsam,</p><p type="plain_text">Berufungsbeklagte</p><p type="plain_text">betreffend Eheschutz</p><p type="plain_text">zieht die Zivilkammer des Obergerichts in Erwägung:</p><p type="paragraph_mark">1.</p><p type="plain_text">Mit Eheschutzentscheid vom 30. März 2020 verpflichtete der Amtsgerichtspräsident von Olten-Gösgen A.___ (nachfolgend: Berufungskläger) unter anderem zur Bezahlung von Kindes- und Ehegattenunterhaltsbeiträgen.</p><p type="paragraph_mark">2.</p><p type="plain_text">Gegen das begründete Urteil reichte der Berufungskläger am 29. Mai 2020 Berufung ein und bat um Anpassung der Unterhaltsbeiträge. Im Wesentlichen bringt er vor, aus der beigelegten Buchhaltung sei klar ersichtlich, dass seine Einnahmen weit unter dem von der Vorinstanz ermittelten Einkommen liegen würden.</p><p type="paragraph_mark">3.</p><p type="plain_text">Wie nachfolgend aufgezeigt wird, ist die Berufung im Sinne von Art. 312 der Schweizerischen Zivilprozessordnung (ZPO, SR 272) offensichtlich unzulässig und offensichtlich unbegründet. Sie kann deshalb sogleich ohne Stellungnahme der Gegenpartei abgewiesen werden, soweit darauf eingetreten werden kann.</p><p type="paragraph_mark">4.</p><p type="plain_text">Ein Rechtsbegehren muss so bestimmt sein, dass es im Falle der Gutheissung der Klage unverändert zum Urteil erhoben werden kann. Aus diesem Prozessgrundsatz folgt, dass auf Geldzahlung gerichtete Berufungsanträge zu beziffern sind. Auf eine Berufung mit formell mangelhaften Rechtsbegehren ist ausnahmsweise dann einzutreten, wenn sich aus der Begründung, allenfalls in Verbindung mit dem angefochtenen Entscheid, ergibt, welcher Geldbetrag zuzusprechen ist. Rechtsbegehren sind im Sinne der Begründung auszulegen (BGE 137 III 617; Urteil des Bundesgerichts 5A_3/2019 vom 18. Februar 2019, E. 3).</p><p type="paragraph_mark">5.</p><p type="plain_text">Der Antrag auf Anpassung der Unterhaltsbeiträge genügt diesen Anforderungen nicht. Der Wortlaut des gestellten Antrags spricht gegen die Annahme, es werde eine Herabsetzung der Unterhaltsbeiträge auf CHF 0.00, das heisst eine Aufhebung des angefochtenen Urteils verlangt. Eine Bezifferung kann auch in Verbindung mit der Begründung nicht eruiert werden. Der Berufungskläger bringt einzig vor, die Unterhaltsberechnungen des Amtsgerichtspräsidenten würden nicht auf seinem tatsächlichen Einkommen basieren. Die Bezahlung der festgesetzten Unterhaltsbeiträge sei ihm unzumutbar. Gestützt auf diese Ausführungen des Berufungsklägers lässt sich nicht erschliessen, auf welchen Betrag er die Unterhaltsbeiträge herabgesetzt haben möchte. Darüber hinaus ist es nicht Aufgabe des Gerichts, aus der Begründung herauszusuchen, welche Unterhaltsbeiträge allenfalls verlangt sein könnten, falls sich dies aus der Rechtsschrift nicht hinreichend klar ergibt (Urteil des Bundesgerichts 5A_793/2014 vom 18. Mai 2015, E. 3.2.1). Das Rechtsbegehren ist demnach mangels Bezifferung ungenügend. Auf die Berufung ist nicht einzutreten.</p><p type="paragraph_mark">6.</p><p type="plain_text">Selbst wenn auf die Berufung einzutreten wäre, wäre diese abzuweisen. Die erstmals im Berufungsverfahren vorgetragenen Unterlagen sind neu. Es ist weder ersichtlich noch dargelegt, weshalb der Berufungskläger diese nicht schon vor der ersten Instanz vorgebracht hat. Die neuen Vorbringen können somit nicht berücksichtigt werden (Art. 317 Abs. 1 ZPO). Darüber hinaus hat der Berufungskläger im vorinstanzlichen Verfahren keine vollständigen Angaben zu seinen Einkommensverhältnissen gemacht und es auch im Berufungsverfahren unterlassen, darüber Auskunft zu geben bzw. darzulegen, weshalb er dazu vor dem Vorderrichter keine Gelegenheit hatte.</p><p type="paragraph_mark">7.</p><p type="plain_text">Bei diesem Ausgang hat der Berufungskläger die Kosten des Berufungsverfahrens mit einer Entscheidgebühr von CHF 250.00 zu bezahlen.</p><p type="plain_text">Demnach wird erkannt:</p><p type="paragraph_mark">1.</p><p type="plain_text">Die Berufung wird abgewiesen, soweit darauf eingetreten wird.</p><p type="paragraph_mark">2.</p><p type="plain_text">Bei diesem Ausgang hat A.___ die Kosten des Berufungsverfahrens mit einer Entscheidgebühr von CHF 250.00 zu bezahlen</p><p type="plain_text">Rechtsmittel: Der Streitwert beträgt über CHF 30'000.00.</p><p type="plain_text">Gegen diesen Entscheid kann innert 30 Tagen seit Eröffnung des begründeten Urteils beim Bundesgericht Beschwerde in Zivilsachen eingereicht werden (Adresse: 1000 Lausanne 14). Die Frist wird durch rechtzeitige Aufgabe bei der Schweizerischen Post gewahrt. Die Frist ist nicht erstreckbar. Die Beschwerdeschrift hat die Begehren, deren Begründung mit Angabe der Beweismittel und die Unterschrift des Beschwerdeführers oder seines Vertreters zu enthalten. Für die weiteren Voraussetzungen sind die Bestimmungen des Bundesgerichtsgesetzes massgeblich.</p><p type="plain_text">Im Namen der Zivilkammer des Obergerichts</p><p type="plain_text">Der Präsident Die Gerichtsschreiberin</p><p type="plain_text">Frey Trutmann</p></body></text>