<?xml version='1.0' encoding='UTF-8'?>
<text id="SG_VG_001_B-2019-262--B-2019-2_2020-05-16" author="" title="St.Gallen Verwaltungsgericht 16.05.2020 B 2019/262, B 2019/263" source="https://entscheidsuche.ch" page="1–12" topics="St.Gallen Verwaltungsgericht" subtopics="" language="de" date="2020-05-16" description="Steuerrecht; Art. 45 Abs. 1 VRP, Art. 86 StG und Art. 67 DBG.&#13;&#10;&#13;&#10;Wenn sich aufgrund einer Verlustverrechnung eine Nullveranlagung ergibt, fehlt es der steuerpflichtigen Person an einem Feststellungs- oder einem andersartigen Rechtsschutzinteresse, das sie zur Anfechtung des Entscheids und zur Geltendmachung eines allfälligen überschiessenden Verlustvortrages berechtigen könnte. Es fehlt selbst dann an einem Rechtsschutzinteresse, wenn sich eine Nullveranlagung beim Reingewinn lediglich aufgrund einer Verlustverrechnung ergibt und sich die Steuerpflichtige gegen die Berechnung des Verlustvortrages wendet (Verwaltungsgericht, B 2019/262, B 2019/263).&#13;&#10;&#13;&#10;Die gegen dieses Urteil erhobene Beschwerde ans Bundesgericht wurde mit Urteil vom 20. Oktober 2020 abgewiesen (Verfahren 2C_526/2020)." type="SG_VG_001" file="SG_VG_001_B-2019-262--B-2019-2_2020-05-16.pdf" year="2020" decade="2020">
  <body>
    <p type="plain_text">Entscheid Verwaltungsgericht, 16.05.2020 - Publikationsplattform</p>
    <p type="plain_text">Publikationsplattform</p>
    <p type="plain_text">Fall-Nr.: B 2019/262, B 2019/263</p>
    <p type="plain_text">Stelle: Verwaltungsgericht</p>
    <p type="plain_text">Rubrik: Verwaltungsgericht</p>
    <p type="plain_text">Publikationsdatum: 04.06.2020</p>
    <p type="plain_text">Entscheiddatum: 16.05.2020</p>
    <p type="plain_text">Entscheid Verwaltungsgericht, 16.05.2020</p>
    <p type="plain_text">Steuerrecht; Art. 45 Abs. 1 VRP, Art. 86 StG und Art. 67 DBG. Wenn sich</p>
    <p type="plain_text">aufgrund einer Verlustverrechnung eine Nullveranlagung ergibt, fehlt es der</p>
    <p type="plain_text">steuerpflichtigen Person an einem Feststellungs- oder einem andersartigen</p>
    <p type="plain_text">Rechtsschutzinteresse, das sie zur Anfechtung des Entscheids und zur</p>
    <p type="plain_text">Geltendmachung eines allfälligen überschiessenden Verlustvortrages</p>
    <p type="plain_text">berechtigen könnte. Es fehlt selbst dann an einem Rechtsschutzinteresse,</p>
    <p type="plain_text">wenn sich eine Nullveranlagung beim Reingewinn lediglich aufgrund einer</p>
    <p type="plain_text">Verlustverrechnung ergibt und sich die Steuerpflichtige gegen die</p>
    <p type="plain_text">Berechnung des Verlustvortrages wendet (Verwaltungsgericht, B 2019/262,</p>
    <p type="plain_text">B 2019/263). Die gegen dieses Urteil erhobene Beschwerde ans</p>
    <p type="plain_text">Bundesgericht wurde mit Urteil vom 20. Oktober 2020 abgewiesen</p>
    <p type="plain_text">(Verfahren 2C_526/2020).</p>
    <p type="plain_text">Entscheid vom 16.Mai 2020</p>
    <p type="plain_text">Besetzung</p>
    <p type="plain_text">Abteilungspräsident Zürn; Verwaltungsrichterin Bietenharder, Verwaltungsrichter</p>
    <p type="plain_text">Engeler; Gerichtsschreiberin Blanc Gähwiler</p>
    <p type="plain_text">Verfahrensbeteiligte</p>
    <p type="plain_text">A.__ AG,</p>
    <p type="plain_text">Beschwerdeführerin,</p>
    <p type="plain_text">vertreten durch Rechtsanwalt lic. iur. Marc Weber, Weber Noser von Gleichenstein,</p>
    <p type="plain_text">Waisenhausstrasse14, 9000St. Gallen,</p>
    <p type="plain_text">gegen</p>
    <p type="plain_text">Verwaltungsrekurskommission des Kantons St. Gallen, Unterstrasse28,</p>
    <p type="plain_text">9001St.Gallen,</p>
    <p type="plain_text">Vorinstanz,</p>
    <p type="plain_text">und</p>
    <p type="plain_text">Kantonales Steueramt, Davidstrasse41, 9001St.Gallen,</p>
    <p type="plain_text">Beschwerdegegner,</p>
    <p type="plain_text">sowie</p>
    <p type="plain_text">Eidgenössische Steuerverwaltung, Hauptabteilung Direkte Bundessteuer,</p>
    <p type="plain_text">Eigerstrasse65, 3003Bern,</p>
    <p type="plain_text">Beschwerdebeteiligte,</p>
    <p type="plain_text">Gegenstand</p>
    <p type="plain_text">direkte Bundessteuer aufgrund des Rechnungsabschlusses per 31.12.2015</p>
    <p type="plain_text">Das Verwaltungsgericht stellt fest:</p>
    <p type="paragraph_mark">A.</p>
    <p type="plain_text">Die A.__ AG wurde (…) 2004 unter der Firma B.__ AG im Handelsregister des Kantons</p>
    <p type="plain_text">St.Gallen eingetragen. (…) 2005 verlegte sie ihren Sitz in den Kanton Zug und änderte</p>
    <p type="plain_text">die Firma in C.__ AG. Seit (…) 2010 firmiert sie als A.__ AG unter gleichzeitiger</p>
    <p type="plain_text">Verlegung des Sitzes nach Zürich. Vom (…) 2011 bis (…) 2019 war die Gesellschaft</p>
    <p type="plain_text">wiederum in Kanton St.Gallen mit Sitz in D.__ domiziliert. Seit (…) 2019 befindet sich</p>
    <p type="plain_text">ihr Sitz in E.__ SZ. Der eingetragene Zweck der Gesellschaft besteht im Wesentlichen</p>
    <p type="plain_text">im Anbieten und Erbringen von Dienstleistungen in den Bereichen Finanz-, Anlage-,</p>
    <p type="plain_text">Steuer-, Vorsorge-, Versicherungsberatung und -Vermittlung sowie</p>
    <p type="plain_text">Vermögensverwaltungen. Z.__ war–ab (…) 2008 einziges–Verwaltungsratsmitglied;</p>
    <p type="plain_text">per (…) 2019 schied er aus der Gesellschaft aus. Seither hat Y.__ Einsitz im</p>
    <p type="plain_text">Verwaltungsrat. Seit (…) 2019 ist er Verwaltungsratspräsident und X.__ neu Mitglied</p>
    <p type="plain_text">des Verwaltungsrats (vgl. zum Ganzen www.zefix.ch bzw. die Websites der jeweiligen</p>
    <p type="plain_text">kantonalen Handelsregisterämter).</p>
    <p type="paragraph_mark">B.</p>
    <p type="plain_text">Die A.__ AG wurde am 19.November 2018 ermessensweise für die Kantonssteuern</p>
    <p type="plain_text">2015 mit einem steuerbaren Reingewinn von CHF100 und einem steuerbaren Kapital</p>
    <p type="plain_text">von CHF0 sowie für die direkte Bundessteuer 2015 mit einem steuerbaren Reingewinn</p>
    <p type="plain_text">von CHF100 veranlagt. Der Steuerbetrag wurde entsprechend den</p>
    <p type="plain_text">kantonalgesetzlichen Mindeststeuerbestimmungen auf CHF250 festgelegt (act.7/2/3).</p>
    <p type="plain_text">Am 17.Dezember 2018 erhob die A.__ AG dagegen Einsprache und reichte gleichzeitig</p>
    <p type="plain_text">die Steuererklärung 2015 ein. Gestützt auf einen Jahresverlust gemäss</p>
    <p type="plain_text">Erfolgsrechnung 2015 von CHF869'972 deklarierte sie einen steuerbaren Reingewinn</p>
    <p type="plain_text">von CHF0 und ein steuerbares Eigenkapital von CHF0 (act.7/2/5). Nachdem die A.__</p>
    <p type="plain_text">AG die Einsprache am 28.Februar 2019 mündlich begründet hatte (vgl. act.7/6/II/06),</p>
    <p type="plain_text">unterbreitete die Veranlagungsbehörde mit E-Mail vom 4.März 2019 einen</p>
    <p type="plain_text">Veranlagungsvorschlag für die Kantonssteuern 2015 sowie die direkte Bundessteuer</p>
    <p type="plain_text">2015 (act.7/2/6). Mit Einspracheentscheid vom 3.Mai 2019 hiess das kantonale</p>
    <p type="plain_text">Steueramt die Einsprache teilweise gut und setzte den steuerbaren Reingewinn für die</p>
    <p type="plain_text">Kantonssteuern 2015 und die direkte Bundessteuer 2015 unter Aufrechnung von</p>
    <p type="plain_text">CHF878'864 und Berücksichtigung einer Verlustverrechnung von CHF8'892 neu auf</p>
    <p type="plain_text">CHF0 fest; das steuerbare Kapital für die Kantonssteuer 2015 blieb mit CHF0</p>
    <p type="plain_text">unverändert (act.7/2/1+2). Dagegen erhob die A.__ AG Rekurs und Beschwerde bei</p>
    <p type="plain_text">der Verwaltungsrekurskommission, welche mit Entscheid vom 28.Oktober 2019 auf die</p>
    <p type="plain_text">Rechtsmittel mangels eines aktuellen Rechtsschutzinteresses nicht eintrat (act.2/1).</p>
    <p type="paragraph_mark">C.</p>
    <p type="plain_text">Die A.__ AG (Beschwerdeführerin) erhob gegen den Entscheid der</p>
    <p type="plain_text">Verwaltungsrekurskommission (Vorinstanz) vom 28.Oktober 2019 (zugestellt am</p>
    <p type="plain_text">4.November 2019, act.2/2) mit Eingabe ihres Rechtsvertreters vom 2.Dezember 2019</p>
    <p type="plain_text">Beschwerde beim Verwaltungsgericht und stellte folgende Anträge (act.1):</p>
    <p type="plain_text">1. Der vorinstanzliche Entscheid vom 28.Oktober 2019 sei aufzuheben.</p>
    <p type="plain_text">2. Es sei im Vergleich mit dem Einspracheentscheid vom 3.Mai 2019 auf Aufrechnung</p>
    <p type="plain_text">im Umfang von CHF852'952.50 zu verzichten.</p>
    <p type="plain_text">3. Es sei festzustellen, dass der steuerlich relevante Verlust für das Jahr 2015</p>
    <p type="plain_text">CHF844'060.50 beträgt.</p>
    <p type="plain_text">4. Der in der nächsten Periode maximal verrechenbare Verlust sei auf</p>
    <p type="plain_text">CHF1'236'743.50 festzusetzen.</p>
    <p type="plain_text">5. Es seien die Verfahrenskosten des vorinstanzlichen Verfahrens dem Staat</p>
    <p type="plain_text">aufzuerlegen.</p>
    <p type="plain_text">6. Eventualiter sei die Angelegenheit zur neuen Beurteilung an die Vorinstanz</p>
    <p type="plain_text">zurückzuweisen.</p>
    <p type="plain_text">7. Unter Kosten- und Entschädigungsfolgen inkl. MWST.</p>
    <p type="plain_text">Die Vorinstanz beantragte mit Vernehmlassung vom 13.Dezember 2019 die Abweisung</p>
    <p type="plain_text">der Beschwerde und verwies zur Begründung im Wesentlichen auf die Erwägungen im</p>
    <p type="plain_text">angefochtenen Entscheid (act.6). Das kantonale Steueramt (Beschwerdegegner)</p>
    <p type="plain_text">verzichtete am 7.Januar 2020 ausdrücklich (act.9) und die Eidgenössische</p>
    <p type="plain_text">Steuerverwaltung (Beschwerdebeteiligte) stillschweigend auf eine Vernehmlassung. Mit</p>
    <p type="plain_text">Eingabe vom 13.Februar 2020 teilte die Beschwerdeführerin mit, unter Festhaltung an</p>
    <p type="plain_text">den gestellten Anträgen auf eine weitere Stellungnahme zu verzichten (act.13).</p>
    <p type="plain_text">Auf die Ausführungen der Verfahrensbeteiligten und die Akten wird, soweit wesentlich,</p>
    <p type="plain_text">in den Erwägungen eingegangen.</p>
    <p type="plain_text">Darüber zieht das Verwaltungsgericht in Erwägung:</p>
    <p type="paragraph_mark">1.</p>
    <p type="plain_text">(…)</p>
    <p type="paragraph_mark">2.</p>
    <p type="plain_text">Die sachliche Zuständigkeit des Verwaltungsgerichts ist gegeben (Art.59 Abs.1 des</p>
    <p type="plain_text">Gesetzes über die Verwaltungsrechtspflege, sGS951.1, VRP; Art.196 Abs.1 des</p>
    <p type="plain_text">Steuergesetzes, sGS811.1, StG; Art. 1 Abs. 3 und Art. 7 Abs. 2 der Verordnung zum</p>
    <p type="plain_text">Bundesgesetz über die direkte Bundessteuer, sGS 815.1; Art. 145 des Gesetzes über</p>
    <p type="plain_text">die direkte Bundessteuer, SR 642.11, DBG). Die Beschwerdeführerin ist zur Erhebung</p>
    <p type="plain_text">der Rechtsmittel berechtigt. Die Vorinstanz trat im angefochtenen Entscheid auf die</p>
    <p type="plain_text">Rechtsmittel der Beschwerdeführerin nicht ein. Anfechtungsobjekt bildet somit ein</p>
    <p type="plain_text">Prozessentscheid. Zu prüfen ist demnach einzig, ob die Vorinstanz zu Recht auf den</p>
    <p type="plain_text">Rekurs und die Beschwerde nicht eingetreten ist. Wären die Beschwerde und der</p>
    <p type="plain_text">Rekurs gutzuheissen, wären die Streitsachen zur Behandlung in der Sache an die</p>
    <p type="plain_text">Vorinstanz zurückzuweisen (vgl.Art.64 in Verbindung mit Art.56 Abs.2 VRP;</p>
    <p type="plain_text">T.Kamber, in: Rizvi/Schindler/Cavelti [Hrsg.], Gesetz über die Verwaltungsrechtspflege,</p>
    <p type="plain_text">Praxiskommentar, Zürich/St. Gallen 2020, N17 zu Art.56 VRP; Cavelti/Vögeli,</p>
    <p type="plain_text">Verwaltungsgerichtsbarkeit im Kanton St.Gallen – dargestellt an den Verfahren vor</p>
    <p type="plain_text">dem Verwaltungsgericht, 2.Aufl. 2003, Rz.1032). Soweit die anwaltlich vertretene</p>
    <p type="plain_text">Beschwerdeführerin die Aufhebung des angefochtenen Entscheids (Antrag1), die</p>
    <p type="plain_text">Auferlegung der Verfahrenskosten an den Staat (Antrag 5) und im Eventualfall die</p>
    <p type="plain_text">Rückweisung der Angelegenheit an die Vorinstanz zur neuen Beurteilung (Antrag6)</p>
    <p type="plain_text">beantragt, ist auf die Beschwerde einzutreten. Nicht einzutreten ist dagegen auf die</p>
    <p type="plain_text">Anträge 2 bis 4, mit welchen die Beschwerdeführerin eine Entscheidung in materieller</p>
    <p type="plain_text">Hinsicht beantragt. Im Übrigen wurde die Eingabe vom 2.Dezember 2019 rechtzeitig</p>
    <p type="plain_text">eingereicht, und sie erfüllt in formeller und inhaltlicher Hinsicht die gesetzlichen</p>
    <p type="plain_text">Anforderungen (Art.64 in Verbindung mit Art.47 Abs.1 und Art.48 Abs.1 VRP).</p>
    <p type="paragraph_mark">3.</p>
    <p type="plain_text">Zu prüfen ist–wie in Erwägung 2 bereits erwähnt–einzig, ob die Vorinstanz auf die</p>
    <p type="plain_text">Rechtsmittel zu Recht nicht eingetreten ist. Die Nichteintretensentscheide begründete</p>
    <p type="plain_text">die Vorinstanz im Wesentlichen damit, dass es der Beschwerdeführerin aufgrund der</p>
    <p type="plain_text">Nullveranlagungen an einem aktuellen Rechtsschutzinteresse in beiden Rechtsmitteln</p>
    <p type="plain_text">fehle.</p>
    <p type="plain_text">Gegen die Veranlagungsverfügung kann der Steuerpflichtige innert 30Tagen seit der</p>
    <p type="plain_text">Eröffnung bei der Veranlagungsbehörde schriftlich Einsprache erheben (Art.180 Abs.1</p>
    <p type="plain_text">StG, Art.132 Abs.1 DBG). Nach Art.45 Abs.1 VRP ist zur Erhebung des Rekurses</p>
    <p type="plain_text">berechtigt, wer an der Änderung oder Aufhebung der Verfügung oder des Entscheids</p>
    <p type="plain_text">ein eigenes schutzwürdiges Interesse dartut. Die Rekurs- und</p>
    <p type="plain_text">Beschwerdeberechtigung gehört zu den Prozessvoraussetzungen. Es handelt sich um</p>
    <p type="plain_text">eine Vorbedingung, die erfüllt sein muss, damit die angerufene Behörde (Rekursinstanz</p>
    <p type="plain_text">oder Verwaltungsgericht) einen Entscheid in der Sache fällen kann. Fehlt die</p>
    <p type="plain_text">Legitimation, wird das Verfahren mit einem Nichteintretens-entscheid erledigt. Ob sie</p>
    <p type="paragraph_mark">3.1.</p>
    <p type="plain_text">gegeben ist, prüft die Rechtsmittelinstanz von Amtes wegen (Geisser/Zogg, in: Rizvi/</p>
    <p type="plain_text">Schindler/Cavelti, a.a.O., N3 zu Art.45 VRP; Cavelti/Vögeli, a.a.O., Rz.385; vgl. auch</p>
    <p type="plain_text">BGer 2C_514/2017 vom 17.Dezember 2017 E.2.2.1). Die Voraussetzung des</p>
    <p type="plain_text">Rechtsschutzinteresses gilt nach der bundesgerichtlichen Rechtsprechung für jedes</p>
    <p type="plain_text">Rechtsmittel (vgl. BGer 2C_253/2014 vom 11.Dezember 2014 E.3.2 mit Hinweisen).</p>
    <p type="plain_text">Die Befugnis zur Rechtsmittelerhebung in Steuersachen setzt somit ein schutzwürdiges</p>
    <p type="plain_text">Interesse an der Aufhebung oder Änderung des angefochtenen Entscheides voraus.</p>
    <p type="plain_text">Fehlt dieses, ist auf das Rechtsmittel nicht einzutreten (vgl. Hunziker/Mayer/Knobel in:</p>
    <p type="plain_text">Zweifel/ Beusch [Hrsg.], Bundesgesetz über die direkte Bundessteuer, 3.Aufl. 2016, N</p>
    <p type="plain_text">22 zu Art.140 DBG; Zweifel/ Casanova/Beusch/Hunziker, Schweizerisches</p>
    <p type="plain_text">Steuerverfahrensrecht, Direkte Steuern, 2.Aufl. 2018, §20 Rz.7).</p>
    <p type="plain_text">Vom Reingewinn der Steuerperiode einer juristischen Person werden die Verluste aus</p>
    <p type="plain_text">den sieben der Steuerperiode vorangegangenen Geschäftsjahren abgezogen, soweit</p>
    <p type="plain_text">sie bei der Berechnung des steuerbaren Reingewinns dieser Jahre nicht berücksichtigt</p>
    <p type="plain_text">werden konnten (vgl. Art.86 StG und Art.67 DBG). Ergibt sich aufgrund der</p>
    <p type="plain_text">Verlustverrechnung eine Nullveranlagung, fehlt es der steuerpflichtigen Person in der</p>
    <p type="plain_text">Folge an einem Feststellungs- oder einem andersartigen Rechtsschutzinteresse, das</p>
    <p type="plain_text">sie zur Anfechtung des Entscheids berechtigen könnte. Der formellen und materiellen</p>
    <p type="plain_text">Rechtskraft einer Verfügung zugänglich sind zwar die Entscheidformel (Dispositiv),</p>
    <p type="plain_text">nicht aber die Sachverhaltsfeststellungen oder die Erwägungen zur Rechtslage (Motiv).</p>
    <p type="plain_text">Aus diesem Grund kann nur das Dispositiv Bindungswirkung entfalten. Im Steuerrecht bedeutet dies, dass (nur) die Steuerfaktoren an der Rechtskraft teilhaben. Die Erwägungen, die zum Dispositiv führen, haben lediglich die Bedeutung von Motiven. Die tatsächlichen und die rechtlichen Verhältnisse, auf denen eine rechtskräftige Veranlagung beruht, können an sich in einer späteren Periode abweichend beurteilt werden. Wird eine juristische Person mit einem Reingewinn von null Franken veranlagt, ist damit nur entschieden, dass sie keinen steuerbaren Gewinn erzielt und dementsprechend für das betreffende Jahr keine Steuern zu bezahlen hat. Die Höhe des einer solchen Veranlagungsverfügung zugrunde liegenden Verlusts ist hingegen nicht rechtskräftig festgesetzt worden. Die Steuerbehörden sind daher nach ständiger Praxis befugt, die Höhe der in den Vorjahren geltend gemachten Verluste trotz der Rechtskraft der entsprechenden Veranlagungsverfügung zu überprüfen, wenn sie im Rahmen von Art.86 StG und Art.67 DBG über den Abzug von solchen Verlusten zu befinden haben (vgl. BGE140 I 114 E.2.4 mit weiteren Hinweisen).</p>
    <p type="paragraph_mark">3.2.</p>
    <p type="plain_text">Die Beschwerdeführerin wies in der Bilanz per 31.Dezember 2015 einen Verlust von CHF869'972 aus (act.7/6/II/02). In der Steuererklärung 2015 verrechnete sie diesen mit den Verlusten der Geschäftsjahre 2008 bis 2014 von insgesamt CHF287'091 und deklarierte einen steuerbaren Reingewinn von CHF0 (act.7/2/5). Der Beschwerdegegner rechnete im Einspracheentscheid insgesamt CHF878'864 auf und nahm gleichzeitig eine Verlustverrechnung von CHF8'892 vor. Zudem wurde festgehalten, dass der Stand des Eigenkapitals ein Minus von CHF1'238'491 aufweise (act.7/2/1und2). Weil sich aufgrund der dargelegten Verlustverrechnung sowohl für die Kantonssteuern als auch für die direkte Bundessteuer eine Nullveranlagung ergibt, fehlt es der Beschwerdeführerin praxisgemäss an einem Feststellungs- oder einem andersartigen Rechtsschutzinteresse, das sie zur Anfechtung der diesbezüglichen Nichteintretensentscheide der Vorinstanz in den vorliegend angehobenen Beschwerdeverfahren berechtigten könnte (vgl. BGer 2C_253/2014, 2C_254/2014 vom 11.Dezember 2014 E.3.2; 2C_696/2013 vom 29.April 2014 E.3.4.3).</p>
    <p type="paragraph_mark">3.3.</p>
    <p type="plain_text">Indes gibt es Fälle, wo Steuerentscheide über eine bestimmte Steuerperiode hinaus Rechtskraft entfalten, deren Klärung keinen Aufschub duldet. So schliesst beispielsweise eine positive Gewinneinschätzung notwendigerweise die Feststellung mit ein, dass kein verrechenbarer Verlustvortrag (mehr) vorhanden ist. Dabei handelt es sich um die Feststellung einer dauernden, von den besonderen Verhältnissen der einzelnen Steuerperiode grundsätzlich unabhängigen Rechtslage; der Entscheid wirkt daher periodenübergreifend. Folglich schliesst eine nicht auf Null lautende rechtskräftige Gewinneinschätzung die spätere Berücksichtigung von Verlustüberschüssen generell aus, und zwar unabhängig davon, ob die frühere Einschätzung als solche nach pflichtgemässem Ermessen oder als ordentliche ergangen ist (BGer 2C_696/2013 vom 29.April 2014 E.3.4.2). Dagegen verneinte das Bundesgericht ein derartiges Interesse (BGer 2C_514/2017 vom 13.Dezember 2017) mit Blick auf die bundesrechtliche Rechtsfrage, ob die im Jahr 2010 entstandenen Verluste längstens in der Steuerperiode 2016/2017 oder doch erst in der Steuerperiode 2017/2018 verrechnet werden können. Es erwog, es erscheine zwar als nachvollziehbar, dass die steuerpflichtige Person hierzu eine bundesgerichtliche Klärung herbeiführen möchte. Es gelte aber zu bedenken, dass im Moment erst und nur die Veranlagung für die Zeit vom 1.Januar 2010 bis 31.März 2011 zur Diskussion stehe und für diesen Zeitraum eine Nullveranlagung resultiere (erwähnter BGer E.2.3.2; vgl. auch BGer 2C_489/2018, 2C_490/2018 vom 13.Juli 2018 E.2.2.4). Damit steht aber ohne weiteres fest, dass wenn sich aufgrund der Verlustverrechnung eine</p>
    <p type="paragraph_mark">3.4.</p>
    <p type="plain_text">Nullveranlagung ergibt, es wie dargelegt der steuerpflichtigen Person in der Folge an einem Feststellungs- oder einem andersartigen Rechtsschutzinteresse fehlt, das sie zur Anfechtung des Entscheids und zur Geltendmachung eines allfälligen überschiessenden Verlustvortrages berechtigen könnte. In einem solchen Fall ist die Höhe des für die Nachfolgeperiode massgebenden verbleibenden Verlustvortrags folglich in der Nachfolgeperiode zu prüfen (BGer 2C_696/2013 vom 29.April 2014 E.3.4.2.3). Die mit der Beschwerdeschrift vorgebrachten (materiellen) Begründungen erweisen sich allesamt als unbehelflich, um ausnahmsweise ein aktuelles Rechtsschutzinteresse der Beschwerdeführerin zu bejahen.</p>
    <p type="paragraph_mark">3.5.</p>
    <p type="plain_text">Die Vorbringen betreffend einer allfälligen Verrechnungssteuerpflicht sind unbeachtlich, da diese nicht erkennbar auf die Abänderung der in der gestützt auf den Einspracheentscheid ergangenen Veranlagungsverfügung festgesetzten Steuerfaktoren (steuerbarer Gewinn, steuerbares Kapital), den Steuersatz oder die Steuerbeträge abzielen (vgl. BGer 2C_253/2014 vom 11.Dezember 2014 E.3.2). Es ist zwar nachvollziehbar, dass die Steuerpflichtige hierzu eine Klärung herbeiführen möchte. Wie sie jedoch selbst anerkennt, wird mit den Aufrechnungen noch nicht definitiv über allfällige verrechnungssteuerpflichtige Leistungen befunden, und es steht der Beschwerdeführerin und allfälligen Nahestehenden auch offen, sich gegen die Aufrechnungen zur Wehr zu setzen. Der daraus resultierende Mehraufwand wird durch die bundesgerichtliche Rechtsprechung in Kauf genommen. Vor diesem Hintergrund ist ausserdem nicht ersichtlich, inwiefern die Vorinstanz das rechtliche Gehör verletzt haben soll, indem sie im angefochtenen Entscheid nicht auf den Aspekt der Rückerstattung der Verrechnungssteuer eingegangen ist. Im Übrigen gewährt die Steuerbehörde, wenn sie gewinnwirksame Aufrechnungen tätigt, gleichzeitig auch die Steuerrückstellungen darauf. Andernfalls kann sie formlos verlangt werden. Daher muss die Beschwerdeführerin im Rahmen des Vorsichtsprinzips keine Steuerrückstellungen auf solchen allfälligen Aufrechnungen verbuchen.</p>
    <p type="paragraph_mark">3.5.1.</p>
    <p type="plain_text">Daraus, dass die Vorinstanz in einem unveröffentlichten Entscheid eine Nullveranlagung anders beurteilt hat, kann die Beschwerdeführerin nichts zu ihren Gunsten ableiten. Einerseits handelte es sich dabei gemäss Ausführungen der Vorinstanz um einen speziell gelagerten Einzelfall. Andererseits fehlt bei einer</p>
    <p type="paragraph_mark">3.5.2.</p>
    <p type="plain_text">Nullveranlagung wie dargelegt nach konstanter Rechtsprechung des Bundesgerichts ein Feststellungs- oder andersartiges Rechtsschutzinteresse. Inwiefern vorliegend hinreichend Gründe vorliegen sollten, aufgrund derer eine Praxisänderung geboten sein sollte, erhellt sich dem Verwaltungsgericht nicht. Dasselbe hat für den Einwand, der Beschwerdeführerin sei der Entscheid des Verwaltungsgerichts B2018/159 vom 16.Oktober 2019 nicht bekannt gewesen, zu gelten. Auch jener Entscheid stützt sich auf die bisherige, konstante bundesgerichtliche Rechtsprechung. Eine Verletzung von Treu und Glauben durch die Vorinstanz ist dementsprechend nicht auszumachen, zumal damit von der allseits bekannten Rechtsprechung eben gerade nicht abgewichen wird. Die Vorinstanz führte im angefochtenen Entscheid weiter zutreffend aus, dass mit einer Nullveranlagung nicht verbindlich über Aufrechnungen und geldwerte Leistungen entschieden worden sei. Mit Blick auf die geldwerten Leistungen ist festzuhalten, dass die Veranlagung dieser auf der Stufe der juristischen Person beim Beteiligungsinhaber zu keinem Aufrechnungsautomatismus führt. Dem Beteiligungsinhaber kann zudem die Rechtskraft der Veranlagung der Kapitalgesellschaft – ohne steuerbaren Gewinn und ohne steuerbares Kapital – nicht entgegengehalten werden. Ferner liegt nach bestätigter bundesgerichtlicher Rechtsprechung die Aufrechnung geldwerter Leistungen beim Beteiligungsinhaber auch nicht im (schutzwürdigen) Interesse der Kapitalgesellschaft (vgl. VerwGE B2018/159 vom 16.Oktober 2019 mit weiteren Hinweisen auf Rechtsprechung und Literatur). Schliesslich bezieht sich die Umkehr der Beweislast, die im von der Beschwerdeführerin zitierten Entscheid B2018/256, 257 vom 21.Februar 2019 erwähnt wird, nicht auf eine Nullveranlagung. Die Argumente der Beschwerdeführerin gehen daher auf den vorliegenden Fall mit einer Nullveranlagung fehl.</p>
    <p type="paragraph_mark">3.5.3.</p>
    <p type="plain_text">Soweit die Beschwerdeführerin vorbringt, aufgrund der zahlreichen Aufrechnungen resultiere für das Steuerjahr 2015 in der Steuerbilanz gar kein Verlust, und eine Nullveranlagung liege nur deshalb vor, weil Verlustverrechnungen vorgenommen worden seien, sei auf die bereits dargelegte bundesgerichtliche Rechtsprechung verwiesen. Demnach fehlt es selbst dann an einem Rechtsschutzinteresse, wenn sich eine Nullveranlagung beim Reingewinn lediglich aufgrund einer Verlustverrechnung ergibt und sich die Steuerpflichtige gegen die Berechnung des Verlustvortrages wendet (BGer 2C_124/2019 vom 7.Februar 2019 mit Hinweis auf BGE 140 I 114 E.2.4.1; BGer 2C_253/2014, 2C_254/2014 vom 11.Dezember 2014 E.3.2). Aus den von der</p>
    <p type="paragraph_mark">3.5.4.</p>
    <p type="plain_text">Beschwerdeführerin zur Stützung ihrer Rechtsposition angeführten Bundesgerichtsentscheiden lässt sich nichts Anderes herleiten. Wie dargelegt, nehmen einzig die Steuerfaktoren an der Rechtskraft teil. Wird eine juristische Person mit einem Reingewinn von null Franken veranlagt, ist damit bloss entschieden, dass sie – die juristische Person – in der massgebenden Steuerperiode keinen steuerbaren Gewinn erzielt und dementsprechend für das betreffende Jahr keine Steuern zu bezahlen hat. Über den "Nullgewinn" hinaus ist damit zum Verlust in betraglicher Hinsicht noch nichts Abschliessendes gesagt. Diese Frage stellt sich erst dann, wenn in einer späteren Steuerperiode ein steuerbarer Reingewinn auftritt (BGer 2C_514/2017 vom 13.Dezember 2017 E.2.3.1). Aufgrund der aktenkundigen Verlustverrechnung liegt jedoch kein steuerbarer Reingewinn vor. Die Behauptung der Beschwerdeführerin, wonach ein späteres Nachholen der Verrechnung von Vorjahresverlusten nicht mehr möglich sei, greift zu kurz: Der Verrechnungsausschluss ist gemäss bundesgerichtlicher Rechtsprechung nämlich lediglich bei einer positiven Veranlagung gegeben. Da die Verlustverrechnung nicht aufgeschoben werden darf, rechtfertigt der Verzicht auf die Ergreifung eines Rechtsmittels gegen eine derartige Veranlagung lediglich (aber immerhin) die Annahme, dass keine verrechenbaren Verluste (mehr) vorliegen. Insofern liegt über das Bestehen von Verlusten bzw. über deren vollständige Kompensation mit Gewinnen bis und mit Abschluss des zuletzt steuerlich erfassten Geschäftsjahres ein rechtskräftiger Entscheid vor, auf welchen nicht mehr zurückgekommen werden kann; es sei denn, die Voraussetzungen einer Revision seien erfüllt. Davon zu unterscheiden ist die Situation bei einer Nullveranlagung: In diesem Fall ist die Höhe des für die Nachfolgeperiode massgebenden verbleibenden Verlustvortrags in der Nachfolgeperiode zu prüfen (vgl. zum Ganzen ausführlich BGer 2C_696/2013 vom 29.April 2014, insbesondere E.3.4.3 mit zahlreichen Hinweisen). In dem von der Beschwerdeführerin zitierten Bundesgerichtsentscheid 2A.192/2000 vom 9.Mai 2001 (in: StE 2001 B96.11 Nr.6) ging es darum, dass die Steuerverwaltung in der Veranlagungsverfügung festhielt, der vortragbare Verlust per 31.Dezember 1997 betrage CHF584'363. Vor der dortigen Rekurskommission beantragte die steuerpflichtige AG die Erhöhung des Verlusts auf CHF804'127. Auf Verwaltungsgerichtsbeschwerde der AG hin hob das Bundesgericht den Entscheid jener Rekurskommission und den Einspracheentscheid auf. Auf das Begehren, den vortragbaren Verlust nominal festzusetzen, trat es aber nicht ein. Es hielt in ausführlicher Auseinandersetzung mit der in der Lehre vorgetragenen Kritik daran fest, dass Feststellungsentscheide bei der direkten Bundessteuer mit grösster</p>
    <p type="paragraph_mark">3.5.5.</p>
    <p type="paragraph_mark">4.</p>
    <p type="plain_text">Die Beschwerdeführerin beanstandet schliesslich die vorinstanzliche Verlegung der Verfahrenskosten. Soweit die Vorinstanz in der Entscheidbegründung auf den verwaltungsgerichtlichen Entscheid B2018/159 vom 16.Oktober 2019 verweise, sei dieser erst nach Zustellung des angefochtenen Entscheids publiziert worden und der Beschwerdeführerin demnach nicht bekannt gewesen. Wie bereits vorstehend in Erwägung 3.5.2 dargelegt, fand mit VerwGE B2018/159 vom 16.Oktober 2019 keine Praxisänderung statt. Jener Entscheid stützte sich vielmehr auf die langjährige Praxis des Bundesgerichts und verneinte ein Feststellungs- bzw. Rechtsschutzinteresse bei einer Nullveranlagung. Folglich besteht kein Anlass, von der vorinstanzlichen Kostenverteilung abzuweichen. Diese ist daher zu bestätigen.</p>
    <p type="paragraph_mark">5.</p>
    <p type="plain_text">Zusammenfassend ergibt sich, dass die Beschwerde, soweit darauf einzutreten ist, abzuweisen ist. (…). Zurückhaltung zu gewähren und für die Fixierung von Verlustvorträgen abzulehnen seien. Die Veranlagungsverfügung laute in solchen Fällen auf null. Das Vorhandensein von Verlusten finde sich nur in der Begründung, welche an der Rechtskraftwirkung des Urteilsdispositivs jedoch nicht teilhätten (BGer 2A.192/2000 vom 9.Mai 2001). Wie die Vorinstanz im angefochtenen Entscheid zu Recht erkannte, ging es folglich um die (unzulässige) Feststellung der Höhe des verrechenbaren Verlustvortrages. Vorliegend beschränkt sich der Einspracheentscheid des Beschwerdegegners bezüglich beider Steuerveranlagungen jedoch auf die jeweiligen Steuerfaktoren und lässt folgerichtig im Dispositiv die Verrechenbarkeit kumulierter Verluste in künftigen Jahren offen. Die Schlussfolgerung der Vorinstanz, wonach ein (aktuelles) Rechtsschutzinteresse jedoch richtigerweise selbst dann erst zu bejahen sei, wenn nach erfolgter Verlustverrechnung noch ein steuerbarer Gewinn verbleibe, lässt sich aufgrund des Dargelegten daher nicht beanstanden. Die Vorinstanz erkannte in ihrem Entscheid daher zu Recht, dass es der Beschwerdeführerin bezüglich der beiden erhobenen Rechtsmittel aufgrund der Nullveranlagung an einem aktuellen Rechtsschutzinteresse fehle. Es ist deshalb nicht zu beanstanden, dass die Vorinstanz auf den Rekurs und die Beschwerde gegen den Einspracheentscheid vom 3.Mai 2019 nicht eingetreten ist.</p>
    <p type="paragraph_mark">3.6.</p>
    <p type="plain_text">Demnach erkennt das Verwaltungsgericht auf dem Zirkulationsweg zu Recht:</p>
    <p type="paragraph_mark">1.</p>
    <p type="plain_text">Die Beschwerdeverfahren B2019/262 und B2019/263 werden vereinigt.</p>
    <p type="paragraph_mark">2.</p>
    <p type="plain_text">Die Beschwerde B2019/262 betreffend Kantonssteuern aufgrund des Rechnungsabschlusses per 31.Dezember 2015 wird abgewiesen, soweit darauf einzutreten ist.</p>
    <p type="paragraph_mark">3.</p>
    <p type="plain_text">Die Beschwerde B2019/263 betreffend direkte Bundessteuer aufgrund des Rechnungsabschlusses per 31.Dezember 2015 wird abgewiesen, soweit darauf einzutreten ist.</p>
    <p type="paragraph_mark">4.</p>
    <p type="plain_text">Die amtlichen Kosten der Beschwerdeverfahren von CHF1'800 (Kantonssteuern) und von CHF1'200 (direkte Bundessteuer) bezahlt die Beschwerdeführerin unter Verrechnung mit den von ihr geleisteten Kostenvorschüssen von insgesamt CHF3'000.</p>
    <p type="paragraph_mark">5.</p>
    <p type="plain_text">Ausseramtliche Kosten werden nicht entschädigt. Entscheid Verwaltungsgericht, 16.05.2020 Steuerrecht; Art. 45 Abs. 1 VRP, Art. 86 StG und Art. 67 DBG. Wenn sich aufgrund einer Verlustverrechnung eine Nullveranlagung ergibt, fehlt es der steuerpflichtigen Person an einem Feststellungs- oder einem andersartigen Rechtsschutzinteresse, das sie zur Anfechtung des Entscheids und zur Geltendmachung eines allfälligen überschiessenden Verlustvortrages berechtigen könnte. Es fehlt selbst dann an einem Rechtsschutzinteresse, wenn sich eine Nullveranlagung beim Reingewinn lediglich aufgrund einer Verlustverrechnung ergibt und sich die Steuerpflichtige gegen die Berechnung des Verlustvortrages wendet (Verwaltungsgericht, B 2019/262, B 2019/263). Die gegen dieses Urteil erhobene Beschwerde ans Bundesgericht wurde mit Urteil vom 20. Oktober 2020 abgewiesen (Verfahren 2C_526/2020). 2021-05-19T00:05:45+0200 "9001 St.Gallen" Publikationsplattform Kanton St.Gallen</p>
  </body>
  <body_footnote />
</text>