<?xml version='1.0' encoding='UTF-8'?>
<text id="SZ_KG_004_BEK-2018-27_2018-05-14" author="" title="Schwyz Kantonsgericht Beschwerdekammer 14.05.2018 BEK 2018 27" source="https://entscheidsuche.ch" page="1–5" topics="Schwyz Kantonsgericht Beschwerdekamme" subtopics="" language="de" date="2018-05-14" description="Sistierung Strafverfahren | Untersuchungsführung" type="SZ_KG_004" file="SZ_KG_004_BEK-2018-27_2018-05-14.pdf" year="2018" decade="2010">
  <body>
    <p type="plain_text">Kantonsgericht Schwyz</p>
    <p type="plain_text">Beschluss vom 14. Mai 2018</p>
    <p type="plain_text">BEK 2018 27</p>
    <p type="plain_text">Mitwirkend Kantonsgerichtsvizepräsidentin lic. iur. Daniela Pérez-Steiner,</p>
    <p type="plain_text">Kantonsrichter Clara Betschart und Josef Reichlin,</p>
    <p type="plain_text">Gerichtsschreiber lic. iur. Mathis Bösch.</p>
    <p type="plain_text">In Sachen A.________,</p>
    <p type="plain_text">Privatkläger und Beschwerdeführer,</p>
    <p type="plain_text">vertreten durch Rechtsanwältin B.________,</p>
    <p type="plain_text">gegen</p>
    <p type="plain_text">1. Staatsanwaltschaft March, Postfach 162, Rathausplatz 1, 8853 Lachen,</p>
    <p type="plain_text">Strafverfolgungsbehörde und Beschwerdegegnerin,</p>
    <p type="plain_text">vertreten durch Staatsanwalt C.________,</p>
    <p type="plain_text">2. D.________,</p>
    <p type="plain_text">Beschuldigter und Beschwerdegegner,</p>
    <p type="plain_text">vertreten durch Rechtsanwalt E.________,</p>
    <p type="plain_text">betreffend Sistierung Strafverfahren</p>
    <p type="plain_text">(Beschwerde gegen die Verfügung der Staatsanwaltschaft March vom</p>
    <p type="plain_text">23. Januar 2018, SUM 2018 113);-</p>
    <p type="plain_text">hat die Beschwerdekammer,</p>
    <p type="plain_text">nachdem sich ergeben und in Erwägung:</p>
    <p type="paragraph_mark">1.</p>
    <p type="plain_text">Rechtsanwalt F.________ ist in dem beim kantonalen Strafgericht hängigen Strafprozess der Veruntreuung, Erpressung, Wucher und Nötigung angeklagt (SGO 2017 4). Dessen Verteidiger, Rechtsanwalt D.________, stellte mit Eingabe vom 11. September 2017 Beweisanträge (U-act. 3.1.01 Beilage 17). Der Anwalt des Privatklägers, A.________, liess seine Rechtsvertreterin in der Folge am 19. Januar 2018 gegen Rechtsanwalt D.________ Strafantrag wegen übler Nachrede stellen, weil ihm in der Begründung der Beweisanträge in verschiedener Hinsicht unehrenhaftes Verhalten vorgeworfen werde (U-act. 3.1.01). Die Staatsanwaltschaft March verfügte am 22. Januar 2018 die eröffnete Untersuchung (U-act. 9.1.02) bis zur rechtskräftigen Erledigung des Strafverfahrens beim kantonalen Strafgericht zu sistieren. Mit Beschwerde vom 5. Februar 2018 beantragt der Strafanzeigeerstatter dem Kantonsgericht, die Sistierungsverfügung aufzuheben und die Strafsache zur Fortführung des Verfahrens an die Vorinstanz zurückzuweisen. Die Staatsanwaltschaft verzichtete auf Gegenbemerkungen (KG-act. 6). Mit Beschwerdeantwort vom 17. April 2018 verlangte der Beschuldigte, die Beschwerdeanträge vollumfänglich abzuweisen und die Sistierungsverfügung zu bestätigen (KG-act. 10). Ausserdem stellte er den Antrag, die Rechtsvertreterin des Beschwerdeführers superprovisorisch vom vorliegenden Verfahren auszuschliessen und allen in dessen Kanzlei tätigen Anwälten jegliche Mandatsübernahme zu untersagen (KG-act. 11).</p>
    <p type="paragraph_mark">2.</p>
    <p type="plain_text">Die Staatsanwaltschaft hat die vorliegende Untersuchung sistiert, weil sie deren Ausgang von dem beim kantonalen Strafgericht pendenten Prozess gegen den Mandanten des Beschwerdegegners abhängig abzuwarten angebracht erachtete (Art. 314 Abs. 1 lit. b StPO). Sie begründet dies konkret damit, dass sich je nach Prozessausgang Hinweise mit entweder be- oder entlastender Bedeutung für das vorliegende Verfahren ergeben. Damit verkennt sie indes die doch relativ hohen Anforderungen an eine Sistierung. Art. 314 Abs. 1 lit. b StPO stellt zwar eine Kann-Bestimmung dar und räumt, wie sich auch aus dem darin enthaltenen Passus "angebracht erscheint" ergibt, der Staatsanwaltschaft einen Ermessensspielraum ein (vgl. BGer 1B_421/2012 vom 19. Juni 2013 E. 2.1 mit Hinweis). Die Sistierung des Strafverfahrens mit Blick auf ein anderes Verfahren rechtfertigt sich jedoch nur, wenn sich das Ergebnis jenes Verfahrens tatsächlich auf das Ergebnis des Strafverfahrens auswirken kann und wenn jenes Verfahren die Beweiswürdigung im Strafverfahren erheblich erleichtert (BGer 1B_21/2015 vom 1. Juli 2015 E. 2.1 mit Hinweisen). Die vorliegende Untersuchung ist nicht derart vom Ausgang des strafgerichtlichen Prozesses abhängig, dass sich schon so früh eine Sistierung rechtfertigte; denn grundsätzlich ist abgesehen von der bislang von der Staatsanwaltschaft nicht behandelten Frage, ob die beanstandeten Ausdrücke überhaupt unehrenhaft sein könnten, zu berücksichtigen, dass Prozessparteien, namentlich deren Anwälte nicht von Vornherein daran gehindert sein sollen, das Notwendige zur Erläuterung ihres Prozessstandpunktes unmissverständlich und deutlich zum Ausdruck zu bringen (vgl. dazu etwa Trechsel/Lieber, PK, 32018, Art. 173 StGB N 6 und 8). Eine diese Thematik klärende Untersuchung ist weniger vom effektiven Ausgang des Strafprozesses als von der Beurteilung abhängig, ob das, was der Beschwerdegegner als Verteidiger im Hinblick auf den für den Beschuldigten vor Strafgericht anvisierten Freispruch vorbrachte, noch als sachlich vertretbar und zweckmässig erscheint. Dies beurteilt sich grundsätzlich unabhängig vom Ausgang des strafgerichtlichen Prozesses, der deshalb für die vorliegende Untersuchung nicht unentbehrlich ist (vgl. Landshut/Bosshard in Donatsch/Hansjakob/Lieber, 22014, Art. 314 StPO N 12). In Abwägung mit dem Beschleunigungsgebot (Art. 5 Abs. 1 StPO) und angesichts der verkürzten Verjährungsfrist (Art. 178 Abs. 1 StGB) rechtfertigt sich daher die angefochtene Sistierung nicht. 3. Aus diesen Gründen ist die Beschwerde gutzuheissen und die angefochtene Sistierungsverfügung aufzuheben.</p>
    <p type="paragraph_mark">a)</p>
    <p type="plain_text">Die prozessleitenden Anträge des Beschwerdegegners zur Rechtsvertretung des Beschwerdeführers erweisen sich hier als unerheblich. Es ist in Bezug auf die im Beschwerdeverfahren einzig zu beurteilenden Sistierungsvoraussetzungen im Sinne von Art. 314 Abs. 1 lit. b StPO nicht ersichtlich, inwiefern allfälligen Bedenken von Interessenskonflikten zufolge der beanstandeten Mehrfachvertretungen im Strafprozess oder in den durch die gegenseitigen Strafanzeigen der involvierten Rechtsanwälte ausgelösten Untersuchungen vorausschauend Rechnung getragen werden müsste, zumal der Beschwerdegegner in diesem Beschwerdeverfahren nur die superprovisorische Ausschliessung der Vertreterin des Beschwerdeführers verlangte, jedoch keinen Antrag auf Nichteintreten stellte.</p>
    <p type="paragraph_mark">b)</p>
    <p type="plain_text">Weiter offen bleiben etwa auch die Voraussetzungen von Sistierungen im Sinne von Art. 314 Abs. 1 lit. c und Abs. 2 StPO.</p>
    <p type="paragraph_mark">c)</p>
    <p type="plain_text">Mit vorliegender Gutheissung der Beschwerde muss die Staatsanwaltschaft das Verfahren wieder aufnehmen, weil die Sistierung verweigert wird. Die Verweigerung der Sistierung ist nicht mit der grundsätzlich innert 30 Tagen zulässigen Beschwerde in Strafsachen weiterziehbar (vgl. dazu Schmid/Jositsch, PK, 32018, Art. 314 StPO N 12 f.; Omlin, BSK, 22014, Art. 314 StPO N 47), weshalb auf eine förmliche Rechtsmittelbelehrung zu verzichten ist. Ausgangsgemäss hat der unterliegende Beschwerdegegner die Kosten des Beschwerdeverfahrens zu tragen und den Beschwerdeführer zu entschädigen (Art. 428 Abs. 1 sowie Art. 436 Abs. 1 i.V.m. 433 Abs. 1 StPO; § 2, 6 und 12 GebTRA);- beschlossen:</p>
    <p type="paragraph_mark">1.</p>
    <p type="plain_text">Die Beschwerde wird gutgeheissen und die angefochtene Verfügung aufgehoben.</p>
    <p type="paragraph_mark">2.</p>
    <p type="plain_text">Die Kosten des Beschwerdeverfahrens von Fr. 1‘200.00 werden dem Beschwerdegegner auferlegt. Dem Beschwerdeführer ist die geleistete Sicherheit von Fr. 1‘200.00 aus der Kantonsgerichtskasse zurückzuzahlen.</p>
    <p type="paragraph_mark">3.</p>
    <p type="plain_text">Der Beschwerdegegner wird verpflichtet, den Beschwerdeführer für das Verfahren vor Kantonsgericht mit Fr. 1‘000.00 zu entschädigen.</p>
    <p type="paragraph_mark">4.</p>
    <p type="plain_text">Zufertigung an Rechtsanwältin B.________ (2/R, mit Doppel von KG- act. 10 f.), Rechtsanwalt E.________ (2/R), die Staatsanwaltschaft March (zusammen mit BEK 2018 26, 2/R, mit den Akten), die Oberstaatsanwaltschaft (1/R) und nach definitiver Erledigung an die Kantonsgerichtskasse (1/ü, im Dispositiv). Namens der Beschwerdekammer Die Kantonsgerichtsvizepräsidentin Der Gerichtsschreiber Versand 16. Mai 2018  kau</p>
  </body>
  <body_footnote />
</text>