<?xml version='1.0' encoding='UTF-8'?>
<text id="SZ_KG_002_ZK2-2017-66_2019-09-18" author="" title="Schwyz Kantonsgericht 2. Zivilkammer 18.09.2019 ZK2 2017 66" source="https://entscheidsuche.ch" page="1–6" topics="Schwyz Kantonsgericht 2. Zivilkamme" subtopics="" language="de" date="2019-09-18" description="Anerkennung von Aktionären und Einsichtsrecht | Rechtsschutz in klaren Fällen" type="SZ_KG_002" file="SZ_KG_002_ZK2-2017-66_2019-09-18.pdf" year="2019" decade="2010">
  <body>
    <p type="plain_text">Kantonsgericht Schwyz</p>
    <p type="plain_text">Verfügung vom 18. September 2019</p>
    <p type="plain_text">ZK2 2017 66</p>
    <p type="plain_text">Mitwirkend Kantonsgerichtsvizepräsidentin lic. iur. Daniela Pérez-Steiner,</p>
    <p type="plain_text">Gerichtsschreiberin MLaw Julia Lüönd.</p>
    <p type="plain_text">In Sachen 1. A.________,</p>
    <p type="plain_text">Gesuchsteller, Kläger und Berufungsführer 1,</p>
    <p type="plain_text">2. B.________,</p>
    <p type="plain_text">Gesuchsteller, Kläger und Berufungsführer 2,</p>
    <p type="plain_text">beide vertreten durch Rechtsanwalt C.________,</p>
    <p type="plain_text">gegen</p>
    <p type="plain_text">D.________ AG,</p>
    <p type="plain_text">Gesuchsgegnerin, Beklagte und Berufungsgegnerin,</p>
    <p type="plain_text">vertr. durch Konkursamt Schwyz, Postfach 364, Strehlgasse 11,</p>
    <p type="plain_text">6431 Schwyz,</p>
    <p type="plain_text">betreffend Anerkennung von Aktionären und Einsichtsrecht</p>
    <p type="plain_text">(Berufung gegen die Verfügung des Einzelrichters am Bezirksgericht Schwyz</p>
    <p type="plain_text">vom 11. Mai 2017, ZES 2017 126);-</p>
    <p type="plain_text">hat die Kantonsgerichtsvizepräsidentin,</p>
    <p type="plain_text">nachdem sich ergeben und in Erwägung:</p>
    <p type="plain_text">- dass A.________ und B.________ (nachfolgend: Berufungsführer) am 31. Juli 2017 beim Kantonsgericht fristgerecht Berufung gegen die Verfügung des Einzelrichters am Bezirksgericht Schwyz vom 11. Mai 2017 erhoben und beantragten, es sei auf die Berufung einzutreten, Ziffer 2 der angefochtenen Verfügung sei aufzuheben und „D.________ AG“ habe ihnen die Jahresrechnung samt Angabe der jeweiligen Vorjahreswerte sowie den Geschäfts- und den Revisionsbericht ab den Geschäftsjahren 2014 auszuhändigen, alles unter Kosten- und Entschädigungsfolgen zulasten der D.________ AG (KG-act. 1 und 2); - dass im Amtsblatt des Kantons Schwyz Nr. xx vom ________ öffentlich bekannt gemacht wurde, dass die D.________ AG mit Beschluss der Generalversammlung vom 8. August 2015 ihren Sitz nach Valletta (MT) verlegt habe und dass die Gesellschaft als Limited Liability Company unter der Firma E.________ mit Sitz in Valletta (MT) im Handelsregister von Malta registriert und ohne Auflösung und Liquidation im Handelsregister des Kantons Schwyz gelöscht worden sei; - dass die Einzelrichterin am Bezirksgericht Schwyz mit Verfügung vom 17. Januar 2018 den Konkurs über die D.________ AG mit Sitz in Valletta eröffnete (Amtsblatt des Kantons Schwyz Nr. yy vom ________); - dass dieselbe am 6. März 2018 die Einstellung des Konkursverfahrens mangels Aktiven in Sachen Konkursmasse der D.________ AG verfügte (KGact. 9; Amtsblatt des Kantons Schwyz Nr. zz vom ________) und dass sie mit Verfügung vom 28. März 2018 das summarische Konkursverfahren anordnete, nachdem ein Gläubiger die für die Durchführung des eingestellten Konkursverfahrens erforderliche Sicherheit geleistet hatte (KG-act. 14); - dass die Berufungsführer und die Konkursmasse der D.________ AG, vertreten durch die Konkursverwaltung bzw. das Konkursamt Schwyz, am 6. April 2018 dazu aufgefordert wurden, zur Frage der Sistierung des Berufungsverfahrens Stellung zu nehmen (KG-act. 15) und dass das Berufungsverfahren daraufhin am 16. Juli 2018 sistiert wurde (KG-act. 19); - dass das Konkursamt Schwyz auf Anfrage am 20. Mai 2019 bzw. 25. Juni 2019 mitteilte, es habe wegen der Sitzverlegung der D.________ AG nach Malta keine Geschäftsbücher dieser Gesellschaft in Verwahrung nehmen können (KG-act. 20 und 21) bzw. in der Eingabe vom 25. Juni 2019 ausführte, es habe das Konkursamt Genf rechtshilfeweise beauftragt, den Verwaltungsrat F.________ einzuvernehmen; es lasse dem Kantonsgericht dieses Einvernahmeprotokoll sowie die eingereichten Unterlagen des Konkursamts Genf zukommen; weitere Geschäftsakten resp. Buchhaltungsunterlagen hätten nicht sichergestellt werden können (KGact. 21); - dass die Sistierung des Verfahrens mit Verfügung vom 22. Juli 2019 aufgehoben wurde und die Berufungsführer Gelegenheit erhielten, zur Eingabe des Konkursamts Schwyz (KG-act. 21 und 21/1) Stellung zu nehmen (KG-act. 22); - dass die Berufungsführer ihre Berufung vom 31. Juli 2017 gegen die Verfügung des Einzelrichters am Bezirksgericht Schwyz vom 11. Mai 2017, (ZES 2017 126) mit Eingabe vom 13. September 2019 zurückzogen (KGact. 27 f.), weshalb das Verfahren gestützt auf Art. 241 Abs. 3 ZPO abzuschreiben ist; - dass bei diesem Ausgang des Verfahrens die Gerichtskosten gestützt auf Art. 106 Abs. 1 ZPO den Beschwerdeführern aufzuerlegen sind, zumal sie weder Gründe darlegen noch solche ersichtlich sind, die für eine andere Verteilung der Kosten sprechen würden, und das Berufungsverfahren insbesondere aufgrund der vom Konkursamt Schwyz eingereichten Beilagen (KG-act. 21/1) nicht als gegenstandslos i.S.v. Art. 242 ZPO abzuschreiben war, ansonsten den Berufungsführern mit Verfügung vom 22. Juli 2019 auch hierzu das rechtliche Gehör zu gewähren gewesen bzw. gewährt worden wäre; - dass vorliegend keine Partei- oder Umtriebsentschädigungen zu sprechen sind; - dass die Abschreibung des Verfahrens präsidial erfolgen kann (§ 40 Abs. 2 i.V.m. § 41 Abs. 1 JG);- verfügt:</p>
    <p type="paragraph_mark">1.</p>
    <p type="plain_text">Das Verfahren wird infolge Rückzugs der Berufung abgeschrieben.</p>
    <p type="paragraph_mark">2.</p>
    <p type="plain_text">Die zweitinstanzlichen Kosten von Fr. 800.00 werden den Berufungsführern unter solidarischer Haftbarkeit auferlegt und von ihren Kostenvorschüssen von je Fr. 1'250.00, mithin in der Höhe von je Fr. 400.00 bezogen. Der Restbetrag von je Fr. 850.00 wird ihnen nach definitiver Erledigung des Verfahrens durch die Kantonsgerichtskasse zurückerstattet.</p>
    <p type="paragraph_mark">3.</p>
    <p type="plain_text">Gegen diesen Entscheid kann innert 30 Tagen seit Zustellung nach Massgabe von Art. 72 ff. des Bundesgerichtsgesetzes Beschwerde in Zivilsachen beim Bundesgericht in Lausanne eingereicht werden; die Beschwerdeschrift muss den Anforderungen von Art. 42 BGG entsprechen. Der Streitwert ist unbestimmt.</p>
    <p type="paragraph_mark">4.</p>
    <p type="plain_text">Zufertigung an Rechtsanwalt C.________ (3/R, unter Beilage von KG- act. 26), das Konkursamt Schwyz (1/R, unter Beilage von KG-act. 26 f.), die Vorinstanz (1/A) sowie nach definitiver Erledigung an die Vorinstanz (1/R, mit den Akten) und an die Kantonsgerichtskasse (1/ü, im Dispositiv). Die Kantonsgerichtsvizepräsidentin Die Gerichtsschreiberin Versand 18. September 2019  kau</p>
  </body>
  <body_footnote />
</text>