<?xml version='1.0' encoding='UTF-8'?>
<text author="" date="1996-04-30" decade="1990" description="1. In einem Verfahren wegen Rechtsverzögerung verlangt die Beschwerdeführerin Schadenersatz und/oder Genugtuung.  Freilich besteht nach der Praxis des Bundesgerichts im Sinne einer quasi übergesetzlichen Organisationshaftung eine Verantwortlichkeit des Gemeinwesens für Rechtsverzögerungen, auch ohne dass eine individuelle Amtspflicht verletzt wurde (BGE 119 III 1 und 107 III 7). Daraus kann indessen nicht der Schluss gezogen werden, eine Forderung auf Genugtuung oder Schadenersatz aus ..." file="TG_OG_001_RBOG-1996-Nr--44_1996-04-30.html" id="TG_OG_001_RBOG-1996-Nr--44_1996-04-30" language="de" page="" source="https://entscheidsuche.ch" subtopics="" title="Thurgau Obergericht Rechenschaftsbericht 30.04.1996 RBOG 1996 Nr. 44 (JU 94 8)" topics="Thurgau Obergericht Rechenschaftsberich" type="TG_OG_001" url="http://ogbuch.tg.ch/html/0314FE21-ED15-4A7A-9A93B9AB01DD83B9.html" year="1996"><body><p type="plain_text">RBOG 1996 Nr. 44</p><p type="plain_text">Haftungsansprüche wegen Verletzung des Beschleunigungsgebots im Strafprozess sind im Verfahren nach § 12 Abs. 1 VerantwG geltend zu machen</p><p type="paragraph_mark">1.</p><p type="plain_text">In einem Verfahren wegen Rechtsverzögerung verlangt die Beschwerdeführerin Schadenersatz und/oder Genugtuung.</p><p type="paragraph_mark">2. a)</p><p type="plain_text">Die EMRK verpflichtet zu beförderlicher Behandlung von Prozessen; jedermann hat Anspruch auf Entscheidung innerhalb einer angemessenen Frist (Miehsler/Vogler, Internationaler Kommentar zur EMRK, Art. 6 N 309; BGE 117 IV 124 = Pra 82, 1993, Nr. 81 S. 298 ff.). Allerdings sind die Gründe, aus welchen ein Verfahren verhältnismässig lange dauert, sehr vielfältig. Es gibt immer wieder Prozesse, deren Beendigung aus einleuchtenden Gründen nicht früher möglich ist (RBOG 1992 S. 6). Der Europäische Gerichtshof und die Europäische Kommission für Menschenrechte haben aus diesem Grunde keine bestimmten Zeitgrenzen festgelegt, sondern vielmehr bei ihren Entscheidungen, ob bei längerer Verfahrensdauer die EMRK verletzt wurde, immer unter Abwägung aller Umstände des jeweiligen Einzelfalles entschieden (Schoibl, Die überlange Dauer von Zivilverfahren im Lichte von Art. 6 Abs. 1 EMRK, in: ÖRiZ 1993, S 58 ff.; Henckel, in: Verfahrensgarantien im nationalen und internationalen Prozessrecht, Festschrift Franz Matscher, Wien 1993, S. 185 ff.; Matscher, in: Staatsrecht und Staatswissenschaft in Zeiten des Wandels, Festschrift Ludwig Adamovic, Wien 1992, S. 409 N 17, S. 416; Villiger, Handbuch der Europäischen Menschenrechtskonvention, S. 267 ff.; vgl. EuGRZ 1983 S. 482 ff.). Praktische Bedeutung kommt dem insofern zu, als die Kantone nach der bundesgerichtlichen Rechtsprechung von Bundesrechts wegen - grundsätzlich unabhängig von ihrer Finanzlage - ihren Bürgern gegenüber zur Gewährung einer ordnungsgemässen Rechtspflege verpflichtet sind; die Missachtung dieses Grundsatzes kann zu einer Haftpflicht des Staats führen (BGE 107 III 7, 107 Ib 160 ff. mit Hinweisen, 120 Ib 248; ZBJV 129, 1993, S. 277 zu BGE 119 III 1).</p><p type="paragraph_mark">b)</p><p type="plain_text">Will eine Partei aus überlanger Prozessdauer eine Haftpflicht des Kantons Thurgau geltend machen, kann sie sich nur auf das Verantwortlichkeitsgesetz berufen, indem sie beim Verwaltungsgericht gegen den Staat klagt (§ 12 VerantwG), der aber nach den Bestimmungen von §§ 4 und 5 VerantwG nur beschränkt haftet. Diese Regelung ist zwar unbefriedigend, doch fehlen im geltenden Recht (noch) die gesetzlichen Grundlagen für eine praktikablere und insbesondere grosszügigere Lösung.</p><p type="plain_text">Freilich besteht nach der Praxis des Bundesgerichts im Sinne einer quasi übergesetzlichen Organisationshaftung eine Verantwortlichkeit des Gemeinwesens für Rechtsverzögerungen, auch ohne dass eine individuelle Amtspflicht verletzt wurde (BGE 119 III 1 und 107 III 7). Daraus kann indessen nicht der Schluss gezogen werden, eine Forderung auf Genugtuung oder Schadenersatz aus überlanger Prozessdauer könne durch die zuständige Aufsichtsbehörde im Rahmen eines Aufsichtsbeschwerdeverfahrens beurteilt werden: Wenn die geltende thurgauische Regelung nach Verantwortlichkeitsgesetz den Anforderungen von Art. 50 EMRK nicht zu genügen vermag - was nach Auffassung des Obergerichts ausgesprochen wahrscheinlich ist -, so ist nötigenfalls in direkter Anwendung der EMRK - innerhalb des kantonalen Rechts praeter legem - jene Lösung zu wählen, die der geltenden gesetzlichen Grundlage am nächsten kommt. Sind mithin die materiellen Bestimmungen des Verantwortlichkeitsgesetzes, insbesondere bezüglich der Voraussetzungen eines allfälligen Haftungsanspruchs, der EMRK anzupassen, vermag dies nichts an der grundsätzlichen Zuständigkeit des Verwaltungsgerichts aufgrund von § 12 Abs. 1 VerantwG zu ändern.</p><p type="paragraph_mark">c)</p><p type="plain_text">Auf den Antrag der Beschwerdeführerin, es seien ihr Schadenersatz und Genugtuung zuzusprechen, kann in diesem Verfahren folglich nicht eingetreten werden.</p><p type="plain_text">Obergericht, 30. April 1996, JU 94 8</p></body></text>