<?xml version='1.0' encoding='UTF-8'?>
<text author="" date="2020-02-19" decade="2020" description="Deposito e dichiarazione di esecutività di un lodo arbitrale" file="TI_TRAC_001_11-2019-123_2020-02-19.html" id="TI_TRAC_001_11-2019-123_2020-02-19" language="it" page="" source="https://entscheidsuche.ch" subtopics="" title="Tessin Tribunale di appello diritto civile La prima Camera civile 19.02.2020 11.2019.123" topics="Tessin Tribunale di appello diritto civile La prima Camera civil" type="TI_TRAC_001" url="http://www.sentenze.ti.ch/cgi-bin/nph-omniscgi?OmnisPlatform=WINDOWS&amp;WebServerUrl=www.sentenze.ti.ch&amp;WebServerScript=/cgi-bin/nph-omniscgi&amp;OmnisLibrary=JURISWEB&amp;OmnisClass=rtFindinfoWebHtmlService&amp;OmnisServer=JURISWEB,193.246.182.54:6000&amp;Parametername=WWWTI&amp;Schema=TI_WEB&amp;Source=&amp;Aufruf=getMarkupDocument&amp;cSprache=ITA&amp;nF30_KEY=129170&amp;nX40_KEY=2807482&amp;nTrefferzeile=59&amp;Template=results/document_ita.fiw" year="2020"><body><p type="plain_text">Incarto n.11.2019.123</p><p type="plain_text">Lugano</p><p type="plain_text">19 febbraio 2020/jh</p><p type="plain_text">In nomedella Repubblica e CantoneTicino</p><p type="plain_text">La prima Camera civile del Tribunale d'appello</p><p type="plain_text">composta dei giudici:</p><p type="paragraph_mark">G.</p><p type="plain_text">A. Bernasconi, presidente,</p><p type="plain_text">Giani e Grisanti</p><p type="plain_text">vicecancelliera:</p><p type="plain_text">Fiscalini</p><p type="plain_text">sedente per statuire sull'istanza dell'11 novembre 2019presentata dall'arbitro unico</p><p type="paragraph_mark">avv.</p><p type="plain_text">dott.AR 1</p><p type="plain_text">per ottenere il deposito e l'attestazione di esecutività di un lodo da lui emanato l'11 novembre 2019 nella procedura promossa da</p><p type="plain_text">PI 1</p><p type="plain_text">contro</p><p type="plain_text">PI 2 e PI 3</p><p type="plain_text">(patrocinati dall'avv. PA 1 )</p><p type="plain_text">PI 4</p><p type="plain_text">PI 5</p><p type="plain_text">PI 7</p><p type="plain_text">(rappresentata dalla RA 2 ) e</p><p type="plain_text">Stato del Cantone TICINO</p><p type="plain_text">(rappresentato dal Consiglio di Stato),</p><p type="plain_text">premesso che nell'ambito di un procedimento arbitrale avviato da PI 1 contro PI 2 e PI 3, PI 4, PI 5, la PI 7 e lo PI 6 riguardan-te una modifica del regolamento per l'amministrazione e l'uso della proprietà per piani “Condominio __________”, situata sulla particella n. 842 RFD di __________ in materia di assegnazione di posteggi, il 25 ottobre 2019 l'arbitro unico avv. dott. AR 1 ha emanato un lodo, poi rettificato l'11 novembre successivo;</p><p type="plain_text">preso atto che l'11 novembre 2019 l'arbitro ha chiesto a questa Camera di depositare il lodo in tribunale e di attestarne l'esecutività, come risulta dal dispositivo n. 2 del lodo medesimo;</p><p type="plain_text">rilevato che, invitati a esprimersi, PI 2 e PI 3, PI 4, PI 5, la PI 7 e lo Stato del Cantone Ticino non hanno reagito;</p><p type="plain_text">osservato che a norma dell'art. 386 cpv. 2 CPC ogni parte può depositare un esemplare del lodo presso il tribunale statale competente (nel senso dell'art. 356 cpv. 1 CPC) e il tribunale può, su richiesta, rilasciare un'attestazione di esecutività (art. 386 cpv. 3 CPC);</p><p type="plain_text">ritenuto che il deposito di un lodo in materia di diritti reali compete alla prima Camera civile come istanza unica cantonale (art. 48 lett. a n. 12 LOG);</p><p type="plain_text">accertato che l’arbitro ha regolarmente notificato il lodo alle parti l'11 novembre 2019, come risulta dai tracciamenti degli invii agli atti;</p><p type="plain_text">constatato che il Tribunale federale, su richiesta di questa Camera, ha confermato il 13 febbraio 2020 di non avere registrato alcun ricorso contro il lodo;</p><p type="plain_text">stabilito che nel caso in esame le condizioni per autorizzare il deposito del lodo e per rilasciare la dichiarazione di esecutività so­no adempiute;</p><p type="plain_text">posto che le spese del deposito e dell'attestazione di esecutività sono a carico dell'istante;</p><p type="plain_text">dichiara:1. Il lodo emanato dall'arbitro avv. dott. AR 1 nella procedura promossa da PI 1 contro PI 2 e PI 3, PI 4, PI 5, la PI 7 e lo Sta­to del Cantone Ticino è depositato presso il Tribunale d'appel­lo.</p><p type="paragraph_mark">2.</p><p type="plain_text">Il lodo emanato dall'arbitro avv. dott. AR 1 nella procedura promossa da PI 1 contro PI 2 e PI 3, PI 4, PI 5, la PI 7 e lo Stato del Cantone Ticino è esecutivo.</p><p type="paragraph_mark">3.</p><p type="plain_text">Le spese di complessivi fr. 500.– sono poste a carico dell'istante.</p><p type="paragraph_mark">4.</p><p type="plain_text">Notificazione a:</p><p type="plain_text">– avv. dott. ;</p><p type="plain_text">– ;</p><p type="plain_text">– avv. ;</p><p type="plain_text">– ;</p><p type="plain_text">– ;</p><p type="plain_text">– ;</p><p type="plain_text">– Consiglio di Stato del Cantone Ticino, Bellinzona.</p><p type="plain_text">Per la prima Camera civile del Tribunale d'appello</p><p type="plain_text">Il presidente La vicecancelliera</p><p type="plain_text">Rimedi giuridici</p><p type="plain_text">Nelle cause senza carattere pecuniario il ricorso in materia civile al Tribunale federale, 1000 Losanna 14, è ammissibile contro le decisioni finali, parziali, pregiudiziali e incidentali previste dagli art. 90 a 93 LTF per i motivi enunciati dagli art. 95 a 98 LTF entro 30 giorni dalla notificazione della decisione impugnata. Nelle cause aventi carattere pecuniario invece il ricorso in materia civile è am­missi­bile soltanto se il valore litigioso ammonta ad almeno 30000 franchi; quando il valore litigioso non raggiunge tale somma, il ricorso in materia civile è ammissibile se la controversia concerne una questione di diritto di importanza fondamentale (art. 74 LTF). Laddove non sia ammissibile il ricorso in materia civile è dato, entro lo stessotermine, il ricorso sussidiario in materia costituzionale al Tribunale federale per i motivi previsti dall'art. 116LTF (art. 113 LTF). Il termine di ricorso al Tribunale federale è sospeso durante le ferie giudiziarie, ma non nei procedimenti concernenti l'effetto sospensivo né altre misure provvisionali (art. 46 cpv. 2 LTF).</p></body></text>