<?xml version='1.0' encoding='UTF-8'?>
<text author="" date="2006-01-27" decade="2000" description="c/Service de la population (SPOP) | Annulation de la décision du SPOP refusant le renouvellement de l'autorisation de séjour d'une étudiante ukrainienne ayant obtenu un baccalauréat français au collège de Champittet et suivant un cours préparatoire à l'examen d'entrée à l'Université, après avoir tenté de fréquenter l'Ecole hôtelière de Lausanne. Compte tenu des circonstances, le changement d'orientation peut être admis. La recourante dispose des capacités pour accomplir des études universitaires en Suisse et le grief tiré de l'art. 32 f OLE n'est pas fondé.&#10;&#10;" file="VD_TC_031_PE-2005-0363_2006-01-27.html" id="VD_TC_031_PE-2005-0363_2006-01-27" language="fr" page="" source="https://entscheidsuche.ch" subtopics="" title="Vaud Tribunal cantonal Cour de droit administratif et public 27.01.2006 PE.2005.0363" topics="Waadtland  Cour de droit administratif et publi" type="VD_TC_031" url="http://www.jurisprudence.vd.ch/scripts/nph-omniscgi.exe?OmnisPlatform=WINDOWS&amp;WebServerUrl=www.jurisprudence.vd.ch&amp;WebServerScript=/scripts/nph-omniscgi.exe&amp;OmnisLibrary=JURISWEB&amp;OmnisClass=rtFindinfoWebHtmlService&amp;OmnisServer=7001&amp;Parametername=WWW_V4&amp;Schema=VD_TA_WEB&amp;Source=search.fiw&amp;Aufruf=getMarkupDocument&amp;cSprache=FRE&amp;nF30_KEY=154719&amp;W10_KEY=4256759&amp;nTrefferzeile=34&amp;Template=search/standard/results/document.fiw" year="2006"><body><p type="plain_text">CANTON DE VAUD</p><p type="plain_text">TRIBUNAL ADMINISTRATIF</p><p type="plain_text">Arrêt du 27 janvier 2006</p><p type="plain_text">Composition</p><p type="plain_text">M. P.-A. Berthoud, président; MM. Pascal Martin et Pierre Allenbach, assesseurs,</p><p type="plain_text">Recourante</p><p type="plain_text">X._____________, 1.***************, représentée par Me José CORET, avocat, av. Juste-Olivier 17, case postale 6839, 1002 Lausanne,</p><p type="plain_text">Autorité intimée</p><p type="plain_text">Service de la population (SPOP), à Lausanne.</p><p type="plain_text">Objet</p><p type="plain_text">Recours X._____________ c/ décision du Service de la population (SPOP) du 20 juin 2005 (VD 664381) refusant de renouveler son autorisation de séjour pour études dans le canton de Vaud.</p><p type="plain_text">Vu les faits suivants</p><p type="paragraph_mark">A.</p><p type="plain_text">X._____________, ressortissante ukrainienne, née le 23 mai 1986, est entrée en Suisse le 19 septembre 1999. Elle a bénéficié de différentes autorisations de séjour pour accomplir ses études secondaires au Collège Champittet, à Pully-Lausanne. Elle a obtenu le diplôme de baccalauréat français à la fin de l'année scolaire 2003-2004 sans avoir subi le moindre échec. Souhaitant poursuivre sa formation, l'intéressée s'est inscrite en septembre 2004 auprès de l'Ecole hôtelière de Lausanne (EHL). Le 2 décembre 2004, cette école l'a informée du refus de la Commission d'examen de sa demande d'admission. Une deuxième candidature a été écartée le 12 mai 2005. X._____________ s'est alors inscrite à l'Ecole Lémania, à Lausanne, pour y suivre un cours de préparation en vue de son immatriculation auprès de la Faculté des lettres de l'Université de Lausanne.</p><p type="paragraph_mark">B.</p><p type="plain_text">Le SPOP, selon décision du 20 juin 2005, a refusé de prolonger l'autorisation de séjour d'X._____________. Il a relevé en substance qu'elle ne possédait pas les connaissances nécessaires à l'accomplissement d'études académiques, qu'elle avait changé d'orientation, que la durée des études projetées prolongerait excessivement son séjour en Suisse et que la sortie de Suisse à l'issue de sa formation n'était pas suffisamment assurée.</p><p type="plain_text">C'est contre cette décision qu'X._____________ a recouru, par acte du 19 juillet 2005. Après avoir rappelé son cursus scolaire dans notre pays, elle a exposé que le choix de la Faculté des lettres s'inscrivait dans la suite logique de l'obtention de son baccalauréat littéraire, qu'elle devait obligatoirement suivre un cours de préparation à l'Université du fait qu'elle n'avait pas obtenu une mention à son baccalauréat, que ce cours s'achèverait en août 2006, qu'elle pourrait obtenir un "bachelor" en 2009, qu'elle ne serait alors âgée que de 23 ans et que toutes les conditions de l'art. 32 de l'ordonnance du Conseil fédéral du 6 octobre 1986 limitant le nombre des étrangers (OLE) étaient remplies.</p><p type="plain_text">L'effet suspensif a été accordé au recours le 27 juillet 2005, en ce sens que la recourante a été autorisée provisoirement à poursuivre son séjour et ses études dans le canton de Vaud jusqu'à ce que la procédure cantonale de recours soit achevée.</p><p type="paragraph_mark">C.</p><p type="plain_text">Le SPOP a produit ses déterminations au dossier le 20 septembre 2005. Il y a repris, en les développant, les motifs invoqués à l'appui de la décision litigieuse et a conclu au rejet du recours.</p><p type="plain_text">La recourante a encore versé au dossier, le 30 novembre 2005, deux attestations d'enseignants de l'Ecole Lémania faisant état de ses aptitudes à la poursuite de ses études et à la réussite de l'examen préalable d'entrée à l'Université.</p><p type="plain_text">Le Tribunal administratif a statué par voie de circulation.</p><p type="plain_text">Considérant en droit</p><p type="paragraph_mark">1.</p><p type="plain_text">a) Aux termes de l’art. 4 al. 1 de la Loi du 18 décembre 1989 sur la juridiction et la procédure administratives (ci-après : LJPA), le Tribunal administratif connaît en dernière instance cantonale de tous les recours contre les décisions administratives cantonales ou communales lorsque aucune autre autorité n’est expressément désignée par la loi pour en connaître. Il est ainsi compétent pour statuer sur les recours interjetés contre les décisions du Service de la population.</p><p type="plain_text">Déposé en temps utile, selon les formes prescrites par la loi, le recours est formellement recevable, de sorte qu’il y a lieu d’entrer en matière sur le fond.</p><p type="paragraph_mark">b)</p><p type="plain_text">En dehors des cas où une disposition légale prévoit expressément le contrôle de l’opportunité d’une décision, le Tribunal administratif n’exerce qu’un contrôle en légalité, c’est-à-dire examine si la décision entreprise est contraire à une disposition légale ou réglementaire expresse, ou relève d’un excès ou d’un abus du pouvoir d’appréciation (art. 36 litt. a et c LJPA). La loi sur le séjour et l’établissement des étrangers du 26 mars 1931 (LSEE) ne prévoyant aucune disposition étendant le pouvoir de contrôle de l’autorité de recours à l’inopportunité, ce grief ne saurait donc être examiné par le Tribunal de céans.</p><p type="plain_text">Il y a abus du pouvoir d’appréciation lorsqu’une autorité, usant des compétences qui lui sont dévolues par la loi, se laisse guider par des considérations non pertinentes ou étrangères au but des dispositions applicables, ou encore lorsqu’elle statue en violation des principes généraux du droit administratif que sont l’interdiction de l’arbitraire, l’égalité de traitement, la bonne foi et la proportionnalité.</p><p type="paragraph_mark">2.</p><p type="plain_text">Selon l’art. 1a LSEE, tout étranger a le droit de résider sur le territoire suisse s’il est au bénéfice d’une autorisation de séjour ou d’établissement ou si, selon la présente loi, il n’a pas besoin d’une telle autorisation. Selon l’art. 4 LSEE, l’autorité statue librement, dans le cadre des prescriptions légales et des traités avec l’étranger, sur l’octroi de l’autorisation de séjour. Pour les autorisations, les autorités doivent tenir compte des intérêts moraux et économiques du pays, ainsi que du degré de surpopulation étrangère (art. 16 LSEE). Ainsi, les ressortissants étrangers ne bénéficient d’aucun droit à l’obtention d’une autorisation de séjour, voire d’établissement, sous réserve des dispositions contraires résultant des traités internationaux et de la loi.</p><p type="paragraph_mark">3.</p><p type="plain_text">a)Aux termes de l'art. 32 OLE, des autorisations de séjour peuvent être accordées à des étudiants étrangers lorsque :</p><p type="paragraph_mark">a)</p><p type="plain_text">le requérant vient seul en suisse;</p><p type="paragraph_mark">b)</p><p type="plain_text">il veut fréquenter une université ou un autre institut d'enseignement supérieur;</p><p type="paragraph_mark">c)</p><p type="plain_text">le programme des études est fixé;</p><p type="paragraph_mark">d)</p><p type="plain_text">la direction de l'établissement atteste par écrit que le requérant est apte à fréquenter l'école et qu'il dispose de connaissances linguistiques suffisantes pour suivre l'enseignement;</p><p type="paragraph_mark">e)</p><p type="plain_text">le requérant prouve qu'il dispose des moyens financiers nécessaires et</p><p type="paragraph_mark">f)</p><p type="plain_text">la sortie de Suisse à la fin du séjour d'études paraît assurée.</p><p type="plain_text">Ces conditions sont cumulatives; en vertu de l'art. 4 LSEE, le fait d'en réunir la totalité ne justifie pas encore le droit à l'octroi d'une autorisation (ATF 106 I b 127).</p><p type="paragraph_mark">b)</p><p type="plain_text">En l'espèce, le SPOP a fondé sa décision de non renouvellement de l'autorisation de séjour de la recourante sur les lettres c), d) et f) de l'art. 32 OLE.</p><p type="plain_text">Pour ce qui est du programme des études, il convient de relever que la recourante a songé dans un premier temps à fréquenter l'EHL. Les motifs du refus de cette école d'admettre la recourante ne ressortent pas clairement des lettres des 2 décembre 2004 et 12 mai 2005. L'EHL laisse entendre qu'elle a dû opérer un choix parmi de nombreuses candidatures et que celle de la recourante n'a pas été retenue. L'examen d'entrée aurait ainsi constitué une sorte de concours. L'EHL n'indique pas que la recourante aurait démérité. Dans ces conditions, il était logique que la recourante opte pour une autre orientation. Compte tenu des circonstances, ce changement d'orientation peut être admis. D'une part, la recourante est encore jeune et elle n'a pas subi le moindre échec au cours de ses études secondaires. D'autre part, son choix d'accomplir des études universitaires ne résulte pas d'un coup de tête ou de son incapacité à décider de la voie à suivre. Il résulte d'une tentative malheureuse auprès de l'EHL pour laquelle elle avait mis tous ses atouts de son côté.</p><p type="plain_text">S'agissant des capacités de la recourante à entreprendre des études universitaires, on peut observer que deux de ses enseignants actuels attestent de ses capacités. En outre, trois professeurs du collège Champittet, qui ne tarissent pas d'éloges sur son engagement pendant ses études et sur sa personnalité équilibrée, se sont déclarés persuadés de ses possibilités intellectuelles d'accomplir des études universitaires. On ne saurait donc voir, comme le fait l'autorité intimée, une incapacité à suivre un parcours académique en raison du refus de l'EHL. En outre, la nécessité de suivre un cours préparatoire à l'entrée à l'Université résulte du seul fait que la recourante n'a pas obtenu de mention lors de son baccalauréat. Cette absence de mention doit être relativisée du fait que la recourante a dû, dès l'âge de treize ans, s'adapter à un nouveau mode de vie et à un enseignement dispensé dans une langue dont elle a dû faire l'apprentissage.</p><p type="plain_text">Enfin, le grief du SPOP lié à l'incertitude quant à la sortie de Suisse de la recourante à l'issue de sa formation ne trouve aucun fondement objectif, hormis l'attrait de la Suisse et la longueur du séjour de la recourante dans notre pays. S’il accepte de délivrer les autorisations de séjour pour études à des ressortissants étrangers âgés de treize ans, le SPOP doit s'attendre à ce que ceux-ci poursuivent leurs études au-delà de l'obtention de leur baccalauréat. La durée total de leur séjour en Suisse sera forcément relativement longue et il est paradoxal de leur opposer la disposition de l'art. 32 let. f OLE.</p><p type="plain_text">La recourante a fait preuve jusqu'ici de sérieux dans ses études. Compte tenu de son âge et des excellents renseignements recueillis à son sujet, il se justifie de lui donner une chance d'accéder aux études universitaires auxquelles elle aspire. Elle doit en conséquence être autorisée à poursuivre le cours préparatoire qu'elle suit actuellement et, en cas de réussite, à suivre les cours de la Faculté des lettres de l'Université de Lausanne.</p><p type="paragraph_mark">4.</p><p type="plain_text">Il ressort des considérants qui précèdent que le recours doit être admis et la décision entreprise annulée.</p><p type="plain_text">Vu le sort du recours, le présent arrêt sera rendu sans frais. Assistée par un mandataire professionnel, la recourante a droit à des dépens.</p><p type="plain_text">Par ces motifs le Tribunal administratif arrête:</p><p type="paragraph_mark">I.</p><p type="plain_text">Le recours est admis.</p><p type="paragraph_mark">II.</p><p type="plain_text">La décision du SPOP du 20 juin 2005 est annulée.</p><p type="paragraph_mark">III.</p><p type="plain_text">Le SPOP délivrera à la recourante une autorisation de séjour lui permettant de suivre auprès de l'Ecole Lémania à Lausanne le cours préparatoire à l'examen d'entrée à l'Université de Lausanne.</p><p type="paragraph_mark">IV.</p><p type="plain_text">Le présent arrêt est rendu sans frais, l'avance de frais effectuée par la recourante, par 500 francs, lui étant restituée.</p><p type="paragraph_mark">V.</p><p type="plain_text">La recourante a droit à une indemnité de 800 (huit cents) francs à titre de dépens, à la charge du SPOP.</p><p type="plain_text">Lausanne, le 27 janvier 2006</p><p type="plain_text">Le président:</p><p type="plain_text">Le présent arrêt est communiqué aux destinataires de l'avis d'envoi ci-joint</p></body></text>