<?xml version='1.0' encoding='UTF-8'?>
<text id="ZH_OG_001_LE130073_2014-01-10" author="" title="Zürich Obergericht Zivilkammern 10.01.2014 LE130073" source="https://entscheidsuche.ch" page="1–6" topics="Zürich Obergericht Zivilkammer" subtopics="" language="de" date="2014-01-10" description="Eheschutz (Unterhalt)" type="ZH_OG_001" file="ZH_OG_001_LE130073_2014-01-10.pdf" year="2014" decade="2010">
  <body>
    <p type="plain_text">Obergericht des Kantons Zürich</p>
    <p type="plain_text">I. Zivilkammer</p>
    <p type="plain_text">G</p>
    <p type="plain_text">eschäfts-Nr.: LE130073-O/U.doc</p>
    <p type="plain_text">Mitwirkend: Oberrichterin Dr. L. Hunziker Schnider, Vorsitzende, Oberrichter</p>
    <p type="plain_text">Dr. R. Klopfer und Oberrichter lic. iur. M. Spahn sowie Gerichts-</p>
    <p type="plain_text">schreiberin lic. iur. K. Montani Schmidt</p>
    <p type="plain_text">Beschluss vom 10. Januar 2014</p>
    <p type="plain_text">in Sachen</p>
    <p type="plain_text">A</p>
    <p type="plain_text">._____,</p>
    <p type="plain_text">Klägerin und Berufungsklägerin</p>
    <p type="plain_text">v</p>
    <p type="plain_text">ertreten durch Rechtsanwältin lic. iur. X._____</p>
    <p type="plain_text">gegen</p>
    <p type="plain_text">B</p>
    <p type="plain_text">._____,</p>
    <p type="plain_text">Beklagter und Berufungsbeklagter</p>
    <p type="plain_text">v</p>
    <p type="plain_text">ertreten durch Rechtsanwalt lic. iur. Y._____</p>
    <p type="plain_text">b</p>
    <p type="plain_text">etreffend Eheschutz (Unterhalt)</p>
    <p type="plain_text">B</p>
    <p type="plain_text">erufung gegen ein Urteil des Einzelgerichts am Bezirksgericht Bülach vom</p>
    <p type="plain_text">26. November 2013 (EE130092-C)</p>
    <p type="plain_text">__________________________________</p>
    <p type="plain_text">Erwägungen:</p>
    <p type="paragraph_mark">1.1</p>
    <p type="plain_text">Mit Urteil vom 26. November 2013 entschied die Vorinstanz in Bezug auf den Unterhalt für die Klägerin und Berufungsklägerin (fortan Klägerin) persönlich wie folgt (Urk. 27 S. 22):</p>
    <p type="plain_text">3.-8.</p>
    <p type="plain_text">[…].&amp;quot;</p>
    <p type="paragraph_mark">1.2</p>
    <p type="plain_text">Mit Eingabe vom 6. Dezember 2013 (Datum Poststempel) erhob die Klägerin innert Frist Berufung mit folgenden Anträgen (Urk. 26 S. 3):</p>
    <p type="paragraph_mark">1.3</p>
    <p type="plain_text">Mit Schreiben vom 27. November 2013 hatte die Klägerin vor Vorinstanz ein Begehren um Berichtigung von Dispositivziffer 2 des Urteils vom 26. November 2013 gestellt und gleichzeitig mit Blick auf die kurze Rechtsmittelfrist um entsprechende Mitteilung bis zum 2. Dezember 2013 ersucht (Urk. 23). Mit Urteil der Vorinstanz vom 2. Dezember 2013 wurde Dispositivzif</p>
    <p type="paragraph_mark">2.</p>
    <p type="plain_text">fer 2 des Urteils vom 26. November 2013 entsprechend dem Begehren der Klägerin berichtigt und der Beklagte verpflichtet, der Klägerin für sie persönlich ab dem 1. Mai 2013 für die Dauer des Getrenntlebens Unterhaltsbeiträge von Fr. 1&amp;#x27;031.– monatlich zu bezahlen, zahlbar im Voraus, jeweils auf den ersten eines jeden Monats (Urk. 24 S. 2 f.). Dieser Entscheid blieb seitens des Beklagten und Berufungsbeklagten (fortan Beklagter) unangefochten. Damit ist die vorliegende Berufung gegenstandslos und das Verfahren abzuschreiben (Art. 242 ZPO).</p>
    <p type="paragraph_mark">3.1</p>
    <p type="plain_text">Die Prozesskosten sind der unterliegenden Partei aufzuerlegen (Art. 106 Abs. 1 ZPO). Das Gericht kann von den Verteilungsgrundsätzen abweichen und die Prozesskosten nach Ermessen verteilen, wenn das Verfahren als gegenstandslos abgeschrieben wird und das Gesetz nichts anderes vorsieht (Art. 107 Abs. 1 lit. e ZPO). Vorliegend rechtfertigt es sich, für das vorliegende Berufungsverfahren keine Kosten zu erheben: Die Klägerin hat sich umgehend nach Erhalt des erstinstanzlichen Entscheides (Verfügung und Urteil vom 26. November 2013) am 27. November 2013 telefonisch und schriftlich an die Vorinstanz gewandt und ein Begehren um Berichtigung gestellt. Sodann hat sie die Vorinstanz auf die kurze Rechtsmittelfrist und die damit zusammenhängende Problematik hingewiesen (Urk. 23). Zwar datiert der Berichtigungsentscheid der Vorinstanz vom 2. Dezember 2013, indes wurde dieser erst am Freitag, den 6. Dezember 2013 der Schweizerischen Post zu Handen der klägerischen Rechtsvertreterin übergeben (Urk. 24; Urk. 25). Damit aber blieb der klägerischen Rechtsvertreterin in Nachachtung ihrer anwaltlichen Sorgfaltspflicht keine andere Möglichkeit, als die vorliegende Berufung zu erheben, da bei einer Abweisung des Gesuchs um Berichtigung die Rechtsmittelfrist zur Anfechtung von Dispositivziffer 2 des Urteils vom 26. November 2013 nicht neu zu laufen beginnt. Demgemäss hat sie die Kosten des Berufungsverfahrens nicht unnötig verursacht, zumal sie die Berufungsschrift auch erst am 6. Dezember 2013 einreichte. Entsprechend sind in Anwendung von Art. 107 Abs. 1 lit. e und Abs. 2 ZPO keine Kosten zu erheben.</p>
    <p type="paragraph_mark">3.2</p>
    <p type="plain_text">Die Schweizerische Zivilprozessordnung bietet hingegen keine Grundlage dafür, einen Kanton zur Tragung einer Parteientschädigung zu verpflichten. Der Kanton Zürich hat sich eine solche Pflicht auch nicht gemäss Art. 116 Abs. 1 ZPO auferlegt (Urwyler in: DIKE-Komm-ZPO, Zürich/St. Gallen 2011, Art. 107 N 12). Damit ist der Klägerin vorliegend keine Parteientschädigung zuzusprechen. Dem Beklagten ist mangels relevanter Umtriebe im Berufungsverfahren ebenso keine Parteientschädigung zuzusprechen.</p>
    <p type="paragraph_mark">3.3</p>
    <p type="plain_text">Die Klägerin ersuchte für das Berufungsverfahren um Gewährung der unentgeltlichen Rechtspflege (Urk. 26 S. 3). Mit Verfügung vom 26. November 2013 hat die Vorinstanz der Klägerin die unentgeltliche Rechtspflege gewährt und ihr eine unentgeltliche Rechtsbeiständin bestellt (Urk. 27 S. 21, Dispositivziffer 1 und 2 der Verfügung). Das Gesuch um Gewährung der unentgeltlichen Prozessführung (Art. 117 ZPO in Verbindung mit Art. 118 Abs. 1 lit. b ZPO) ist infolge dessen, dass für das Berufungsverfahren keine Kosten zu erheben sind, als gegenstandslos abzuschreiben. Zu prüfen bleibt, ob der Klägerin eine unentgeltliche Rechtsvertreterin auch für das Berufungsverfahren zu bestellen ist.</p>
    <p type="paragraph_mark">3.4</p>
    <p type="plain_text">In finanzieller Hinsicht ist davon auszugehen, dass sich die diesbezüglichen Verhältnisse der Klägerin seit dem 26. November 2013 nicht verbessert haben. Mit Blick auf die von der Vorinstanz vorgenommene Berichtigung kann sodann nicht gesagt werden, dass die vorliegende Berufung von vornherein aussichtslos gewesen wäre. Ebenso wenig kann gesagt werden, die Berufung sei unnötigerweise erhoben worden und es wäre der Klägerin zuzumuten gewesen, den vorinstanzlichen Berichtigungsentscheid vorab abzuwarten, nachdem dieser ihr ohne ihr Zutun erst am 9. Dezember 2013 und damit am Tag des Fristablaufs zugestellt werden konnte (Urk. 25). Damit ist der Klägerin die unentgeltliche Rechtspflege im Sinne von Art. 117 ZPO in Verbindung mit Art. 118 Abs. 1 lit. c ZPO unter Hinweis auf die Nachzahlungspflicht gemäss Art. 123 Abs. 1 ZPO auch für das Berufungsverfahren zu gewähren; es ist ihr in der Person von Rechtsanwältin lic. iur. X._____ eine unentgeltliche Rechtsvertreterin für das Berufungsverfahren zu bestellen.</p>
    <p type="paragraph_mark">3.5</p>
    <p type="plain_text">Mit Schreiben vom 10. Dezember 2013 reichte die klägerische Rechtsvertreterin ihre Honorarnote ein, mit welcher sie ein Honorar von Fr. 1&amp;#x27;402.– (inkl. Barauslagen von Fr. 58.–) zuzüglich 8% MwSt. von Fr. 112.15 und damit total Fr. 1&amp;#x27;514.15 geltend macht (Urk. 33B). Diese Honorarnote gibt zu keinen weiteren Bemerkungen Anlass, weshalb die klägerische Rechtsvertreterin in Anwendung von § 13 Abs. 1 und 2 AnwGebV in Verbindung mit § 1 Abs. 2, § 2, § 5 Abs. 1 und § 9 AnwGebV in diesem Umfang vom Kanton zu entschädigen ist (Art. 122 Abs. 2 ZPO). Es wird beschlossen:</p>
    <p type="paragraph_mark">1.</p>
    <p type="plain_text">Das Gesuch der Klägerin um Gewährung der unentgeltlichen Prozessführung für das Berufungsverfahren wird abgeschrieben.</p>
    <p type="paragraph_mark">2.</p>
    <p type="plain_text">Der Klägerin wird für das Berufungsverfahren in der Person von Rechtsanwältin lic. iur. X._____ eine unentgeltliche Rechtsvertreterin bestellt.</p>
    <p type="paragraph_mark">3.</p>
    <p type="plain_text">Das Berufungsverfahren wird abgeschrieben.</p>
    <p type="paragraph_mark">4.</p>
    <p type="plain_text">Es werden keine Kosten erhoben.</p>
    <p type="paragraph_mark">5.</p>
    <p type="plain_text">Es werden keine Parteientschädigungen zugesprochen.</p>
    <p type="paragraph_mark">6.</p>
    <p type="plain_text">Rechtsanwältin lic. iur. X._____ wird für ihre Bemühungen und Barauslagen als unentgeltliche Rechtsvertreterin der Klägerin im Berufungsverfahren mit total Fr. 1&amp;#x27;514.15 (inkl. 8 % MwSt.) aus der Gerichtskasse entschädigt. Die Nachzahlungspflicht gemäss Art. 123 Abs. 1 ZPO bleibt vorbehalten.</p>
    <p type="paragraph_mark">7.</p>
    <p type="plain_text">Schriftliche Mitteilung an die Parteien, an den Beklagten unter Beilage je eines Doppels von Urk. 26, Urk. 28-29/2-3 und einer Kopie der Urk. 31B, an die Klägerin unter Beilage einer Kopie von Urk. 33B sowie an das Einzelgericht am Bezirksgericht Bülach, je gegen Empfangsschein. Die erstinstanzlichen Akten gehen nach unbenütztem Ablauf der Rechtsmittelfrist an die Vorinstanz zurück.</p>
    <p type="paragraph_mark">8.</p>
    <p type="plain_text">Eine Beschwerde gegen diesen Entscheid an das Bundesgericht ist innert 30 Tagen von der Zustellung an beim Schweizerischen Bundesgericht, 1000 Lausanne 14, einzureichen. Zulässigkeit und Form einer solchen Beschwerde richten sich nach Art. 72 ff. (Beschwerde in Zivilsachen) oder Art. 113 ff. (subsidiäre Verfassungsbeschwerde) in Verbindung mit Art. 42 des Bundesgesetzes über das Bundesgericht (BGG). Dies ist ein Endentscheid im Sinne von Art. 90 BGG. Es handelt sich um eine vermögensrechtliche Angelegenheit. Der Streitwert übersteigt Fr. 30&amp;#x27;000.–. Die Beschwerde an das Bundesgericht hat keine aufschiebende Wirkung. Hinsichtlich des Fristenlaufs gelten die Art. 44 ff. BGG. Z ürich, 10. Januar 2014 Obergericht des Kantons Zürich I. Zivilkammer Die Gerichtsschreiberin: lic. iur. K. Montani Schmidt v ersandt am: mc</p>
  </body>
  <body_footnote />
</text>